filename,path,size,category
20260730_233046.heic,/storage/emulated/0/DCIM/Camera/20260730_233046.heic,577848,CAMERA
20260723_190845.heic,/storage/emulated/0/DCIM/Camera/20260723_190845.heic,682957,CAMERA
20260719_002233.heic,/storage/emulated/0/DCIM/Camera/20260719_002233.heic,2979867,CAMERA
20260718_213136.heic,/storage/emulated/0/DCIM/Camera/20260718_213136.heic,2238570,CAMERA
20260716_091010.heic,/storage/emulated/0/DCIM/Camera/20260716_091010.heic,1907775,CAMERA
20260716_080901.heic,/storage/emulated/0/DCIM/Camera/20260716_080901.heic,1609792,CAMERA
20260716_080223.heic,/storage/emulated/0/DCIM/Camera/20260716_080223.heic,431679,CAMERA
20260716_080152.heic,/storage/emulated/0/DCIM/Camera/20260716_080152.heic,2490225,CAMERA
20260716_080147.heic,/storage/emulated/0/DCIM/Camera/20260716_080147.heic,1295358,CAMERA
20260716_080141.heic,/storage/emulated/0/DCIM/Camera/20260716_080141.heic,443243,CAMERA
20260716_080133.heic,/storage/emulated/0/DCIM/Camera/20260716_080133.heic,1340871,CAMERA
20260707_214516.heic,/storage/emulated/0/DCIM/Camera/20260707_214516.heic,627222,CAMERA
20260707_003154.heic,/storage/emulated/0/DCIM/Camera/20260707_003154.heic,2989255,CAMERA
20260707_003148.heic,/storage/emulated/0/DCIM/Camera/20260707_003148.heic,2822359,CAMERA
20260707_003142.heic,/storage/emulated/0/DCIM/Camera/20260707_003142.heic,2782586,CAMERA
20260704_200449.heic,/storage/emulated/0/DCIM/Camera/20260704_200449.heic,1643995,CAMERA
20260704_200446.heic,/storage/emulated/0/DCIM/Camera/20260704_200446.heic,1546977,CAMERA
20260704_200332.mp4,/storage/emulated/0/DCIM/Camera/20260704_200332.mp4,29963276,CAMERA
20260702_202616.heic,/storage/emulated/0/DCIM/Camera/20260702_202616.heic,629927,CAMERA
20260629_142319.heic,/storage/emulated/0/DCIM/Camera/20260629_142319.heic,1762206,CAMERA
20260629_124619.heic,/storage/emulated/0/DCIM/Camera/20260629_124619.heic,1593182,CAMERA
20260629_113722.heic,/storage/emulated/0/DCIM/Camera/20260629_113722.heic,1849279,CAMERA
20260629_113705.heic,/storage/emulated/0/DCIM/Camera/20260629_113705.heic,1390651,CAMERA
20260620_224217.heic,/storage/emulated/0/DCIM/Camera/20260620_224217.heic,1436511,CAMERA
20260620_224209.heic,/storage/emulated/0/DCIM/Camera/20260620_224209.heic,2877589,CAMERA
20260620_224202.heic,/storage/emulated/0/DCIM/Camera/20260620_224202.heic,2613418,CAMERA
20260620_224156.heic,/storage/emulated/0/DCIM/Camera/20260620_224156.heic,2466663,CAMERA
20260620_224152.heic,/storage/emulated/0/DCIM/Camera/20260620_224152.heic,2409070,CAMERA
20260616_211639.heic,/storage/emulated/0/DCIM/Camera/20260616_211639.heic,1578032,CAMERA
20260609_185220.heic,/storage/emulated/0/DCIM/Camera/20260609_185220.heic,1780601,CAMERA
20260531_203744.heic,/storage/emulated/0/DCIM/Camera/20260531_203744.heic,1105151,CAMERA
20260531_203145.heic,/storage/emulated/0/DCIM/Camera/20260531_203145.heic,672930,CAMERA
20260531_203143.heic,/storage/emulated/0/DCIM/Camera/20260531_203143.heic,376831,CAMERA
20260526_235518.jpg,/storage/emulated/0/DCIM/Camera/20260526_235518.jpg,2024545,CAMERA
20260509_001055.jpg,/storage/emulated/0/DCIM/Camera/20260509_001055.jpg,4624700,CAMERA
20260509_001042.jpg,/storage/emulated/0/DCIM/Camera/20260509_001042.jpg,4245529,CAMERA
20260508_213917.jpg,/storage/emulated/0/DCIM/Camera/20260508_213917.jpg,4409376,CAMERA
20260508_213423.jpg,/storage/emulated/0/DCIM/Camera/20260508_213423.jpg,5666591,CAMERA
20260508_213417.jpg,/storage/emulated/0/DCIM/Camera/20260508_213417.jpg,4778535,CAMERA
20260508_213410.jpg,/storage/emulated/0/DCIM/Camera/20260508_213410.jpg,5602823,CAMERA
20260508_213406.jpg,/storage/emulated/0/DCIM/Camera/20260508_213406.jpg,4832758,CAMERA
20260508_213353.mp4,/storage/emulated/0/DCIM/Camera/20260508_213353.mp4,6018920,CAMERA
20260508_212505.jpg,/storage/emulated/0/DCIM/Camera/20260508_212505.jpg,4148262,CAMERA
20260506_205607.jpg,/storage/emulated/0/DCIM/Camera/20260506_205607.jpg,5401849,CAMERA
20260506_205604.jpg,/storage/emulated/0/DCIM/Camera/20260506_205604.jpg,5354465,CAMERA
20260506_205601.jpg,/storage/emulated/0/DCIM/Camera/20260506_205601.jpg,5532299,CAMERA
20260506_205557.jpg,/storage/emulated/0/DCIM/Camera/20260506_205557.jpg,4925059,CAMERA
20260506_205553.jpg,/storage/emulated/0/DCIM/Camera/20260506_205553.jpg,4140699,CAMERA
20260505_220958.jpg,/storage/emulated/0/DCIM/Camera/20260505_220958.jpg,1783018,CAMERA
20260501_105037.jpg,/storage/emulated/0/DCIM/Camera/20260501_105037.jpg,2725403,CAMERA
20260501_104942.jpg,/storage/emulated/0/DCIM/Camera/20260501_104942.jpg,2751860,CAMERA
20260423_175224.jpg,/storage/emulated/0/DCIM/Camera/20260423_175224.jpg,2844658,CAMERA
20260423_174214.jpg,/storage/emulated/0/DCIM/Camera/20260423_174214.jpg,2699032,CAMERA
20260423_174212.jpg,/storage/emulated/0/DCIM/Camera/20260423_174212.jpg,2744259,CAMERA
20260423_174210.jpg,/storage/emulated/0/DCIM/Camera/20260423_174210.jpg,2780721,CAMERA
20260423_174204.jpg,/storage/emulated/0/DCIM/Camera/20260423_174204.jpg,2205998,CAMERA
20260423_174202.jpg,/storage/emulated/0/DCIM/Camera/20260423_174202.jpg,2637263,CAMERA
20260421_224446.jpg,/storage/emulated/0/DCIM/Camera/20260421_224446.jpg,3911401,CAMERA
20260420_084529.jpg,/storage/emulated/0/DCIM/Camera/20260420_084529.jpg,2563635,CAMERA
20260420_084520.jpg,/storage/emulated/0/DCIM/Camera/20260420_084520.jpg,2645501,CAMERA
20260414_144052.jpg,/storage/emulated/0/DCIM/Camera/20260414_144052.jpg,2249761,CAMERA
20260414_144044.jpg,/storage/emulated/0/DCIM/Camera/20260414_144044.jpg,2383899,CAMERA
20260414_144035.jpg,/storage/emulated/0/DCIM/Camera/20260414_144035.jpg,2503878,CAMERA
20260414_144024.jpg,/storage/emulated/0/DCIM/Camera/20260414_144024.jpg,2163919,CAMERA
20260414_144017.jpg,/storage/emulated/0/DCIM/Camera/20260414_144017.jpg,2569753,CAMERA
20260406_124618.jpg,/storage/emulated/0/DCIM/Camera/20260406_124618.jpg,1927854,CAMERA
20260406_124613.jpg,/storage/emulated/0/DCIM/Camera/20260406_124613.jpg,1983549,CAMERA
20260330_153920.jpg,/storage/emulated/0/DCIM/Camera/20260330_153920.jpg,2502761,CAMERA
20260330_153918.jpg,/storage/emulated/0/DCIM/Camera/20260330_153918.jpg,2455416,CAMERA
20260330_153909.jpg,/storage/emulated/0/DCIM/Camera/20260330_153909.jpg,2671786,CAMERA
20260330_143814.jpg,/storage/emulated/0/DCIM/Camera/20260330_143814.jpg,2421526,CAMERA
20260330_143808.jpg,/storage/emulated/0/DCIM/Camera/20260330_143808.jpg,2302525,CAMERA
20260330_132109.jpg,/storage/emulated/0/DCIM/Camera/20260330_132109.jpg,2926892,CAMERA
20260330_132107.jpg,/storage/emulated/0/DCIM/Camera/20260330_132107.jpg,2126887,CAMERA
20260330_132058.jpg,/storage/emulated/0/DCIM/Camera/20260330_132058.jpg,2364512,CAMERA
20260330_132057.jpg,/storage/emulated/0/DCIM/Camera/20260330_132057.jpg,3298463,CAMERA
20260330_132041.jpg,/storage/emulated/0/DCIM/Camera/20260330_132041.jpg,1241660,CAMERA
20260327_225445.jpg,/storage/emulated/0/DCIM/Camera/20260327_225445.jpg,4217221,CAMERA
20260326_132456.jpg,/storage/emulated/0/DCIM/Camera/20260326_132456.jpg,2870981,CAMERA
20260326_132447.jpg,/storage/emulated/0/DCIM/Camera/20260326_132447.jpg,2965264,CAMERA
20260326_132439.jpg,/storage/emulated/0/DCIM/Camera/20260326_132439.jpg,2973265,CAMERA
20260326_132433.jpg,/storage/emulated/0/DCIM/Camera/20260326_132433.jpg,3121166,CAMERA
20260326_132422.jpg,/storage/emulated/0/DCIM/Camera/20260326_132422.jpg,2848147,CAMERA
20260326_132413.jpg,/storage/emulated/0/DCIM/Camera/20260326_132413.jpg,3048311,CAMERA
20260326_132405.jpg,/storage/emulated/0/DCIM/Camera/20260326_132405.jpg,2930143,CAMERA
20260326_132359.jpg,/storage/emulated/0/DCIM/Camera/20260326_132359.jpg,2950193,CAMERA
20260326_132353.jpg,/storage/emulated/0/DCIM/Camera/20260326_132353.jpg,3122936,CAMERA
20260326_132348.jpg,/storage/emulated/0/DCIM/Camera/20260326_132348.jpg,3391693,CAMERA
20260326_132341.jpg,/storage/emulated/0/DCIM/Camera/20260326_132341.jpg,3053299,CAMERA
20260326_132334.jpg,/storage/emulated/0/DCIM/Camera/20260326_132334.jpg,3291416,CAMERA
20260326_132329.jpg,/storage/emulated/0/DCIM/Camera/20260326_132329.jpg,3154920,CAMERA
20260326_132323.jpg,/storage/emulated/0/DCIM/Camera/20260326_132323.jpg,3667514,CAMERA
20260326_132317.jpg,/storage/emulated/0/DCIM/Camera/20260326_132317.jpg,3414095,CAMERA
20260326_132306.jpg,/storage/emulated/0/DCIM/Camera/20260326_132306.jpg,3272954,CAMERA
20260326_132255.jpg,/storage/emulated/0/DCIM/Camera/20260326_132255.jpg,2904284,CAMERA
20260326_132247.jpg,/storage/emulated/0/DCIM/Camera/20260326_132247.jpg,2881002,CAMERA
20260323_204232.mp4,/storage/emulated/0/DCIM/Camera/20260323_204232.mp4,52136965,CAMERA
20260323_193435.jpg,/storage/emulated/0/DCIM/Camera/20260323_193435.jpg,2593012,CAMERA
20260323_193431.jpg,/storage/emulated/0/DCIM/Camera/20260323_193431.jpg,2586987,CAMERA
20260323_193416.jpg,/storage/emulated/0/DCIM/Camera/20260323_193416.jpg,4736987,CAMERA
20260323_193413.jpg,/storage/emulated/0/DCIM/Camera/20260323_193413.jpg,4699320,CAMERA
20260323_193411.jpg,/storage/emulated/0/DCIM/Camera/20260323_193411.jpg,4767381,CAMERA
20260323_193407.jpg,/storage/emulated/0/DCIM/Camera/20260323_193407.jpg,4498485,CAMERA
20260323_164441.jpg,/storage/emulated/0/DCIM/Camera/20260323_164441.jpg,3181992,CAMERA
20260323_164440.jpg,/storage/emulated/0/DCIM/Camera/20260323_164440.jpg,3744720,CAMERA
20260323_164439.jpg,/storage/emulated/0/DCIM/Camera/20260323_164439.jpg,3252016,CAMERA
20260321_143617.jpg,/storage/emulated/0/DCIM/Camera/20260321_143617.jpg,5282790,CAMERA
20260321_143615.jpg,/storage/emulated/0/DCIM/Camera/20260321_143615.jpg,5157254,CAMERA
20260321_134010.jpg,/storage/emulated/0/DCIM/Camera/20260321_134010.jpg,3450206,CAMERA
20260321_134006.jpg,/storage/emulated/0/DCIM/Camera/20260321_134006.jpg,3264843,CAMERA
20260321_133959.jpg,/storage/emulated/0/DCIM/Camera/20260321_133959.jpg,3358308,CAMERA
20260321_133954.jpg,/storage/emulated/0/DCIM/Camera/20260321_133954.jpg,3439705,CAMERA
20260321_133952.jpg,/storage/emulated/0/DCIM/Camera/20260321_133952.jpg,3446360,CAMERA
20260321_133950.jpg,/storage/emulated/0/DCIM/Camera/20260321_133950.jpg,2619577,CAMERA
20260321_133739.jpg,/storage/emulated/0/DCIM/Camera/20260321_133739.jpg,2905066,CAMERA
20260321_133221.jpg,/storage/emulated/0/DCIM/Camera/20260321_133221.jpg,3152175,CAMERA
20260321_132925.jpg,/storage/emulated/0/DCIM/Camera/20260321_132925.jpg,2960250,CAMERA
20260321_132924.jpg,/storage/emulated/0/DCIM/Camera/20260321_132924.jpg,2893201,CAMERA
20260321_132917.jpg,/storage/emulated/0/DCIM/Camera/20260321_132917.jpg,2887905,CAMERA
20260321_132912.jpg,/storage/emulated/0/DCIM/Camera/20260321_132912.jpg,1874710,CAMERA
20260321_132909.jpg,/storage/emulated/0/DCIM/Camera/20260321_132909.jpg,2604853,CAMERA
20260321_132904.jpg,/storage/emulated/0/DCIM/Camera/20260321_132904.jpg,3185668,CAMERA
20260321_131349.jpg,/storage/emulated/0/DCIM/Camera/20260321_131349.jpg,2775565,CAMERA
20260321_131347.jpg,/storage/emulated/0/DCIM/Camera/20260321_131347.jpg,3036631,CAMERA
20260321_131344.jpg,/storage/emulated/0/DCIM/Camera/20260321_131344.jpg,2947749,CAMERA
20260321_124657.jpg,/storage/emulated/0/DCIM/Camera/20260321_124657.jpg,5052872,CAMERA
20260321_124647.jpg,/storage/emulated/0/DCIM/Camera/20260321_124647.jpg,5282567,CAMERA
20260321_124645.jpg,/storage/emulated/0/DCIM/Camera/20260321_124645.jpg,5227770,CAMERA
20260321_124428.jpg,/storage/emulated/0/DCIM/Camera/20260321_124428.jpg,7812963,CAMERA
20260321_124424.jpg,/storage/emulated/0/DCIM/Camera/20260321_124424.jpg,3896044,CAMERA
20260321_124422.jpg,/storage/emulated/0/DCIM/Camera/20260321_124422.jpg,3522181,CAMERA
20260320_214110.jpg,/storage/emulated/0/DCIM/Camera/20260320_214110.jpg,3261565,CAMERA
20260320_214107.jpg,/storage/emulated/0/DCIM/Camera/20260320_214107.jpg,3017082,CAMERA
20260320_214058.jpg,/storage/emulated/0/DCIM/Camera/20260320_214058.jpg,3249511,CAMERA
20260320_214056.jpg,/storage/emulated/0/DCIM/Camera/20260320_214056.jpg,3001694,CAMERA
20260320_212242.jpg,/storage/emulated/0/DCIM/Camera/20260320_212242.jpg,1632184,CAMERA
20260320_200518.jpg,/storage/emulated/0/DCIM/Camera/20260320_200518.jpg,3169729,CAMERA
20260320_200249.jpg,/storage/emulated/0/DCIM/Camera/20260320_200249.jpg,3108054,CAMERA
20260320_200239.jpg,/storage/emulated/0/DCIM/Camera/20260320_200239.jpg,3567200,CAMERA
20260320_200114.jpg,/storage/emulated/0/DCIM/Camera/20260320_200114.jpg,3326722,CAMERA
20260320_200101.jpg,/storage/emulated/0/DCIM/Camera/20260320_200101.jpg,3479140,CAMERA
20260320_200049.jpg,/storage/emulated/0/DCIM/Camera/20260320_200049.jpg,2927289,CAMERA
20260320_200041.jpg,/storage/emulated/0/DCIM/Camera/20260320_200041.jpg,3011393,CAMERA
20260317_211110.jpg,/storage/emulated/0/DCIM/Camera/20260317_211110.jpg,3431826,CAMERA
20260317_211105.jpg,/storage/emulated/0/DCIM/Camera/20260317_211105.jpg,3760187,CAMERA
20260317_210820.jpg,/storage/emulated/0/DCIM/Camera/20260317_210820.jpg,3047011,CAMERA
20260317_210700.jpg,/storage/emulated/0/DCIM/Camera/20260317_210700.jpg,2992649,CAMERA
20260317_210658.jpg,/storage/emulated/0/DCIM/Camera/20260317_210658.jpg,3147416,CAMERA
20260317_210648.jpg,/storage/emulated/0/DCIM/Camera/20260317_210648.jpg,3393362,CAMERA
20260317_210644.jpg,/storage/emulated/0/DCIM/Camera/20260317_210644.jpg,3911984,CAMERA
20260317_130501.jpg,/storage/emulated/0/DCIM/Camera/20260317_130501.jpg,2458381,CAMERA
20260317_130437.jpg,/storage/emulated/0/DCIM/Camera/20260317_130437.jpg,4801837,CAMERA
20260317_130436.jpg,/storage/emulated/0/DCIM/Camera/20260317_130436.jpg,5829630,CAMERA
20260317_125913.jpg,/storage/emulated/0/DCIM/Camera/20260317_125913.jpg,4528281,CAMERA
20260317_125844.jpg,/storage/emulated/0/DCIM/Camera/20260317_125844.jpg,4539028,CAMERA
20260317_125840.jpg,/storage/emulated/0/DCIM/Camera/20260317_125840.jpg,4635138,CAMERA
20260317_125838.jpg,/storage/emulated/0/DCIM/Camera/20260317_125838.jpg,4638745,CAMERA
20260317_125837.jpg,/storage/emulated/0/DCIM/Camera/20260317_125837.jpg,4615933,CAMERA
20260317_125833.jpg,/storage/emulated/0/DCIM/Camera/20260317_125833.jpg,4629872,CAMERA
20260317_125823.jpg,/storage/emulated/0/DCIM/Camera/20260317_125823.jpg,5043551,CAMERA
20260317_125822.jpg,/storage/emulated/0/DCIM/Camera/20260317_125822.jpg,5975907,CAMERA
20260317_125719.mp4,/storage/emulated/0/DCIM/Camera/20260317_125719.mp4,32588753,CAMERA
20260316_031840.jpg,/storage/emulated/0/DCIM/Camera/20260316_031840.jpg,2961429,CAMERA
20251017_221305.jpg,/storage/emulated/0/DCIM/Camera/20251017_221305.jpg,3967579,CAMERA
20260314_150541.jpg,/storage/emulated/0/DCIM/Camera/20260314_150541.jpg,4473240,CAMERA
20260313_123426.jpg,/storage/emulated/0/DCIM/Camera/20260313_123426.jpg,7552470,CAMERA
20260313_123421.jpg,/storage/emulated/0/DCIM/Camera/20260313_123421.jpg,10052397,CAMERA
20260312_230905.jpg,/storage/emulated/0/DCIM/Camera/20260312_230905.jpg,8396502,CAMERA
20260312_214556.jpg,/storage/emulated/0/DCIM/Camera/20260312_214556.jpg,5040968,CAMERA
20260312_131400.jpg,/storage/emulated/0/DCIM/Camera/20260312_131400.jpg,4867056,CAMERA
20260307_103736.jpg,/storage/emulated/0/DCIM/Camera/20260307_103736.jpg,4000180,CAMERA
20260307_103733.jpg,/storage/emulated/0/DCIM/Camera/20260307_103733.jpg,4753110,CAMERA
20260305_115434.jpg,/storage/emulated/0/DCIM/Camera/20260305_115434.jpg,3183387,CAMERA
20260305_113611.jpg,/storage/emulated/0/DCIM/Camera/20260305_113611.jpg,3078418,CAMERA
20260224_124421.jpg,/storage/emulated/0/DCIM/Camera/20260224_124421.jpg,3535449,CAMERA
20260224_123524.jpg,/storage/emulated/0/DCIM/Camera/20260224_123524.jpg,2041263,CAMERA
20260224_123515.jpg,/storage/emulated/0/DCIM/Camera/20260224_123515.jpg,2044922,CAMERA
20260220_164016.jpg,/storage/emulated/0/DCIM/Camera/20260220_164016.jpg,2190747,CAMERA
20260219_122910.jpg,/storage/emulated/0/DCIM/Camera/20260219_122910.jpg,6235103,CAMERA
20260219_122657.jpg,/storage/emulated/0/DCIM/Camera/20260219_122657.jpg,2146503,CAMERA
20260219_122531.jpg,/storage/emulated/0/DCIM/Camera/20260219_122531.jpg,5448023,CAMERA
20260219_122504.jpg,/storage/emulated/0/DCIM/Camera/20260219_122504.jpg,5128049,CAMERA
20260219_122421.jpg,/storage/emulated/0/DCIM/Camera/20260219_122421.jpg,1612960,CAMERA
20260219_122414.jpg,/storage/emulated/0/DCIM/Camera/20260219_122414.jpg,1604473,CAMERA
20260219_122408.jpg,/storage/emulated/0/DCIM/Camera/20260219_122408.jpg,1913344,CAMERA
20260219_122403.jpg,/storage/emulated/0/DCIM/Camera/20260219_122403.jpg,1591434,CAMERA
20260219_122400.jpg,/storage/emulated/0/DCIM/Camera/20260219_122400.jpg,2036390,CAMERA
20260217_101633.jpg,/storage/emulated/0/DCIM/Camera/20260217_101633.jpg,6180741,CAMERA
20260217_101409.jpg,/storage/emulated/0/DCIM/Camera/20260217_101409.jpg,2162279,CAMERA
20260216_123849.jpg,/storage/emulated/0/DCIM/Camera/20260216_123849.jpg,4499478,CAMERA
20260216_123845.jpg,/storage/emulated/0/DCIM/Camera/20260216_123845.jpg,5499279,CAMERA
20260216_123843.jpg,/storage/emulated/0/DCIM/Camera/20260216_123843.jpg,6286365,CAMERA
20260216_123840.jpg,/storage/emulated/0/DCIM/Camera/20260216_123840.jpg,6369456,CAMERA
20260216_122540.jpg,/storage/emulated/0/DCIM/Camera/20260216_122540.jpg,4924254,CAMERA
20260216_122523.jpg,/storage/emulated/0/DCIM/Camera/20260216_122523.jpg,3205070,CAMERA
20260213_224608.jpg,/storage/emulated/0/DCIM/Camera/20260213_224608.jpg,4786589,CAMERA
20260213_224552.jpg,/storage/emulated/0/DCIM/Camera/20260213_224552.jpg,5038473,CAMERA
20260213_224540.jpg,/storage/emulated/0/DCIM/Camera/20260213_224540.jpg,5101249,CAMERA
20260213_224343.jpg,/storage/emulated/0/DCIM/Camera/20260213_224343.jpg,4749137,CAMERA
20260213_224322.jpg,/storage/emulated/0/DCIM/Camera/20260213_224322.jpg,4974456,CAMERA
20260213_224304.jpg,/storage/emulated/0/DCIM/Camera/20260213_224304.jpg,4750394,CAMERA
20260213_224302.jpg,/storage/emulated/0/DCIM/Camera/20260213_224302.jpg,4771687,CAMERA
20260212_190607.jpg,/storage/emulated/0/DCIM/Camera/20260212_190607.jpg,5218141,CAMERA
20260212_190552.jpg,/storage/emulated/0/DCIM/Camera/20260212_190552.jpg,4648720,CAMERA
20260212_190550.jpg,/storage/emulated/0/DCIM/Camera/20260212_190550.jpg,4618796,CAMERA
20260212_190548.jpg,/storage/emulated/0/DCIM/Camera/20260212_190548.jpg,4221644,CAMERA
20260212_190543.jpg,/storage/emulated/0/DCIM/Camera/20260212_190543.jpg,3991166,CAMERA
20260209_220936.jpg,/storage/emulated/0/DCIM/Camera/20260209_220936.jpg,4355248,CAMERA
20260209_212255.jpg,/storage/emulated/0/DCIM/Camera/20260209_212255.jpg,6603420,CAMERA
20260209_212244.jpg,/storage/emulated/0/DCIM/Camera/20260209_212244.jpg,5712975,CAMERA
20260209_205909.jpg,/storage/emulated/0/DCIM/Camera/20260209_205909.jpg,4534058,CAMERA
20260118_195137.jpg,/storage/emulated/0/DCIM/Camera/20260118_195137.jpg,1321729,CAMERA
20260118_195113.jpg,/storage/emulated/0/DCIM/Camera/20260118_195113.jpg,1228543,CAMERA
20260108_231755.jpg,/storage/emulated/0/DCIM/Camera/20260108_231755.jpg,2089921,CAMERA
20260106_132503.jpg,/storage/emulated/0/DCIM/Camera/20260106_132503.jpg,2275517,CAMERA
20260106_132457.jpg,/storage/emulated/0/DCIM/Camera/20260106_132457.jpg,2392619,CAMERA
20260106_132448.jpg,/storage/emulated/0/DCIM/Camera/20260106_132448.jpg,2349200,CAMERA
20260106_132440.jpg,/storage/emulated/0/DCIM/Camera/20260106_132440.jpg,2534161,CAMERA
20260106_132436.jpg,/storage/emulated/0/DCIM/Camera/20260106_132436.jpg,2178917,CAMERA
20260106_132428.jpg,/storage/emulated/0/DCIM/Camera/20260106_132428.jpg,2479093,CAMERA
20260105_072207.jpg,/storage/emulated/0/DCIM/Camera/20260105_072207.jpg,2259150,CAMERA
20260101_220308.jpg,/storage/emulated/0/DCIM/Camera/20260101_220308.jpg,1887625,CAMERA
20260101_220245.jpg,/storage/emulated/0/DCIM/Camera/20260101_220245.jpg,1866823,CAMERA
20251225_220758.jpg,/storage/emulated/0/DCIM/Camera/20251225_220758.jpg,2185288,CAMERA
20251225_220751.jpg,/storage/emulated/0/DCIM/Camera/20251225_220751.jpg,2222454,CAMERA
20251225_220732.jpg,/storage/emulated/0/DCIM/Camera/20251225_220732.jpg,2157089,CAMERA
20251225_220719.jpg,/storage/emulated/0/DCIM/Camera/20251225_220719.jpg,2284716,CAMERA
20251225_220714.jpg,/storage/emulated/0/DCIM/Camera/20251225_220714.jpg,2152601,CAMERA
20251225_182506.jpg,/storage/emulated/0/DCIM/Camera/20251225_182506.jpg,2255946,CAMERA
20251225_182503.jpg,/storage/emulated/0/DCIM/Camera/20251225_182503.jpg,2207047,CAMERA
20251223_145055.jpg,/storage/emulated/0/DCIM/Camera/20251223_145055.jpg,2201761,CAMERA
20251223_145051.jpg,/storage/emulated/0/DCIM/Camera/20251223_145051.jpg,2120519,CAMERA
20251223_145048.jpg,/storage/emulated/0/DCIM/Camera/20251223_145048.jpg,2067399,CAMERA
20251221_192731.jpg,/storage/emulated/0/DCIM/Camera/20251221_192731.jpg,2014530,CAMERA
20251221_192729.jpg,/storage/emulated/0/DCIM/Camera/20251221_192729.jpg,1967623,CAMERA
20251218_003745.mp4,/storage/emulated/0/DCIM/Camera/20251218_003745.mp4,43117175,CAMERA
20251217_185523.jpg,/storage/emulated/0/DCIM/Camera/20251217_185523.jpg,4917093,CAMERA
20251217_174211.mp4,/storage/emulated/0/DCIM/Camera/20251217_174211.mp4,30537088,CAMERA
20251217_153658.mp4,/storage/emulated/0/DCIM/Camera/20251217_153658.mp4,31326943,CAMERA
20251217_152747.mp4,/storage/emulated/0/DCIM/Camera/20251217_152747.mp4,80621536,CAMERA
20251217_152714.mp4,/storage/emulated/0/DCIM/Camera/20251217_152714.mp4,28256431,CAMERA
20251217_141727.mp4,/storage/emulated/0/DCIM/Camera/20251217_141727.mp4,83944398,CAMERA
20251217_141141.jpg,/storage/emulated/0/DCIM/Camera/20251217_141141.jpg,2453378,CAMERA
20251217_141117.jpg,/storage/emulated/0/DCIM/Camera/20251217_141117.jpg,2499002,CAMERA
20251215_182854.jpg,/storage/emulated/0/DCIM/Camera/20251215_182854.jpg,3930312,CAMERA
20251215_182849.jpg,/storage/emulated/0/DCIM/Camera/20251215_182849.jpg,4607550,CAMERA
20251215_182844.jpg,/storage/emulated/0/DCIM/Camera/20251215_182844.jpg,5288390,CAMERA
20251215_182842.jpg,/storage/emulated/0/DCIM/Camera/20251215_182842.jpg,4418394,CAMERA
20251215_182837.jpg,/storage/emulated/0/DCIM/Camera/20251215_182837.jpg,4163923,CAMERA
20251215_182659.jpg,/storage/emulated/0/DCIM/Camera/20251215_182659.jpg,4812988,CAMERA
20251215_181332.jpg,/storage/emulated/0/DCIM/Camera/20251215_181332.jpg,6903087,CAMERA
20251215_181320.jpg,/storage/emulated/0/DCIM/Camera/20251215_181320.jpg,5408932,CAMERA
20251215_181306.jpg,/storage/emulated/0/DCIM/Camera/20251215_181306.jpg,6784003,CAMERA
20251215_142535.jpg,/storage/emulated/0/DCIM/Camera/20251215_142535.jpg,3701882,CAMERA
20251215_142513.jpg,/storage/emulated/0/DCIM/Camera/20251215_142513.jpg,2315322,CAMERA
20251215_142504.jpg,/storage/emulated/0/DCIM/Camera/20251215_142504.jpg,2702316,CAMERA
20251215_142501.jpg,/storage/emulated/0/DCIM/Camera/20251215_142501.jpg,3216342,CAMERA
20251215_142452.jpg,/storage/emulated/0/DCIM/Camera/20251215_142452.jpg,2692359,CAMERA
20251215_142408.mp4,/storage/emulated/0/DCIM/Camera/20251215_142408.mp4,25153432,CAMERA
20251215_142357.jpg,/storage/emulated/0/DCIM/Camera/20251215_142357.jpg,3173412,CAMERA
20251215_142249.jpg,/storage/emulated/0/DCIM/Camera/20251215_142249.jpg,2705613,CAMERA
20251214_001011.mp4,/storage/emulated/0/DCIM/Camera/20251214_001011.mp4,28575093,CAMERA
20251212_155859.jpg,/storage/emulated/0/DCIM/Camera/20251212_155859.jpg,2239289,CAMERA
20251212_155857.jpg,/storage/emulated/0/DCIM/Camera/20251212_155857.jpg,2178222,CAMERA
20251212_155855.jpg,/storage/emulated/0/DCIM/Camera/20251212_155855.jpg,2174711,CAMERA
20251212_155516.jpg,/storage/emulated/0/DCIM/Camera/20251212_155516.jpg,2219365,CAMERA
20251212_155512.jpg,/storage/emulated/0/DCIM/Camera/20251212_155512.jpg,2087811,CAMERA
20251212_154819.jpg,/storage/emulated/0/DCIM/Camera/20251212_154819.jpg,2364448,CAMERA
20251212_154814.jpg,/storage/emulated/0/DCIM/Camera/20251212_154814.jpg,2047115,CAMERA
20251212_154808.jpg,/storage/emulated/0/DCIM/Camera/20251212_154808.jpg,2316025,CAMERA
20251211_143642.jpg,/storage/emulated/0/DCIM/Camera/20251211_143642.jpg,4880945,CAMERA
20251209_115738.jpg,/storage/emulated/0/DCIM/Camera/20251209_115738.jpg,2013730,CAMERA
20251209_115730.jpg,/storage/emulated/0/DCIM/Camera/20251209_115730.jpg,2388549,CAMERA
20251209_115723.jpg,/storage/emulated/0/DCIM/Camera/20251209_115723.jpg,1925711,CAMERA
20251208_151025.jpg,/storage/emulated/0/DCIM/Camera/20251208_151025.jpg,1935303,CAMERA
20251208_151023.jpg,/storage/emulated/0/DCIM/Camera/20251208_151023.jpg,2098045,CAMERA
20251207_124741.jpg,/storage/emulated/0/DCIM/Camera/20251207_124741.jpg,1721737,CAMERA
20251207_124737.jpg,/storage/emulated/0/DCIM/Camera/20251207_124737.jpg,2368231,CAMERA
20251206_173230.jpg,/storage/emulated/0/DCIM/Camera/20251206_173230.jpg,2242653,CAMERA
20251206_173208.jpg,/storage/emulated/0/DCIM/Camera/20251206_173208.jpg,2226978,CAMERA
20251203_131916.jpg,/storage/emulated/0/DCIM/Camera/20251203_131916.jpg,2390815,CAMERA
20251203_131914.jpg,/storage/emulated/0/DCIM/Camera/20251203_131914.jpg,2411298,CAMERA
20251203_131909.jpg,/storage/emulated/0/DCIM/Camera/20251203_131909.jpg,2726805,CAMERA
20251106_222835.jpg,/storage/emulated/0/DCIM/Camera/20251106_222835.jpg,2430680,CAMERA
20251105_174700.jpg,/storage/emulated/0/DCIM/Camera/20251105_174700.jpg,2165761,CAMERA
20251105_174657.jpg,/storage/emulated/0/DCIM/Camera/20251105_174657.jpg,2276652,CAMERA
20251105_174648.jpg,/storage/emulated/0/DCIM/Camera/20251105_174648.jpg,1982899,CAMERA
20251105_174640.jpg,/storage/emulated/0/DCIM/Camera/20251105_174640.jpg,2114136,CAMERA
20251105_173355.jpg,/storage/emulated/0/DCIM/Camera/20251105_173355.jpg,2308974,CAMERA
20251105_131701.jpg,/storage/emulated/0/DCIM/Camera/20251105_131701.jpg,2252948,CAMERA
20251105_091524.jpg,/storage/emulated/0/DCIM/Camera/20251105_091524.jpg,2305003,CAMERA
20251105_091514.jpg,/storage/emulated/0/DCIM/Camera/20251105_091514.jpg,2070630,CAMERA
20251105_091506.jpg,/storage/emulated/0/DCIM/Camera/20251105_091506.jpg,2131977,CAMERA
20251105_091457.jpg,/storage/emulated/0/DCIM/Camera/20251105_091457.jpg,2039985,CAMERA
20251105_091448.jpg,/storage/emulated/0/DCIM/Camera/20251105_091448.jpg,2349415,CAMERA
20251105_091438.jpg,/storage/emulated/0/DCIM/Camera/20251105_091438.jpg,2087586,CAMERA
20251105_091424.jpg,/storage/emulated/0/DCIM/Camera/20251105_091424.jpg,2101266,CAMERA
20251104_222530.jpg,/storage/emulated/0/DCIM/Camera/20251104_222530.jpg,2022994,CAMERA
20251104_162536.jpg,/storage/emulated/0/DCIM/Camera/20251104_162536.jpg,2341378,CAMERA
20251104_162535.jpg,/storage/emulated/0/DCIM/Camera/20251104_162535.jpg,2351957,CAMERA
20251030_110554.jpg,/storage/emulated/0/DCIM/Camera/20251030_110554.jpg,2197514,CAMERA
20251030_110552.jpg,/storage/emulated/0/DCIM/Camera/20251030_110552.jpg,2235545,CAMERA
20251030_110521.jpg,/storage/emulated/0/DCIM/Camera/20251030_110521.jpg,2330618,CAMERA
20251030_110510.jpg,/storage/emulated/0/DCIM/Camera/20251030_110510.jpg,3948421,CAMERA
20251029_180040.jpg,/storage/emulated/0/DCIM/Camera/20251029_180040.jpg,3204202,CAMERA
20251029_164248.jpg,/storage/emulated/0/DCIM/Camera/20251029_164248.jpg,2749712,CAMERA
20251029_164247.jpg,/storage/emulated/0/DCIM/Camera/20251029_164247.jpg,2809080,CAMERA
20251029_164237.jpg,/storage/emulated/0/DCIM/Camera/20251029_164237.jpg,1371551,CAMERA
20251029_164235.jpg,/storage/emulated/0/DCIM/Camera/20251029_164235.jpg,1376060,CAMERA
20251029_164233.jpg,/storage/emulated/0/DCIM/Camera/20251029_164233.jpg,1369394,CAMERA
20251029_163423.jpg,/storage/emulated/0/DCIM/Camera/20251029_163423.jpg,1885595,CAMERA
20251029_163406.jpg,/storage/emulated/0/DCIM/Camera/20251029_163406.jpg,2194260,CAMERA
20251029_163331.jpg,/storage/emulated/0/DCIM/Camera/20251029_163331.jpg,5864319,CAMERA
20251029_163328.jpg,/storage/emulated/0/DCIM/Camera/20251029_163328.jpg,5556731,CAMERA
20251029_163322.jpg,/storage/emulated/0/DCIM/Camera/20251029_163322.jpg,5672725,CAMERA
20251029_163319.jpg,/storage/emulated/0/DCIM/Camera/20251029_163319.jpg,5754347,CAMERA
20251029_163313.jpg,/storage/emulated/0/DCIM/Camera/20251029_163313.jpg,5814964,CAMERA
20251029_163310.jpg,/storage/emulated/0/DCIM/Camera/20251029_163310.jpg,5947677,CAMERA
20251029_163216.jpg,/storage/emulated/0/DCIM/Camera/20251029_163216.jpg,4454518,CAMERA
20251029_163213.jpg,/storage/emulated/0/DCIM/Camera/20251029_163213.jpg,5712436,CAMERA
20251029_163208.jpg,/storage/emulated/0/DCIM/Camera/20251029_163208.jpg,5513273,CAMERA
20251029_163204.jpg,/storage/emulated/0/DCIM/Camera/20251029_163204.jpg,5726468,CAMERA
20251028_073520.jpg,/storage/emulated/0/DCIM/Camera/20251028_073520.jpg,6516746,CAMERA
20251027_131034.jpg,/storage/emulated/0/DCIM/Camera/20251027_131034.jpg,4169404,CAMERA
20251027_131031.jpg,/storage/emulated/0/DCIM/Camera/20251027_131031.jpg,4517429,CAMERA
20251027_131010.jpg,/storage/emulated/0/DCIM/Camera/20251027_131010.jpg,6891520,CAMERA
20251027_131006.jpg,/storage/emulated/0/DCIM/Camera/20251027_131006.jpg,7479490,CAMERA
20251025_232927.mp4,/storage/emulated/0/DCIM/Camera/20251025_232927.mp4,38620941,CAMERA
20251025_123543.jpg,/storage/emulated/0/DCIM/Camera/20251025_123543.jpg,3682891,CAMERA
20251025_123539.jpg,/storage/emulated/0/DCIM/Camera/20251025_123539.jpg,5869549,CAMERA
20251025_123536.jpg,/storage/emulated/0/DCIM/Camera/20251025_123536.jpg,5913566,CAMERA
20251024_124509.jpg,/storage/emulated/0/DCIM/Camera/20251024_124509.jpg,6867737,CAMERA
20251024_124501.jpg,/storage/emulated/0/DCIM/Camera/20251024_124501.jpg,7607597,CAMERA
20251024_124423.jpg,/storage/emulated/0/DCIM/Camera/20251024_124423.jpg,6318199,CAMERA
20251024_124420.jpg,/storage/emulated/0/DCIM/Camera/20251024_124420.jpg,5906780,CAMERA
20251024_124417.jpg,/storage/emulated/0/DCIM/Camera/20251024_124417.jpg,6171755,CAMERA
20251024_124406.jpg,/storage/emulated/0/DCIM/Camera/20251024_124406.jpg,5258241,CAMERA
20251022_133313.jpg,/storage/emulated/0/DCIM/Camera/20251022_133313.jpg,4865130,CAMERA
20251022_133300.jpg,/storage/emulated/0/DCIM/Camera/20251022_133300.jpg,2109993,CAMERA
20251022_133257.jpg,/storage/emulated/0/DCIM/Camera/20251022_133257.jpg,2006378,CAMERA
20251020_032707.jpg,/storage/emulated/0/DCIM/Camera/20251020_032707.jpg,2111060,CAMERA
20251020_032704.jpg,/storage/emulated/0/DCIM/Camera/20251020_032704.jpg,2074921,CAMERA
20251020_032701.jpg,/storage/emulated/0/DCIM/Camera/20251020_032701.jpg,2306164,CAMERA
20251020_032655.jpg,/storage/emulated/0/DCIM/Camera/20251020_032655.jpg,4002438,CAMERA
20251020_003841.mp4,/storage/emulated/0/DCIM/Camera/20251020_003841.mp4,24599327,CAMERA
20251020_003755.mp4,/storage/emulated/0/DCIM/Camera/20251020_003755.mp4,42665736,CAMERA
20251020_003711.mp4,/storage/emulated/0/DCIM/Camera/20251020_003711.mp4,26658580,CAMERA
20251020_003006.jpg,/storage/emulated/0/DCIM/Camera/20251020_003006.jpg,1968778,CAMERA
20251020_002948.jpg,/storage/emulated/0/DCIM/Camera/20251020_002948.jpg,1396706,CAMERA
20251020_002811.mp4,/storage/emulated/0/DCIM/Camera/20251020_002811.mp4,17731524,CAMERA
20251020_000335.jpg,/storage/emulated/0/DCIM/Camera/20251020_000335.jpg,1799954,CAMERA
20251020_000329.jpg,/storage/emulated/0/DCIM/Camera/20251020_000329.jpg,1934430,CAMERA
20251020_000327.jpg,/storage/emulated/0/DCIM/Camera/20251020_000327.jpg,1964558,CAMERA
20251019_230543.jpg,/storage/emulated/0/DCIM/Camera/20251019_230543.jpg,5290325,CAMERA
20251019_230530.jpg,/storage/emulated/0/DCIM/Camera/20251019_230530.jpg,4402663,CAMERA
20251019_222529.mp4,/storage/emulated/0/DCIM/Camera/20251019_222529.mp4,136102011,CAMERA
20251019_221939.jpg,/storage/emulated/0/DCIM/Camera/20251019_221939.jpg,4331104,CAMERA
20251019_161414.mp4,/storage/emulated/0/DCIM/Camera/20251019_161414.mp4,35975262,CAMERA
20251019_161024.jpg,/storage/emulated/0/DCIM/Camera/20251019_161024.jpg,2261861,CAMERA
20251019_160946.mp4,/storage/emulated/0/DCIM/Camera/20251019_160946.mp4,51867150,CAMERA
20251019_160915.mp4,/storage/emulated/0/DCIM/Camera/20251019_160915.mp4,47664083,CAMERA
20251019_154854.mp4,/storage/emulated/0/DCIM/Camera/20251019_154854.mp4,9798523,CAMERA
20251019_153738.jpg,/storage/emulated/0/DCIM/Camera/20251019_153738.jpg,4166334,CAMERA
20251019_153736.jpg,/storage/emulated/0/DCIM/Camera/20251019_153736.jpg,4420476,CAMERA
20251019_153731.jpg,/storage/emulated/0/DCIM/Camera/20251019_153731.jpg,4923062,CAMERA
20251019_150517.jpg,/storage/emulated/0/DCIM/Camera/20251019_150517.jpg,4408626,CAMERA
20251019_150516.jpg,/storage/emulated/0/DCIM/Camera/20251019_150516.jpg,4310601,CAMERA
20251019_150516(0).jpg,/storage/emulated/0/DCIM/Camera/20251019_150516(0).jpg,5357888,CAMERA
20251019_144249.jpg,/storage/emulated/0/DCIM/Camera/20251019_144249.jpg,5822589,CAMERA
20251019_143827.mp4,/storage/emulated/0/DCIM/Camera/20251019_143827.mp4,36589768,CAMERA
20251019_143618.mp4,/storage/emulated/0/DCIM/Camera/20251019_143618.mp4,61624598,CAMERA
20251019_143614.jpg,/storage/emulated/0/DCIM/Camera/20251019_143614.jpg,5253207,CAMERA
20251019_143116.jpg,/storage/emulated/0/DCIM/Camera/20251019_143116.jpg,4568105,CAMERA
20251018_202441.mp4,/storage/emulated/0/DCIM/Camera/20251018_202441.mp4,27994952,CAMERA
20251018_201900.jpg,/storage/emulated/0/DCIM/Camera/20251018_201900.jpg,4136246,CAMERA
20251018_165804.jpg,/storage/emulated/0/DCIM/Camera/20251018_165804.jpg,1925331,CAMERA
20251018_165755.jpg,/storage/emulated/0/DCIM/Camera/20251018_165755.jpg,2041785,CAMERA
20251018_162551.jpg,/storage/emulated/0/DCIM/Camera/20251018_162551.jpg,4759665,CAMERA
20251018_162548.jpg,/storage/emulated/0/DCIM/Camera/20251018_162548.jpg,4921473,CAMERA
20251018_162542.jpg,/storage/emulated/0/DCIM/Camera/20251018_162542.jpg,6781665,CAMERA
20251018_162526.jpg,/storage/emulated/0/DCIM/Camera/20251018_162526.jpg,4038421,CAMERA
20251018_162520.jpg,/storage/emulated/0/DCIM/Camera/20251018_162520.jpg,5377827,CAMERA
20251018_162448.jpg,/storage/emulated/0/DCIM/Camera/20251018_162448.jpg,2216654,CAMERA
20251018_162437.jpg,/storage/emulated/0/DCIM/Camera/20251018_162437.jpg,2236734,CAMERA
20251018_162429.jpg,/storage/emulated/0/DCIM/Camera/20251018_162429.jpg,2369279,CAMERA
20251018_161826.jpg,/storage/emulated/0/DCIM/Camera/20251018_161826.jpg,2341420,CAMERA
20251018_161822.jpg,/storage/emulated/0/DCIM/Camera/20251018_161822.jpg,2447405,CAMERA
20251018_161716.jpg,/storage/emulated/0/DCIM/Camera/20251018_161716.jpg,2391400,CAMERA
20251018_161656.jpg,/storage/emulated/0/DCIM/Camera/20251018_161656.jpg,2412590,CAMERA
20251018_161648.jpg,/storage/emulated/0/DCIM/Camera/20251018_161648.jpg,2334317,CAMERA
20251018_161643.jpg,/storage/emulated/0/DCIM/Camera/20251018_161643.jpg,2426560,CAMERA
20251017_213052.jpg,/storage/emulated/0/DCIM/Camera/20251017_213052.jpg,3610430,CAMERA
20251016_172636.jpg,/storage/emulated/0/DCIM/Camera/20251016_172636.jpg,1740454,CAMERA
20251016_172633.jpg,/storage/emulated/0/DCIM/Camera/20251016_172633.jpg,1793037,CAMERA
20251016_172150.jpg,/storage/emulated/0/DCIM/Camera/20251016_172150.jpg,1270628,CAMERA
20251016_172139.jpg,/storage/emulated/0/DCIM/Camera/20251016_172139.jpg,1268940,CAMERA
20251016_172017.jpg,/storage/emulated/0/DCIM/Camera/20251016_172017.jpg,1947263,CAMERA
20251016_171835.jpg,/storage/emulated/0/DCIM/Camera/20251016_171835.jpg,1835035,CAMERA
20251016_171827.jpg,/storage/emulated/0/DCIM/Camera/20251016_171827.jpg,3396594,CAMERA
20251016_171755.jpg,/storage/emulated/0/DCIM/Camera/20251016_171755.jpg,3426413,CAMERA
20251016_171750.jpg,/storage/emulated/0/DCIM/Camera/20251016_171750.jpg,3333813,CAMERA
20251016_171727.jpg,/storage/emulated/0/DCIM/Camera/20251016_171727.jpg,3495745,CAMERA
20251013_223854.jpg,/storage/emulated/0/DCIM/Camera/20251013_223854.jpg,6753716,CAMERA
20251013_223759.jpg,/storage/emulated/0/DCIM/Camera/20251013_223759.jpg,7068349,CAMERA
20251011_163814.jpg,/storage/emulated/0/DCIM/Camera/20251011_163814.jpg,2274385,CAMERA
20251009_110554.jpg,/storage/emulated/0/DCIM/Camera/20251009_110554.jpg,1745456,CAMERA
20251009_110537.jpg,/storage/emulated/0/DCIM/Camera/20251009_110537.jpg,2798080,CAMERA
20251009_110528.jpg,/storage/emulated/0/DCIM/Camera/20251009_110528.jpg,2432632,CAMERA
20251003_104344.jpg,/storage/emulated/0/DCIM/Camera/20251003_104344.jpg,2135798,CAMERA
20251003_104340.jpg,/storage/emulated/0/DCIM/Camera/20251003_104340.jpg,2549089,CAMERA
20251003_104338.jpg,/storage/emulated/0/DCIM/Camera/20251003_104338.jpg,2256802,CAMERA
20251003_104336.jpg,/storage/emulated/0/DCIM/Camera/20251003_104336.jpg,2231109,CAMERA
20250926_224946.jpg,/storage/emulated/0/DCIM/Camera/20250926_224946.jpg,2565229,CAMERA
20250926_224942.jpg,/storage/emulated/0/DCIM/Camera/20250926_224942.jpg,2617276,CAMERA
20250925_231408.jpg,/storage/emulated/0/DCIM/Camera/20250925_231408.jpg,1770994,CAMERA
20250925_230959.jpg,/storage/emulated/0/DCIM/Camera/20250925_230959.jpg,1191664,CAMERA
20250913_225303.jpg,/storage/emulated/0/DCIM/Camera/20250913_225303.jpg,2688059,CAMERA
20250913_225254.jpg,/storage/emulated/0/DCIM/Camera/20250913_225254.jpg,2086838,CAMERA
20250913_225239.jpg,/storage/emulated/0/DCIM/Camera/20250913_225239.jpg,2376724,CAMERA
20250913_225218.jpg,/storage/emulated/0/DCIM/Camera/20250913_225218.jpg,2824219,CAMERA
20250913_225204.jpg,/storage/emulated/0/DCIM/Camera/20250913_225204.jpg,2143115,CAMERA
20250913_224145.jpg,/storage/emulated/0/DCIM/Camera/20250913_224145.jpg,1801756,CAMERA
20250913_224137.jpg,/storage/emulated/0/DCIM/Camera/20250913_224137.jpg,2354412,CAMERA
20250913_224126.jpg,/storage/emulated/0/DCIM/Camera/20250913_224126.jpg,2360427,CAMERA
20250831_223219.jpg,/storage/emulated/0/DCIM/Camera/20250831_223219.jpg,2469549,CAMERA
20250831_223209.jpg,/storage/emulated/0/DCIM/Camera/20250831_223209.jpg,1804678,CAMERA
20250831_222719.jpg,/storage/emulated/0/DCIM/Camera/20250831_222719.jpg,2391082,CAMERA
20250831_222710.jpg,/storage/emulated/0/DCIM/Camera/20250831_222710.jpg,6858534,CAMERA
20250831_205013.jpg,/storage/emulated/0/DCIM/Camera/20250831_205013.jpg,6355072,CAMERA
20250824_235228.jpg,/storage/emulated/0/DCIM/Camera/20250824_235228.jpg,4957198,CAMERA
20250824_235220.jpg,/storage/emulated/0/DCIM/Camera/20250824_235220.jpg,5365778,CAMERA
20250824_182558.jpg,/storage/emulated/0/DCIM/Camera/20250824_182558.jpg,5446849,CAMERA
20250824_182553.jpg,/storage/emulated/0/DCIM/Camera/20250824_182553.jpg,5370754,CAMERA
20250824_182549.jpg,/storage/emulated/0/DCIM/Camera/20250824_182549.jpg,5437848,CAMERA
20250823_195249.mp4,/storage/emulated/0/DCIM/Camera/20250823_195249.mp4,31167375,CAMERA
20250820_193519.jpg,/storage/emulated/0/DCIM/Camera/20250820_193519.jpg,6191406,CAMERA
20250820_193516.jpg,/storage/emulated/0/DCIM/Camera/20250820_193516.jpg,6169246,CAMERA
20250820_193513.jpg,/storage/emulated/0/DCIM/Camera/20250820_193513.jpg,6123878,CAMERA
20250820_094504.jpg,/storage/emulated/0/DCIM/Camera/20250820_094504.jpg,5609626,CAMERA
20250820_094458.jpg,/storage/emulated/0/DCIM/Camera/20250820_094458.jpg,5894545,CAMERA
20250820_094048.jpg,/storage/emulated/0/DCIM/Camera/20250820_094048.jpg,6094950,CAMERA
20250820_094042.jpg,/storage/emulated/0/DCIM/Camera/20250820_094042.jpg,6241977,CAMERA
20250820_094021.jpg,/storage/emulated/0/DCIM/Camera/20250820_094021.jpg,6067367,CAMERA
20250820_094020.jpg,/storage/emulated/0/DCIM/Camera/20250820_094020.jpg,5983552,CAMERA
20250817_192950.jpg,/storage/emulated/0/DCIM/Camera/20250817_192950.jpg,799230,CAMERA
20250815_213654.jpg,/storage/emulated/0/DCIM/Camera/20250815_213654.jpg,4275409,CAMERA
20250815_213652.jpg,/storage/emulated/0/DCIM/Camera/20250815_213652.jpg,4129410,CAMERA
20250815_213539.jpg,/storage/emulated/0/DCIM/Camera/20250815_213539.jpg,2434236,CAMERA
20250815_213526.jpg,/storage/emulated/0/DCIM/Camera/20250815_213526.jpg,3156738,CAMERA
20250815_213519.jpg,/storage/emulated/0/DCIM/Camera/20250815_213519.jpg,2256650,CAMERA
20250815_213452.jpg,/storage/emulated/0/DCIM/Camera/20250815_213452.jpg,2133509,CAMERA
20250815_201829.jpg,/storage/emulated/0/DCIM/Camera/20250815_201829.jpg,2026018,CAMERA
20250815_201827.jpg,/storage/emulated/0/DCIM/Camera/20250815_201827.jpg,2072891,CAMERA
20250813_194019.jpg,/storage/emulated/0/DCIM/Camera/20250813_194019.jpg,1878468,CAMERA
20250813_194012.jpg,/storage/emulated/0/DCIM/Camera/20250813_194012.jpg,1748291,CAMERA
20250813_193959.jpg,/storage/emulated/0/DCIM/Camera/20250813_193959.jpg,1587309,CAMERA
20250813_193946.jpg,/storage/emulated/0/DCIM/Camera/20250813_193946.jpg,1411978,CAMERA
20250813_193922.jpg,/storage/emulated/0/DCIM/Camera/20250813_193922.jpg,1718133,CAMERA
20250813_193907.jpg,/storage/emulated/0/DCIM/Camera/20250813_193907.jpg,2114935,CAMERA
20250813_183038.jpg,/storage/emulated/0/DCIM/Camera/20250813_183038.jpg,2557198,CAMERA
20250813_182924.jpg,/storage/emulated/0/DCIM/Camera/20250813_182924.jpg,2112215,CAMERA
20250813_182920.jpg,/storage/emulated/0/DCIM/Camera/20250813_182920.jpg,1777138,CAMERA
20250813_151734.jpg,/storage/emulated/0/DCIM/Camera/20250813_151734.jpg,2382300,CAMERA
20250813_151725.jpg,/storage/emulated/0/DCIM/Camera/20250813_151725.jpg,2239778,CAMERA
20250812_212932.jpg,/storage/emulated/0/DCIM/Camera/20250812_212932.jpg,2000184,CAMERA
20250812_212918.jpg,/storage/emulated/0/DCIM/Camera/20250812_212918.jpg,2106535,CAMERA
20250812_212358.jpg,/storage/emulated/0/DCIM/Camera/20250812_212358.jpg,2054081,CAMERA
20250812_212345.jpg,/storage/emulated/0/DCIM/Camera/20250812_212345.jpg,2158196,CAMERA
20250812_204534.jpg,/storage/emulated/0/DCIM/Camera/20250812_204534.jpg,2324299,CAMERA
20250812_204523.jpg,/storage/emulated/0/DCIM/Camera/20250812_204523.jpg,2299767,CAMERA
20250812_204520.jpg,/storage/emulated/0/DCIM/Camera/20250812_204520.jpg,2510841,CAMERA
20250812_204515.jpg,/storage/emulated/0/DCIM/Camera/20250812_204515.jpg,2172570,CAMERA
20250812_204509.jpg,/storage/emulated/0/DCIM/Camera/20250812_204509.jpg,1928564,CAMERA
20250812_164202.jpg,/storage/emulated/0/DCIM/Camera/20250812_164202.jpg,2161434,CAMERA
20250812_161359.jpg,/storage/emulated/0/DCIM/Camera/20250812_161359.jpg,1516563,CAMERA
20250812_150635.jpg,/storage/emulated/0/DCIM/Camera/20250812_150635.jpg,1787271,CAMERA
20250812_150634.jpg,/storage/emulated/0/DCIM/Camera/20250812_150634.jpg,1696354,CAMERA
20250812_150632.jpg,/storage/emulated/0/DCIM/Camera/20250812_150632.jpg,2063540,CAMERA
20250812_150631.jpg,/storage/emulated/0/DCIM/Camera/20250812_150631.jpg,1608270,CAMERA
20250812_150626.jpg,/storage/emulated/0/DCIM/Camera/20250812_150626.jpg,1651631,CAMERA
20250812_150618.jpg,/storage/emulated/0/DCIM/Camera/20250812_150618.jpg,1516271,CAMERA
20250812_150617.jpg,/storage/emulated/0/DCIM/Camera/20250812_150617.jpg,1552766,CAMERA
20250812_150549.jpg,/storage/emulated/0/DCIM/Camera/20250812_150549.jpg,1428951,CAMERA
20250812_150436.jpg,/storage/emulated/0/DCIM/Camera/20250812_150436.jpg,1651469,CAMERA
20250812_150427.jpg,/storage/emulated/0/DCIM/Camera/20250812_150427.jpg,1240196,CAMERA
20250812_150413.jpg,/storage/emulated/0/DCIM/Camera/20250812_150413.jpg,2038494,CAMERA
20250812_150406.jpg,/storage/emulated/0/DCIM/Camera/20250812_150406.jpg,1585070,CAMERA
20250812_150404.jpg,/storage/emulated/0/DCIM/Camera/20250812_150404.jpg,1646441,CAMERA
20250812_145036.jpg,/storage/emulated/0/DCIM/Camera/20250812_145036.jpg,1875734,CAMERA
20250812_145034.jpg,/storage/emulated/0/DCIM/Camera/20250812_145034.jpg,1916523,CAMERA
20250812_145023.jpg,/storage/emulated/0/DCIM/Camera/20250812_145023.jpg,1645016,CAMERA
20250812_145022.jpg,/storage/emulated/0/DCIM/Camera/20250812_145022.jpg,1602912,CAMERA
20250812_145015.jpg,/storage/emulated/0/DCIM/Camera/20250812_145015.jpg,1409867,CAMERA
20250812_145014.jpg,/storage/emulated/0/DCIM/Camera/20250812_145014.jpg,1347164,CAMERA
20250812_145012.jpg,/storage/emulated/0/DCIM/Camera/20250812_145012.jpg,1509964,CAMERA
20250812_145011.jpg,/storage/emulated/0/DCIM/Camera/20250812_145011.jpg,1517824,CAMERA
20250812_145004(0).jpg,/storage/emulated/0/DCIM/Camera/20250812_145004(0).jpg,2008888,CAMERA
20250812_145004.jpg,/storage/emulated/0/DCIM/Camera/20250812_145004.jpg,2090149,CAMERA
20250812_142453.jpg,/storage/emulated/0/DCIM/Camera/20250812_142453.jpg,1319274,CAMERA
20250812_142450.jpg,/storage/emulated/0/DCIM/Camera/20250812_142450.jpg,1349917,CAMERA
20250812_141504.jpg,/storage/emulated/0/DCIM/Camera/20250812_141504.jpg,2229992,CAMERA
20250812_141503.jpg,/storage/emulated/0/DCIM/Camera/20250812_141503.jpg,2091659,CAMERA
20250812_141457.jpg,/storage/emulated/0/DCIM/Camera/20250812_141457.jpg,2474786,CAMERA
20250812_141449.jpg,/storage/emulated/0/DCIM/Camera/20250812_141449.jpg,1702635,CAMERA
20250812_141446.jpg,/storage/emulated/0/DCIM/Camera/20250812_141446.jpg,2118124,CAMERA
20250812_141346.mp4,/storage/emulated/0/DCIM/Camera/20250812_141346.mp4,49744371,CAMERA
20250812_141324.mp4,/storage/emulated/0/DCIM/Camera/20250812_141324.mp4,10264759,CAMERA
20250812_135522.mp4,/storage/emulated/0/DCIM/Camera/20250812_135522.mp4,39538002,CAMERA
20250812_134856.jpg,/storage/emulated/0/DCIM/Camera/20250812_134856.jpg,1002085,CAMERA
20250812_134841.jpg,/storage/emulated/0/DCIM/Camera/20250812_134841.jpg,1312473,CAMERA
20250812_134839.jpg,/storage/emulated/0/DCIM/Camera/20250812_134839.jpg,1389371,CAMERA
20250812_134833.jpg,/storage/emulated/0/DCIM/Camera/20250812_134833.jpg,1315889,CAMERA
20250812_134458.jpg,/storage/emulated/0/DCIM/Camera/20250812_134458.jpg,2156202,CAMERA
20250812_134452.jpg,/storage/emulated/0/DCIM/Camera/20250812_134452.jpg,1389651,CAMERA
20250812_134433.jpg,/storage/emulated/0/DCIM/Camera/20250812_134433.jpg,2618755,CAMERA
20250812_134336.jpg,/storage/emulated/0/DCIM/Camera/20250812_134336.jpg,1757888,CAMERA
20250812_134309.jpg,/storage/emulated/0/DCIM/Camera/20250812_134309.jpg,2683000,CAMERA
20250812_134305.jpg,/storage/emulated/0/DCIM/Camera/20250812_134305.jpg,2350495,CAMERA
20250812_134303.jpg,/storage/emulated/0/DCIM/Camera/20250812_134303.jpg,2257434,CAMERA
20250812_134301.jpg,/storage/emulated/0/DCIM/Camera/20250812_134301.jpg,2323880,CAMERA
20250812_133940.jpg,/storage/emulated/0/DCIM/Camera/20250812_133940.jpg,2373823,CAMERA
20250812_133933.jpg,/storage/emulated/0/DCIM/Camera/20250812_133933.jpg,2367814,CAMERA
20250812_133904.mp4,/storage/emulated/0/DCIM/Camera/20250812_133904.mp4,13647874,CAMERA
20250812_133849.jpg,/storage/emulated/0/DCIM/Camera/20250812_133849.jpg,2133457,CAMERA
20250812_133846.jpg,/storage/emulated/0/DCIM/Camera/20250812_133846.jpg,2128622,CAMERA
20250812_133759.jpg,/storage/emulated/0/DCIM/Camera/20250812_133759.jpg,1878293,CAMERA
20250812_133755.jpg,/storage/emulated/0/DCIM/Camera/20250812_133755.jpg,2008596,CAMERA
20250812_133747.jpg,/storage/emulated/0/DCIM/Camera/20250812_133747.jpg,2258064,CAMERA
20250812_133746.jpg,/storage/emulated/0/DCIM/Camera/20250812_133746.jpg,2258577,CAMERA
20250812_133744.jpg,/storage/emulated/0/DCIM/Camera/20250812_133744.jpg,2286456,CAMERA
20250812_133738.jpg,/storage/emulated/0/DCIM/Camera/20250812_133738.jpg,2062218,CAMERA
20250812_125926.jpg,/storage/emulated/0/DCIM/Camera/20250812_125926.jpg,2104555,CAMERA
20250812_123023.jpg,/storage/emulated/0/DCIM/Camera/20250812_123023.jpg,2358111,CAMERA
20250812_123017.jpg,/storage/emulated/0/DCIM/Camera/20250812_123017.jpg,2530330,CAMERA
20250812_090741.jpg,/storage/emulated/0/DCIM/Camera/20250812_090741.jpg,2052106,CAMERA
20250812_090735.jpg,/storage/emulated/0/DCIM/Camera/20250812_090735.jpg,1971344,CAMERA
20250811_133421.jpg,/storage/emulated/0/DCIM/Camera/20250811_133421.jpg,2289406,CAMERA
20250811_131922.jpg,/storage/emulated/0/DCIM/Camera/20250811_131922.jpg,2995035,CAMERA
20250811_131921.jpg,/storage/emulated/0/DCIM/Camera/20250811_131921.jpg,2550452,CAMERA
20250811_131919.jpg,/storage/emulated/0/DCIM/Camera/20250811_131919.jpg,2551090,CAMERA
20250811_131914.jpg,/storage/emulated/0/DCIM/Camera/20250811_131914.jpg,2705869,CAMERA
20250811_131839.jpg,/storage/emulated/0/DCIM/Camera/20250811_131839.jpg,2398012,CAMERA
20250811_131832.jpg,/storage/emulated/0/DCIM/Camera/20250811_131832.jpg,2534782,CAMERA
20250811_131829.jpg,/storage/emulated/0/DCIM/Camera/20250811_131829.jpg,2497481,CAMERA
20250810_094003.jpg,/storage/emulated/0/DCIM/Camera/20250810_094003.jpg,2150131,CAMERA
20250810_094000.jpg,/storage/emulated/0/DCIM/Camera/20250810_094000.jpg,2164585,CAMERA
c75cf2ad5f64dea67ded1f94a32b5662.mp4,/storage/emulated/0/DCIM/Camera/c75cf2ad5f64dea67ded1f94a32b5662.mp4,2825349,CAMERA
77e1ebfb5790588be8a18d27d2a0302e.mp4,/storage/emulated/0/DCIM/Camera/77e1ebfb5790588be8a18d27d2a0302e.mp4,1269313,CAMERA
7952b54df0c8ed9d5005972c9d4dcdc1.mp4,/storage/emulated/0/DCIM/Camera/7952b54df0c8ed9d5005972c9d4dcdc1.mp4,915777,CAMERA
e7929a253d807c051b056a1738ffebb1.mp4,/storage/emulated/0/DCIM/Camera/e7929a253d807c051b056a1738ffebb1.mp4,8179514,CAMERA
ddf7309bece5f1329ecfb57a4d622c5b.mp4,/storage/emulated/0/DCIM/Camera/ddf7309bece5f1329ecfb57a4d622c5b.mp4,706565,CAMERA
dfb622853bd69ed45821e60b75da28d9.mp4,/storage/emulated/0/DCIM/Camera/dfb622853bd69ed45821e60b75da28d9.mp4,1225271,CAMERA
8a883a9c35f8cb10d8a305ec67828a38.mp4,/storage/emulated/0/DCIM/Camera/8a883a9c35f8cb10d8a305ec67828a38.mp4,1410525,CAMERA
6c82b7fb6ab8b8e68cf1e1badc4f5122.mp4,/storage/emulated/0/DCIM/Camera/6c82b7fb6ab8b8e68cf1e1badc4f5122.mp4,5228874,CAMERA
bc283bf8bb1a1fa6dbbb391cc8955de9.mp4,/storage/emulated/0/DCIM/Camera/bc283bf8bb1a1fa6dbbb391cc8955de9.mp4,1950991,CAMERA
f24e7eeaed263d3c415a374bfa6ddad4.mp4,/storage/emulated/0/DCIM/Camera/f24e7eeaed263d3c415a374bfa6ddad4.mp4,3883142,CAMERA
437c94fa9d1471d081f77b6b7c9acba0.mp4,/storage/emulated/0/DCIM/Camera/437c94fa9d1471d081f77b6b7c9acba0.mp4,3030200,CAMERA
20250805_194045.jpg,/storage/emulated/0/DCIM/Camera/20250805_194045.jpg,2915300,CAMERA
20250802_170432.mp4,/storage/emulated/0/DCIM/Camera/20250802_170432.mp4,21669188,CAMERA
20250802_170419.jpg,/storage/emulated/0/DCIM/Camera/20250802_170419.jpg,2559012,CAMERA
20250728_144500.jpg,/storage/emulated/0/DCIM/Camera/20250728_144500.jpg,2023570,CAMERA
20250728_144433.jpg,/storage/emulated/0/DCIM/Camera/20250728_144433.jpg,2883441,CAMERA
20250726_002405.jpg,/storage/emulated/0/DCIM/Camera/20250726_002405.jpg,2331970,CAMERA
20250726_002356.jpg,/storage/emulated/0/DCIM/Camera/20250726_002356.jpg,2368750,CAMERA
20250726_002349.jpg,/storage/emulated/0/DCIM/Camera/20250726_002349.jpg,3662667,CAMERA
20250725_133246.jpg,/storage/emulated/0/DCIM/Camera/20250725_133246.jpg,2118084,CAMERA
20250724_010757.mp4,/storage/emulated/0/DCIM/Camera/20250724_010757.mp4,132470136,CAMERA
20250723_165301.mp4,/storage/emulated/0/DCIM/Camera/20250723_165301.mp4,204419224,CAMERA
20250723_165248.mp4,/storage/emulated/0/DCIM/Camera/20250723_165248.mp4,22037060,CAMERA
20250722_205101.mp4,/storage/emulated/0/DCIM/Camera/20250722_205101.mp4,104864453,CAMERA
20250722_131900.mp4,/storage/emulated/0/DCIM/Camera/20250722_131900.mp4,7961526,CAMERA
20250722_131830.mp4,/storage/emulated/0/DCIM/Camera/20250722_131830.mp4,51250960,CAMERA
20250722_131824.jpg,/storage/emulated/0/DCIM/Camera/20250722_131824.jpg,2133719,CAMERA
20250716_013235.jpg,/storage/emulated/0/DCIM/Camera/20250716_013235.jpg,4527364,CAMERA
20250713_131429.mp4,/storage/emulated/0/DCIM/Camera/20250713_131429.mp4,78591763,CAMERA
2025-07-12-105010503.mp4,/storage/emulated/0/DCIM/Camera/2025-07-12-105010503.mp4,50879338,CAMERA
20250706_171721.jpg,/storage/emulated/0/DCIM/Camera/20250706_171721.jpg,2585175,CAMERA
20250628_234417.jpg,/storage/emulated/0/DCIM/Camera/20250628_234417.jpg,1822423,CAMERA
20250628_234358.jpg,/storage/emulated/0/DCIM/Camera/20250628_234358.jpg,2221162,CAMERA
20250628_133436.mp4,/storage/emulated/0/DCIM/Camera/20250628_133436.mp4,939777057,CAMERA
20250627_202145.mp4,/storage/emulated/0/DCIM/Camera/20250627_202145.mp4,550544112,CAMERA
20250627_201935.mp4,/storage/emulated/0/DCIM/Camera/20250627_201935.mp4,97766355,CAMERA
20250626_212100.jpg,/storage/emulated/0/DCIM/Camera/20250626_212100.jpg,2734727,CAMERA
20250626_212058.jpg,/storage/emulated/0/DCIM/Camera/20250626_212058.jpg,2729220,CAMERA
20250626_212056.jpg,/storage/emulated/0/DCIM/Camera/20250626_212056.jpg,2575672,CAMERA
20250626_212055.jpg,/storage/emulated/0/DCIM/Camera/20250626_212055.jpg,2560752,CAMERA
20250626_212046.jpg,/storage/emulated/0/DCIM/Camera/20250626_212046.jpg,2699188,CAMERA
20250626_212041.jpg,/storage/emulated/0/DCIM/Camera/20250626_212041.jpg,2711131,CAMERA
20250626_212010.jpg,/storage/emulated/0/DCIM/Camera/20250626_212010.jpg,2833828,CAMERA
20250626_212004.jpg,/storage/emulated/0/DCIM/Camera/20250626_212004.jpg,3194124,CAMERA
20250626_212001.jpg,/storage/emulated/0/DCIM/Camera/20250626_212001.jpg,2712655,CAMERA
20250626_202610.jpg,/storage/emulated/0/DCIM/Camera/20250626_202610.jpg,2159390,CAMERA
20250626_201656.jpg,/storage/emulated/0/DCIM/Camera/20250626_201656.jpg,3867544,CAMERA
20250626_201655.jpg,/storage/emulated/0/DCIM/Camera/20250626_201655.jpg,3940221,CAMERA
20250626_201646.jpg,/storage/emulated/0/DCIM/Camera/20250626_201646.jpg,3237383,CAMERA
20250626_201633.jpg,/storage/emulated/0/DCIM/Camera/20250626_201633.jpg,2407111,CAMERA
20250626_201619.jpg,/storage/emulated/0/DCIM/Camera/20250626_201619.jpg,3580640,CAMERA
20250626_201552.jpg,/storage/emulated/0/DCIM/Camera/20250626_201552.jpg,2537266,CAMERA
20250626_201550.jpg,/storage/emulated/0/DCIM/Camera/20250626_201550.jpg,2483906,CAMERA
20250626_201549.jpg,/storage/emulated/0/DCIM/Camera/20250626_201549.jpg,2596320,CAMERA
20250626_201542.jpg,/storage/emulated/0/DCIM/Camera/20250626_201542.jpg,2520315,CAMERA
20250626_201539.jpg,/storage/emulated/0/DCIM/Camera/20250626_201539.jpg,2515124,CAMERA
20250626_201153.jpg,/storage/emulated/0/DCIM/Camera/20250626_201153.jpg,1959157,CAMERA
20250626_151541.jpg,/storage/emulated/0/DCIM/Camera/20250626_151541.jpg,2079515,CAMERA
20250626_113813.jpg,/storage/emulated/0/DCIM/Camera/20250626_113813.jpg,2379406,CAMERA
20250626_113635.jpg,/storage/emulated/0/DCIM/Camera/20250626_113635.jpg,2271867,CAMERA
20250626_113628.jpg,/storage/emulated/0/DCIM/Camera/20250626_113628.jpg,2262084,CAMERA
20250626_113616.jpg,/storage/emulated/0/DCIM/Camera/20250626_113616.jpg,1925997,CAMERA
20250626_113608.jpg,/storage/emulated/0/DCIM/Camera/20250626_113608.jpg,2415262,CAMERA
20250622_214547.jpg,/storage/emulated/0/DCIM/Camera/20250622_214547.jpg,1914516,CAMERA
20250619_223340.jpg,/storage/emulated/0/DCIM/Camera/20250619_223340.jpg,2305029,CAMERA
20250616_203344.jpg,/storage/emulated/0/DCIM/Camera/20250616_203344.jpg,2531064,CAMERA
20250610_140148.jpg,/storage/emulated/0/DCIM/Camera/20250610_140148.jpg,2000861,CAMERA
20250610_140048.jpg,/storage/emulated/0/DCIM/Camera/20250610_140048.jpg,2236617,CAMERA
20250610_140047.jpg,/storage/emulated/0/DCIM/Camera/20250610_140047.jpg,2234479,CAMERA
20250610_140024.jpg,/storage/emulated/0/DCIM/Camera/20250610_140024.jpg,2191934,CAMERA
20250610_140022.jpg,/storage/emulated/0/DCIM/Camera/20250610_140022.jpg,2187956,CAMERA
20250610_135946.jpg,/storage/emulated/0/DCIM/Camera/20250610_135946.jpg,2182175,CAMERA
20250610_134724.jpg,/storage/emulated/0/DCIM/Camera/20250610_134724.jpg,2049702,CAMERA
20250610_134649.jpg,/storage/emulated/0/DCIM/Camera/20250610_134649.jpg,1342592,CAMERA
20250610_134428.jpg,/storage/emulated/0/DCIM/Camera/20250610_134428.jpg,1756412,CAMERA
20250610_134423.jpg,/storage/emulated/0/DCIM/Camera/20250610_134423.jpg,1614573,CAMERA
20250610_134331.jpg,/storage/emulated/0/DCIM/Camera/20250610_134331.jpg,2250275,CAMERA
20250610_124227.jpg,/storage/emulated/0/DCIM/Camera/20250610_124227.jpg,2286667,CAMERA
20250607_215158.jpg,/storage/emulated/0/DCIM/Camera/20250607_215158.jpg,2662921,CAMERA
20250607_174414.jpg,/storage/emulated/0/DCIM/Camera/20250607_174414.jpg,2136999,CAMERA
20250607_174404.jpg,/storage/emulated/0/DCIM/Camera/20250607_174404.jpg,2622665,CAMERA
20250607_174402.jpg,/storage/emulated/0/DCIM/Camera/20250607_174402.jpg,2395064,CAMERA
20250606_143230.jpg,/storage/emulated/0/DCIM/Camera/20250606_143230.jpg,2097118,CAMERA
20250602_193857.jpg,/storage/emulated/0/DCIM/Camera/20250602_193857.jpg,2178371,CAMERA
20250602_193856.jpg,/storage/emulated/0/DCIM/Camera/20250602_193856.jpg,2196963,CAMERA
20250602_193854.jpg,/storage/emulated/0/DCIM/Camera/20250602_193854.jpg,2204801,CAMERA
20250602_193853.jpg,/storage/emulated/0/DCIM/Camera/20250602_193853.jpg,1370831,CAMERA
20250602_193852.jpg,/storage/emulated/0/DCIM/Camera/20250602_193852.jpg,2016953,CAMERA
20250602_193851.jpg,/storage/emulated/0/DCIM/Camera/20250602_193851.jpg,2103929,CAMERA
20250602_193849.jpg,/storage/emulated/0/DCIM/Camera/20250602_193849.jpg,2168346,CAMERA
20250602_193848.jpg,/storage/emulated/0/DCIM/Camera/20250602_193848.jpg,2177025,CAMERA
20250602_193847.jpg,/storage/emulated/0/DCIM/Camera/20250602_193847.jpg,1461584,CAMERA
20250602_193845.jpg,/storage/emulated/0/DCIM/Camera/20250602_193845.jpg,1581248,CAMERA
20250602_193844.jpg,/storage/emulated/0/DCIM/Camera/20250602_193844.jpg,2092233,CAMERA
20250602_193843.jpg,/storage/emulated/0/DCIM/Camera/20250602_193843.jpg,1451630,CAMERA
20250602_193842.jpg,/storage/emulated/0/DCIM/Camera/20250602_193842.jpg,1528480,CAMERA
20250602_193840.jpg,/storage/emulated/0/DCIM/Camera/20250602_193840.jpg,1476466,CAMERA
20250602_193754(0).jpg,/storage/emulated/0/DCIM/Camera/20250602_193754(0).jpg,2188492,CAMERA
20250602_193755.jpg,/storage/emulated/0/DCIM/Camera/20250602_193755.jpg,2177644,CAMERA
20250602_193754.jpg,/storage/emulated/0/DCIM/Camera/20250602_193754.jpg,2151521,CAMERA
20250602_193753(0).jpg,/storage/emulated/0/DCIM/Camera/20250602_193753(0).jpg,2151409,CAMERA
20250602_193753(1).jpg,/storage/emulated/0/DCIM/Camera/20250602_193753(1).jpg,2162277,CAMERA
20250602_193753.jpg,/storage/emulated/0/DCIM/Camera/20250602_193753.jpg,2156957,CAMERA
20250602_193750(0).jpg,/storage/emulated/0/DCIM/Camera/20250602_193750(0).jpg,2160364,CAMERA
20250602_193750.jpg,/storage/emulated/0/DCIM/Camera/20250602_193750.jpg,2143931,CAMERA
20250602_193749.jpg,/storage/emulated/0/DCIM/Camera/20250602_193749.jpg,2173942,CAMERA
20250602_193748(0).jpg,/storage/emulated/0/DCIM/Camera/20250602_193748(0).jpg,2166300,CAMERA
20250602_193748.jpg,/storage/emulated/0/DCIM/Camera/20250602_193748.jpg,2035530,CAMERA
20250602_193747.jpg,/storage/emulated/0/DCIM/Camera/20250602_193747.jpg,2000481,CAMERA
20250602_193743(0).jpg,/storage/emulated/0/DCIM/Camera/20250602_193743(0).jpg,2140405,CAMERA
20250602_193743.jpg,/storage/emulated/0/DCIM/Camera/20250602_193743.jpg,2092749,CAMERA
20250602_193742.jpg,/storage/emulated/0/DCIM/Camera/20250602_193742.jpg,2096626,CAMERA
20250602_193740(0).jpg,/storage/emulated/0/DCIM/Camera/20250602_193740(0).jpg,1945700,CAMERA
20250602_193740.jpg,/storage/emulated/0/DCIM/Camera/20250602_193740.jpg,1923451,CAMERA
20250602_193739.jpg,/storage/emulated/0/DCIM/Camera/20250602_193739.jpg,1933861,CAMERA
20250602_193738(0).jpg,/storage/emulated/0/DCIM/Camera/20250602_193738(0).jpg,1953639,CAMERA
20250602_193738.jpg,/storage/emulated/0/DCIM/Camera/20250602_193738.jpg,2065652,CAMERA
20250602_193736(1).jpg,/storage/emulated/0/DCIM/Camera/20250602_193736(1).jpg,2136250,CAMERA
20250602_193737.jpg,/storage/emulated/0/DCIM/Camera/20250602_193737.jpg,2119285,CAMERA
20250602_193736(0).jpg,/storage/emulated/0/DCIM/Camera/20250602_193736(0).jpg,2122917,CAMERA
20250602_193736.jpg,/storage/emulated/0/DCIM/Camera/20250602_193736.jpg,2008148,CAMERA
20250602_193650.jpg,/storage/emulated/0/DCIM/Camera/20250602_193650.jpg,2147115,CAMERA
20250602_193649.jpg,/storage/emulated/0/DCIM/Camera/20250602_193649.jpg,2066185,CAMERA
20250602_193648.jpg,/storage/emulated/0/DCIM/Camera/20250602_193648.jpg,1946580,CAMERA
20250602_193648(0).jpg,/storage/emulated/0/DCIM/Camera/20250602_193648(0).jpg,2129438,CAMERA
20250602_193647.jpg,/storage/emulated/0/DCIM/Camera/20250602_193647.jpg,2046704,CAMERA
20250602_193645(0).jpg,/storage/emulated/0/DCIM/Camera/20250602_193645(0).jpg,2125424,CAMERA
20250602_193644(1).jpg,/storage/emulated/0/DCIM/Camera/20250602_193644(1).jpg,2042203,CAMERA
20250602_193646.jpg,/storage/emulated/0/DCIM/Camera/20250602_193646.jpg,1985124,CAMERA
20250602_193645.jpg,/storage/emulated/0/DCIM/Camera/20250602_193645.jpg,2203152,CAMERA
20250602_193644(0).jpg,/storage/emulated/0/DCIM/Camera/20250602_193644(0).jpg,1998655,CAMERA
20250602_193643(0).jpg,/storage/emulated/0/DCIM/Camera/20250602_193643(0).jpg,1999329,CAMERA
20250602_193644.jpg,/storage/emulated/0/DCIM/Camera/20250602_193644.jpg,2097083,CAMERA
20250602_193643.jpg,/storage/emulated/0/DCIM/Camera/20250602_193643.jpg,2042163,CAMERA
20250602_193638.jpg,/storage/emulated/0/DCIM/Camera/20250602_193638.jpg,2148596,CAMERA
20250602_193637.jpg,/storage/emulated/0/DCIM/Camera/20250602_193637.jpg,2164207,CAMERA
20250602_193635.jpg,/storage/emulated/0/DCIM/Camera/20250602_193635.jpg,2167355,CAMERA
20250602_193636.jpg,/storage/emulated/0/DCIM/Camera/20250602_193636.jpg,2181732,CAMERA
20250602_193632.jpg,/storage/emulated/0/DCIM/Camera/20250602_193632.jpg,2112928,CAMERA
20250602_193631(0).jpg,/storage/emulated/0/DCIM/Camera/20250602_193631(0).jpg,2000808,CAMERA
20250602_193631.jpg,/storage/emulated/0/DCIM/Camera/20250602_193631.jpg,2057828,CAMERA
20250602_193628(0).jpg,/storage/emulated/0/DCIM/Camera/20250602_193628(0).jpg,1988457,CAMERA
20250602_193628.jpg,/storage/emulated/0/DCIM/Camera/20250602_193628.jpg,2073481,CAMERA
20250602_193625.jpg,/storage/emulated/0/DCIM/Camera/20250602_193625.jpg,2205287,CAMERA
20250602_193626.jpg,/storage/emulated/0/DCIM/Camera/20250602_193626.jpg,2137077,CAMERA
20250602_193624.jpg,/storage/emulated/0/DCIM/Camera/20250602_193624.jpg,2140871,CAMERA
20250602_193520(0).jpg,/storage/emulated/0/DCIM/Camera/20250602_193520(0).jpg,2328079,CAMERA
20250602_193523.jpg,/storage/emulated/0/DCIM/Camera/20250602_193523.jpg,2340308,CAMERA
20250602_193528.jpg,/storage/emulated/0/DCIM/Camera/20250602_193528.jpg,2425259,CAMERA
20250602_193529.jpg,/storage/emulated/0/DCIM/Camera/20250602_193529.jpg,2229762,CAMERA
20250602_193528(0).jpg,/storage/emulated/0/DCIM/Camera/20250602_193528(0).jpg,2347720,CAMERA
20250602_193527(0).jpg,/storage/emulated/0/DCIM/Camera/20250602_193527(0).jpg,2285012,CAMERA
20250602_193527.jpg,/storage/emulated/0/DCIM/Camera/20250602_193527.jpg,2300224,CAMERA
20250602_193526.jpg,/storage/emulated/0/DCIM/Camera/20250602_193526.jpg,2258483,CAMERA
20250602_193525.jpg,/storage/emulated/0/DCIM/Camera/20250602_193525.jpg,2300745,CAMERA
20250602_193524.jpg,/storage/emulated/0/DCIM/Camera/20250602_193524.jpg,2260520,CAMERA
20250602_193523(0).jpg,/storage/emulated/0/DCIM/Camera/20250602_193523(0).jpg,2305268,CAMERA
20250602_193522(0).jpg,/storage/emulated/0/DCIM/Camera/20250602_193522(0).jpg,2340356,CAMERA
20250602_193522.jpg,/storage/emulated/0/DCIM/Camera/20250602_193522.jpg,2257587,CAMERA
20250602_193521.jpg,/storage/emulated/0/DCIM/Camera/20250602_193521.jpg,2335033,CAMERA
20250602_193520.jpg,/storage/emulated/0/DCIM/Camera/20250602_193520.jpg,2309726,CAMERA
20250602_193512(0).jpg,/storage/emulated/0/DCIM/Camera/20250602_193512(0).jpg,2080795,CAMERA
20250602_193513.jpg,/storage/emulated/0/DCIM/Camera/20250602_193513.jpg,2173241,CAMERA
20250602_193512.jpg,/storage/emulated/0/DCIM/Camera/20250602_193512.jpg,2306879,CAMERA
20250602_193509.jpg,/storage/emulated/0/DCIM/Camera/20250602_193509.jpg,2346110,CAMERA
20250602_193508(0).jpg,/storage/emulated/0/DCIM/Camera/20250602_193508(0).jpg,2340430,CAMERA
20250602_193508.jpg,/storage/emulated/0/DCIM/Camera/20250602_193508.jpg,1922950,CAMERA
20250602_193507.jpg,/storage/emulated/0/DCIM/Camera/20250602_193507.jpg,2037980,CAMERA
20250602_193434.jpg,/storage/emulated/0/DCIM/Camera/20250602_193434.jpg,2300846,CAMERA
20250602_193432.jpg,/storage/emulated/0/DCIM/Camera/20250602_193432.jpg,2314565,CAMERA
20250602_193431.jpg,/storage/emulated/0/DCIM/Camera/20250602_193431.jpg,2357960,CAMERA
20250602_193430.jpg,/storage/emulated/0/DCIM/Camera/20250602_193430.jpg,2348992,CAMERA
20250602_193428.jpg,/storage/emulated/0/DCIM/Camera/20250602_193428.jpg,2331337,CAMERA
20250602_193429.jpg,/storage/emulated/0/DCIM/Camera/20250602_193429.jpg,2281330,CAMERA
20250602_193427.jpg,/storage/emulated/0/DCIM/Camera/20250602_193427.jpg,2326146,CAMERA
20250602_193426.jpg,/storage/emulated/0/DCIM/Camera/20250602_193426.jpg,2367352,CAMERA
20250602_193425.jpg,/storage/emulated/0/DCIM/Camera/20250602_193425.jpg,2379379,CAMERA
20250602_193424.jpg,/storage/emulated/0/DCIM/Camera/20250602_193424.jpg,2385619,CAMERA
20250602_193423.jpg,/storage/emulated/0/DCIM/Camera/20250602_193423.jpg,2394786,CAMERA
20250602_193421.jpg,/storage/emulated/0/DCIM/Camera/20250602_193421.jpg,2402211,CAMERA
20250602_193418.jpg,/storage/emulated/0/DCIM/Camera/20250602_193418.jpg,2394232,CAMERA
20250602_193417.jpg,/storage/emulated/0/DCIM/Camera/20250602_193417.jpg,2410549,CAMERA
20250602_193416.jpg,/storage/emulated/0/DCIM/Camera/20250602_193416.jpg,2432849,CAMERA
20250602_193415.jpg,/storage/emulated/0/DCIM/Camera/20250602_193415.jpg,2390988,CAMERA
20250602_193413.jpg,/storage/emulated/0/DCIM/Camera/20250602_193413.jpg,2350085,CAMERA
20250602_193412.jpg,/storage/emulated/0/DCIM/Camera/20250602_193412.jpg,2335364,CAMERA
20250602_193411.jpg,/storage/emulated/0/DCIM/Camera/20250602_193411.jpg,2331434,CAMERA
20250602_193312(0).jpg,/storage/emulated/0/DCIM/Camera/20250602_193312(0).jpg,2338702,CAMERA
20250602_193311.jpg,/storage/emulated/0/DCIM/Camera/20250602_193311.jpg,2332778,CAMERA
20250602_193312.jpg,/storage/emulated/0/DCIM/Camera/20250602_193312.jpg,2352236,CAMERA
20250602_193304.jpg,/storage/emulated/0/DCIM/Camera/20250602_193304.jpg,2239012,CAMERA
20250602_193301.jpg,/storage/emulated/0/DCIM/Camera/20250602_193301.jpg,2308903,CAMERA
20250602_193258.jpg,/storage/emulated/0/DCIM/Camera/20250602_193258.jpg,2266438,CAMERA
20250602_193236(0).jpg,/storage/emulated/0/DCIM/Camera/20250602_193236(0).jpg,2358343,CAMERA
20250602_193237(0).jpg,/storage/emulated/0/DCIM/Camera/20250602_193237(0).jpg,2297854,CAMERA
20250602_193239(0).jpg,/storage/emulated/0/DCIM/Camera/20250602_193239(0).jpg,2295702,CAMERA
20250602_193239.jpg,/storage/emulated/0/DCIM/Camera/20250602_193239.jpg,2212755,CAMERA
20250602_193240.jpg,/storage/emulated/0/DCIM/Camera/20250602_193240.jpg,2265281,CAMERA
20250602_193238.jpg,/storage/emulated/0/DCIM/Camera/20250602_193238.jpg,2287986,CAMERA
20250602_193237.jpg,/storage/emulated/0/DCIM/Camera/20250602_193237.jpg,2389238,CAMERA
20250602_193237(1).jpg,/storage/emulated/0/DCIM/Camera/20250602_193237(1).jpg,2289291,CAMERA
20250602_193236.jpg,/storage/emulated/0/DCIM/Camera/20250602_193236.jpg,2254029,CAMERA
20250602_193235.jpg,/storage/emulated/0/DCIM/Camera/20250602_193235.jpg,2238284,CAMERA
20250602_193234.jpg,/storage/emulated/0/DCIM/Camera/20250602_193234.jpg,2183385,CAMERA
20250602_193233.jpg,/storage/emulated/0/DCIM/Camera/20250602_193233.jpg,2302934,CAMERA
20250602_193232.jpg,/storage/emulated/0/DCIM/Camera/20250602_193232.jpg,2264896,CAMERA
20250602_193231.jpg,/storage/emulated/0/DCIM/Camera/20250602_193231.jpg,2222895,CAMERA
20250602_193139.jpg,/storage/emulated/0/DCIM/Camera/20250602_193139.jpg,2260953,CAMERA
20250602_193138.jpg,/storage/emulated/0/DCIM/Camera/20250602_193138.jpg,2152674,CAMERA
20250602_193137(0).jpg,/storage/emulated/0/DCIM/Camera/20250602_193137(0).jpg,2099818,CAMERA
20250602_193137.jpg,/storage/emulated/0/DCIM/Camera/20250602_193137.jpg,2204133,CAMERA
20250602_193135.jpg,/storage/emulated/0/DCIM/Camera/20250602_193135.jpg,2252312,CAMERA
20250602_193135(0).jpg,/storage/emulated/0/DCIM/Camera/20250602_193135(0).jpg,2252594,CAMERA
20250602_193134.jpg,/storage/emulated/0/DCIM/Camera/20250602_193134.jpg,2280064,CAMERA
20250602_193133.jpg,/storage/emulated/0/DCIM/Camera/20250602_193133.jpg,2223128,CAMERA
20250602_193132.jpg,/storage/emulated/0/DCIM/Camera/20250602_193132.jpg,2228084,CAMERA
20250602_193131.jpg,/storage/emulated/0/DCIM/Camera/20250602_193131.jpg,2207268,CAMERA
20250602_193128.jpg,/storage/emulated/0/DCIM/Camera/20250602_193128.jpg,2175607,CAMERA
20250602_193129.jpg,/storage/emulated/0/DCIM/Camera/20250602_193129.jpg,2134993,CAMERA
20250602_193127.jpg,/storage/emulated/0/DCIM/Camera/20250602_193127.jpg,1998747,CAMERA
20250602_193055.jpg,/storage/emulated/0/DCIM/Camera/20250602_193055.jpg,2423373,CAMERA
20250602_193053.jpg,/storage/emulated/0/DCIM/Camera/20250602_193053.jpg,2420171,CAMERA
20250602_193051.jpg,/storage/emulated/0/DCIM/Camera/20250602_193051.jpg,2299697,CAMERA
20250602_193050.jpg,/storage/emulated/0/DCIM/Camera/20250602_193050.jpg,2328014,CAMERA
20250602_193033.jpg,/storage/emulated/0/DCIM/Camera/20250602_193033.jpg,2177124,CAMERA
20250602_193032(0).jpg,/storage/emulated/0/DCIM/Camera/20250602_193032(0).jpg,2148539,CAMERA
20250602_193032.jpg,/storage/emulated/0/DCIM/Camera/20250602_193032.jpg,2187254,CAMERA
20250602_193027(0).jpg,/storage/emulated/0/DCIM/Camera/20250602_193027(0).jpg,2284998,CAMERA
20250602_193027.jpg,/storage/emulated/0/DCIM/Camera/20250602_193027.jpg,2257418,CAMERA
20250602_193026.jpg,/storage/emulated/0/DCIM/Camera/20250602_193026.jpg,2308539,CAMERA
20250602_193022.jpg,/storage/emulated/0/DCIM/Camera/20250602_193022.jpg,2189506,CAMERA
20250602_193021.jpg,/storage/emulated/0/DCIM/Camera/20250602_193021.jpg,2174256,CAMERA
20250602_193020.jpg,/storage/emulated/0/DCIM/Camera/20250602_193020.jpg,2143084,CAMERA
20250602_193017.jpg,/storage/emulated/0/DCIM/Camera/20250602_193017.jpg,2278647,CAMERA
20250602_193017(0).jpg,/storage/emulated/0/DCIM/Camera/20250602_193017(0).jpg,2200699,CAMERA
20250602_192917.jpg,/storage/emulated/0/DCIM/Camera/20250602_192917.jpg,2214357,CAMERA
20250602_192916.jpg,/storage/emulated/0/DCIM/Camera/20250602_192916.jpg,2242816,CAMERA
20250602_192915.jpg,/storage/emulated/0/DCIM/Camera/20250602_192915.jpg,2226702,CAMERA
20250602_192914.jpg,/storage/emulated/0/DCIM/Camera/20250602_192914.jpg,2094586,CAMERA
20250602_192913(0).jpg,/storage/emulated/0/DCIM/Camera/20250602_192913(0).jpg,2165262,CAMERA
20250602_192913.jpg,/storage/emulated/0/DCIM/Camera/20250602_192913.jpg,2221873,CAMERA
20250602_192912.jpg,/storage/emulated/0/DCIM/Camera/20250602_192912.jpg,2203929,CAMERA
20250602_192912(0).jpg,/storage/emulated/0/DCIM/Camera/20250602_192912(0).jpg,2189676,CAMERA
20250602_192909.jpg,/storage/emulated/0/DCIM/Camera/20250602_192909.jpg,2107623,CAMERA
20250602_192909(0).jpg,/storage/emulated/0/DCIM/Camera/20250602_192909(0).jpg,2098630,CAMERA
20250602_192908(0).jpg,/storage/emulated/0/DCIM/Camera/20250602_192908(0).jpg,2168917,CAMERA
20250602_192908.jpg,/storage/emulated/0/DCIM/Camera/20250602_192908.jpg,2339903,CAMERA
20250602_192907.jpg,/storage/emulated/0/DCIM/Camera/20250602_192907.jpg,2233584,CAMERA
20250602_192621.jpg,/storage/emulated/0/DCIM/Camera/20250602_192621.jpg,2483864,CAMERA
20250602_192619.jpg,/storage/emulated/0/DCIM/Camera/20250602_192619.jpg,2532950,CAMERA
20250602_192617.jpg,/storage/emulated/0/DCIM/Camera/20250602_192617.jpg,1890220,CAMERA
20250602_192533.jpg,/storage/emulated/0/DCIM/Camera/20250602_192533.jpg,2386206,CAMERA
20250602_192531(0).jpg,/storage/emulated/0/DCIM/Camera/20250602_192531(0).jpg,2197897,CAMERA
20250602_192532(0).jpg,/storage/emulated/0/DCIM/Camera/20250602_192532(0).jpg,2199100,CAMERA
20250602_192532.jpg,/storage/emulated/0/DCIM/Camera/20250602_192532.jpg,2238036,CAMERA
20250602_192531.jpg,/storage/emulated/0/DCIM/Camera/20250602_192531.jpg,2247592,CAMERA
20250602_192530.jpg,/storage/emulated/0/DCIM/Camera/20250602_192530.jpg,2271759,CAMERA
20250602_192450.jpg,/storage/emulated/0/DCIM/Camera/20250602_192450.jpg,2094033,CAMERA
20250602_192449.jpg,/storage/emulated/0/DCIM/Camera/20250602_192449.jpg,2055621,CAMERA
20250602_192448.jpg,/storage/emulated/0/DCIM/Camera/20250602_192448.jpg,2083408,CAMERA
20250602_192441.jpg,/storage/emulated/0/DCIM/Camera/20250602_192441.jpg,2113447,CAMERA
20250602_192440(0).jpg,/storage/emulated/0/DCIM/Camera/20250602_192440(0).jpg,1992764,CAMERA
20250602_192440.jpg,/storage/emulated/0/DCIM/Camera/20250602_192440.jpg,2207860,CAMERA
20250602_192439.jpg,/storage/emulated/0/DCIM/Camera/20250602_192439.jpg,2135860,CAMERA
20250602_192330.jpg,/storage/emulated/0/DCIM/Camera/20250602_192330.jpg,2132728,CAMERA
20250602_192326.jpg,/storage/emulated/0/DCIM/Camera/20250602_192326.jpg,2140762,CAMERA
20250602_192323.jpg,/storage/emulated/0/DCIM/Camera/20250602_192323.jpg,2339019,CAMERA
20250602_192318.jpg,/storage/emulated/0/DCIM/Camera/20250602_192318.jpg,2356689,CAMERA
20250602_191459.jpg,/storage/emulated/0/DCIM/Camera/20250602_191459.jpg,1792875,CAMERA
20250602_191457.jpg,/storage/emulated/0/DCIM/Camera/20250602_191457.jpg,1752934,CAMERA
20250602_191456.jpg,/storage/emulated/0/DCIM/Camera/20250602_191456.jpg,1813688,CAMERA
20250602_191455.jpg,/storage/emulated/0/DCIM/Camera/20250602_191455.jpg,1852773,CAMERA
20250602_190645.jpg,/storage/emulated/0/DCIM/Camera/20250602_190645.jpg,2339581,CAMERA
20250602_190640.jpg,/storage/emulated/0/DCIM/Camera/20250602_190640.jpg,2369694,CAMERA
20250602_184637.jpg,/storage/emulated/0/DCIM/Camera/20250602_184637.jpg,1949532,CAMERA
20250602_184549.jpg,/storage/emulated/0/DCIM/Camera/20250602_184549.jpg,1893328,CAMERA
20250602_184545.jpg,/storage/emulated/0/DCIM/Camera/20250602_184545.jpg,2163348,CAMERA
20250602_182405.mp4,/storage/emulated/0/DCIM/Camera/20250602_182405.mp4,75771090,CAMERA
20250602_182321.jpg,/storage/emulated/0/DCIM/Camera/20250602_182321.jpg,2212193,CAMERA
20250602_182318.jpg,/storage/emulated/0/DCIM/Camera/20250602_182318.jpg,6139718,CAMERA
20250602_182312.jpg,/storage/emulated/0/DCIM/Camera/20250602_182312.jpg,5980335,CAMERA
20250602_182303.jpg,/storage/emulated/0/DCIM/Camera/20250602_182303.jpg,2287662,CAMERA
20250602_182301.jpg,/storage/emulated/0/DCIM/Camera/20250602_182301.jpg,2415800,CAMERA
20250602_182259.jpg,/storage/emulated/0/DCIM/Camera/20250602_182259.jpg,2445970,CAMERA
20250602_182159.jpg,/storage/emulated/0/DCIM/Camera/20250602_182159.jpg,2188306,CAMERA
20250602_182042.jpg,/storage/emulated/0/DCIM/Camera/20250602_182042.jpg,2240163,CAMERA
20250602_181946.jpg,/storage/emulated/0/DCIM/Camera/20250602_181946.jpg,2735919,CAMERA
20250602_181944.jpg,/storage/emulated/0/DCIM/Camera/20250602_181944.jpg,2020905,CAMERA
20250602_181939.jpg,/storage/emulated/0/DCIM/Camera/20250602_181939.jpg,2057424,CAMERA
20250602_181937.jpg,/storage/emulated/0/DCIM/Camera/20250602_181937.jpg,1860714,CAMERA
20250529_233222.jpg,/storage/emulated/0/DCIM/Camera/20250529_233222.jpg,2168962,CAMERA
20250529_232823.jpg,/storage/emulated/0/DCIM/Camera/20250529_232823.jpg,2238070,CAMERA
20250529_232816.jpg,/storage/emulated/0/DCIM/Camera/20250529_232816.jpg,3007084,CAMERA
20250527_203734.jpg,/storage/emulated/0/DCIM/Camera/20250527_203734.jpg,2396184,CAMERA
20250526_213321.jpg,/storage/emulated/0/DCIM/Camera/20250526_213321.jpg,1951093,CAMERA
20250525_194300.jpg,/storage/emulated/0/DCIM/Camera/20250525_194300.jpg,2423394,CAMERA
20250525_130428.mp4,/storage/emulated/0/DCIM/Camera/20250525_130428.mp4,19662620,CAMERA
20250524_201511.jpg,/storage/emulated/0/DCIM/Camera/20250524_201511.jpg,1867803,CAMERA
20250524_201508.jpg,/storage/emulated/0/DCIM/Camera/20250524_201508.jpg,1558667,CAMERA
20250524_201506.jpg,/storage/emulated/0/DCIM/Camera/20250524_201506.jpg,1570709,CAMERA
20250524_201502.jpg,/storage/emulated/0/DCIM/Camera/20250524_201502.jpg,1734779,CAMERA
20250524_201501.jpg,/storage/emulated/0/DCIM/Camera/20250524_201501.jpg,1953822,CAMERA
20250524_201454.jpg,/storage/emulated/0/DCIM/Camera/20250524_201454.jpg,1853236,CAMERA
20250524_201447.jpg,/storage/emulated/0/DCIM/Camera/20250524_201447.jpg,1584300,CAMERA
20250524_201444.jpg,/storage/emulated/0/DCIM/Camera/20250524_201444.jpg,2047534,CAMERA
20250524_201442.jpg,/storage/emulated/0/DCIM/Camera/20250524_201442.jpg,1984432,CAMERA
20250524_201433.jpg,/storage/emulated/0/DCIM/Camera/20250524_201433.jpg,1245469,CAMERA
20250524_201417.jpg,/storage/emulated/0/DCIM/Camera/20250524_201417.jpg,1344358,CAMERA
20250522_232703.jpg,/storage/emulated/0/DCIM/Camera/20250522_232703.jpg,2231937,CAMERA
20250522_232639.jpg,/storage/emulated/0/DCIM/Camera/20250522_232639.jpg,2180048,CAMERA
20250522_232617.jpg,/storage/emulated/0/DCIM/Camera/20250522_232617.jpg,2222895,CAMERA
20250522_232608.jpg,/storage/emulated/0/DCIM/Camera/20250522_232608.jpg,2166507,CAMERA
20250522_232556.jpg,/storage/emulated/0/DCIM/Camera/20250522_232556.jpg,2236380,CAMERA
20250522_232541.jpg,/storage/emulated/0/DCIM/Camera/20250522_232541.jpg,2158589,CAMERA
20250522_232529.jpg,/storage/emulated/0/DCIM/Camera/20250522_232529.jpg,2220724,CAMERA
20250522_232518.jpg,/storage/emulated/0/DCIM/Camera/20250522_232518.jpg,2174916,CAMERA
20250522_232504.jpg,/storage/emulated/0/DCIM/Camera/20250522_232504.jpg,2165921,CAMERA
20250521_203922.jpg,/storage/emulated/0/DCIM/Camera/20250521_203922.jpg,1444093,CAMERA
20250521_203912.jpg,/storage/emulated/0/DCIM/Camera/20250521_203912.jpg,1420491,CAMERA
20250521_195037.mp4,/storage/emulated/0/DCIM/Camera/20250521_195037.mp4,24391935,CAMERA
20250518_015633.jpg,/storage/emulated/0/DCIM/Camera/20250518_015633.jpg,1223580,CAMERA
20250518_015456.jpg,/storage/emulated/0/DCIM/Camera/20250518_015456.jpg,2161545,CAMERA
20250518_005433.jpg,/storage/emulated/0/DCIM/Camera/20250518_005433.jpg,2434135,CAMERA
20250516_122331.jpg,/storage/emulated/0/DCIM/Camera/20250516_122331.jpg,4291830,CAMERA
20250516_122328.jpg,/storage/emulated/0/DCIM/Camera/20250516_122328.jpg,4094599,CAMERA
20250514_210515.jpg,/storage/emulated/0/DCIM/Camera/20250514_210515.jpg,4869505,CAMERA
20250513_170926.jpg,/storage/emulated/0/DCIM/Camera/20250513_170926.jpg,4679815,CAMERA
20250513_155144.jpg,/storage/emulated/0/DCIM/Camera/20250513_155144.jpg,3995686,CAMERA
20250513_155140.jpg,/storage/emulated/0/DCIM/Camera/20250513_155140.jpg,4003315,CAMERA
20250513_155132.jpg,/storage/emulated/0/DCIM/Camera/20250513_155132.jpg,4051591,CAMERA
20250513_155127.jpg,/storage/emulated/0/DCIM/Camera/20250513_155127.jpg,3097391,CAMERA
20250513_155125.jpg,/storage/emulated/0/DCIM/Camera/20250513_155125.jpg,3056069,CAMERA
20250513_155114.jpg,/storage/emulated/0/DCIM/Camera/20250513_155114.jpg,6567003,CAMERA
20250510_150250.jpg,/storage/emulated/0/DCIM/Camera/20250510_150250.jpg,5153950,CAMERA
20250510_150231.jpg,/storage/emulated/0/DCIM/Camera/20250510_150231.jpg,5156366,CAMERA
20250508_204822.jpg,/storage/emulated/0/DCIM/Camera/20250508_204822.jpg,5616461,CAMERA
20250506_144434.jpg,/storage/emulated/0/DCIM/Camera/20250506_144434.jpg,6376962,CAMERA
20250506_144421.jpg,/storage/emulated/0/DCIM/Camera/20250506_144421.jpg,6471826,CAMERA
20250506_144416.jpg,/storage/emulated/0/DCIM/Camera/20250506_144416.jpg,6366936,CAMERA
20250504_215328.jpg,/storage/emulated/0/DCIM/Camera/20250504_215328.jpg,5357712,CAMERA
20250504_215327.jpg,/storage/emulated/0/DCIM/Camera/20250504_215327.jpg,5106688,CAMERA
20250504_215318.jpg,/storage/emulated/0/DCIM/Camera/20250504_215318.jpg,6111228,CAMERA
20250504_215031.jpg,/storage/emulated/0/DCIM/Camera/20250504_215031.jpg,4671251,CAMERA
20250504_215027.jpg,/storage/emulated/0/DCIM/Camera/20250504_215027.jpg,4713475,CAMERA
20250504_215013.jpg,/storage/emulated/0/DCIM/Camera/20250504_215013.jpg,2210250,CAMERA
20250504_215008.jpg,/storage/emulated/0/DCIM/Camera/20250504_215008.jpg,2419486,CAMERA
20250504_214958.jpg,/storage/emulated/0/DCIM/Camera/20250504_214958.jpg,1800551,CAMERA
20250504_214955.jpg,/storage/emulated/0/DCIM/Camera/20250504_214955.jpg,1956153,CAMERA
20250504_214951.jpg,/storage/emulated/0/DCIM/Camera/20250504_214951.jpg,1435333,CAMERA
20250504_214922.jpg,/storage/emulated/0/DCIM/Camera/20250504_214922.jpg,2188148,CAMERA
20250504_214914.jpg,/storage/emulated/0/DCIM/Camera/20250504_214914.jpg,2069965,CAMERA
20250504_214835.jpg,/storage/emulated/0/DCIM/Camera/20250504_214835.jpg,2605919,CAMERA
20250504_214833.jpg,/storage/emulated/0/DCIM/Camera/20250504_214833.jpg,3020388,CAMERA
20250504_214830.jpg,/storage/emulated/0/DCIM/Camera/20250504_214830.jpg,2718436,CAMERA
20250504_214829.jpg,/storage/emulated/0/DCIM/Camera/20250504_214829.jpg,2632188,CAMERA
20250504_214826.jpg,/storage/emulated/0/DCIM/Camera/20250504_214826.jpg,2650033,CAMERA
20250504_214823.jpg,/storage/emulated/0/DCIM/Camera/20250504_214823.jpg,2474301,CAMERA
20250504_214816.jpg,/storage/emulated/0/DCIM/Camera/20250504_214816.jpg,1884070,CAMERA
20250504_214753.jpg,/storage/emulated/0/DCIM/Camera/20250504_214753.jpg,2407940,CAMERA
20250504_214750.jpg,/storage/emulated/0/DCIM/Camera/20250504_214750.jpg,2807646,CAMERA
20250504_214747.jpg,/storage/emulated/0/DCIM/Camera/20250504_214747.jpg,2472372,CAMERA
20250504_214634.jpg,/storage/emulated/0/DCIM/Camera/20250504_214634.jpg,1944800,CAMERA
20250504_214631.jpg,/storage/emulated/0/DCIM/Camera/20250504_214631.jpg,1925784,CAMERA
20250504_214629.jpg,/storage/emulated/0/DCIM/Camera/20250504_214629.jpg,1960319,CAMERA
20250504_214550.jpg,/storage/emulated/0/DCIM/Camera/20250504_214550.jpg,2817641,CAMERA
20250504_214443.jpg,/storage/emulated/0/DCIM/Camera/20250504_214443.jpg,1402012,CAMERA
20250504_214433.jpg,/storage/emulated/0/DCIM/Camera/20250504_214433.jpg,1424497,CAMERA
20250504_214429.jpg,/storage/emulated/0/DCIM/Camera/20250504_214429.jpg,1462177,CAMERA
20250504_214415.jpg,/storage/emulated/0/DCIM/Camera/20250504_214415.jpg,1121067,CAMERA
20250504_214407.jpg,/storage/emulated/0/DCIM/Camera/20250504_214407.jpg,2465999,CAMERA
20250504_214403.jpg,/storage/emulated/0/DCIM/Camera/20250504_214403.jpg,2072962,CAMERA
20250504_214352.jpg,/storage/emulated/0/DCIM/Camera/20250504_214352.jpg,2330900,CAMERA
20250504_212426.jpg,/storage/emulated/0/DCIM/Camera/20250504_212426.jpg,1583973,CAMERA
20250504_211615.mp4,/storage/emulated/0/DCIM/Camera/20250504_211615.mp4,140786917,CAMERA
20250503_230032.jpg,/storage/emulated/0/DCIM/Camera/20250503_230032.jpg,2380998,CAMERA
20250503_230014.jpg,/storage/emulated/0/DCIM/Camera/20250503_230014.jpg,2678632,CAMERA
20250503_230003.jpg,/storage/emulated/0/DCIM/Camera/20250503_230003.jpg,6640760,CAMERA
20250503_150841.mp4,/storage/emulated/0/DCIM/Camera/20250503_150841.mp4,788842188,CAMERA
20250502_220353.jpg,/storage/emulated/0/DCIM/Camera/20250502_220353.jpg,4582111,CAMERA
20250502_220317.jpg,/storage/emulated/0/DCIM/Camera/20250502_220317.jpg,2332189,CAMERA
20250502_220257.jpg,/storage/emulated/0/DCIM/Camera/20250502_220257.jpg,2710523,CAMERA
20250502_092457.jpg,/storage/emulated/0/DCIM/Camera/20250502_092457.jpg,2746093,CAMERA
20250502_092453.jpg,/storage/emulated/0/DCIM/Camera/20250502_092453.jpg,2442324,CAMERA
20250502_092447.jpg,/storage/emulated/0/DCIM/Camera/20250502_092447.jpg,2568656,CAMERA
20250502_092440.jpg,/storage/emulated/0/DCIM/Camera/20250502_092440.jpg,2460590,CAMERA
20250502_092433.jpg,/storage/emulated/0/DCIM/Camera/20250502_092433.jpg,2436098,CAMERA
20250502_091337.jpg,/storage/emulated/0/DCIM/Camera/20250502_091337.jpg,1546896,CAMERA
20250502_091336.jpg,/storage/emulated/0/DCIM/Camera/20250502_091336.jpg,1590134,CAMERA
20250502_091104.jpg,/storage/emulated/0/DCIM/Camera/20250502_091104.jpg,1656222,CAMERA
20250502_091059.jpg,/storage/emulated/0/DCIM/Camera/20250502_091059.jpg,1529722,CAMERA
20250502_091054.jpg,/storage/emulated/0/DCIM/Camera/20250502_091054.jpg,2535072,CAMERA
20250501_224834.jpg,/storage/emulated/0/DCIM/Camera/20250501_224834.jpg,2540472,CAMERA
20250430_234626.jpg,/storage/emulated/0/DCIM/Camera/20250430_234626.jpg,2432169,CAMERA
20250430_234602.jpg,/storage/emulated/0/DCIM/Camera/20250430_234602.jpg,3083599,CAMERA
20250430_130101.jpg,/storage/emulated/0/DCIM/Camera/20250430_130101.jpg,1282794,CAMERA
20250430_130037.jpg,/storage/emulated/0/DCIM/Camera/20250430_130037.jpg,1325772,CAMERA
20250430_120037.jpg,/storage/emulated/0/DCIM/Camera/20250430_120037.jpg,2485467,CAMERA
20250430_120034.jpg,/storage/emulated/0/DCIM/Camera/20250430_120034.jpg,2268625,CAMERA
20250429_132705.jpg,/storage/emulated/0/DCIM/Camera/20250429_132705.jpg,2345299,CAMERA
20250429_132655.jpg,/storage/emulated/0/DCIM/Camera/20250429_132655.jpg,2378348,CAMERA
20250429_132636.jpg,/storage/emulated/0/DCIM/Camera/20250429_132636.jpg,2349380,CAMERA
20250429_120814.jpg,/storage/emulated/0/DCIM/Camera/20250429_120814.jpg,2399973,CAMERA
20250429_120809.jpg,/storage/emulated/0/DCIM/Camera/20250429_120809.jpg,2324390,CAMERA
20250429_120745.jpg,/storage/emulated/0/DCIM/Camera/20250429_120745.jpg,2386514,CAMERA
20250429_120740.jpg,/storage/emulated/0/DCIM/Camera/20250429_120740.jpg,2374966,CAMERA
20250429_120738.jpg,/storage/emulated/0/DCIM/Camera/20250429_120738.jpg,2352412,CAMERA
20250429_120735.jpg,/storage/emulated/0/DCIM/Camera/20250429_120735.jpg,2325538,CAMERA
20250429_120643.jpg,/storage/emulated/0/DCIM/Camera/20250429_120643.jpg,2277119,CAMERA
20250429_120638.jpg,/storage/emulated/0/DCIM/Camera/20250429_120638.jpg,2470133,CAMERA
20250429_120633.jpg,/storage/emulated/0/DCIM/Camera/20250429_120633.jpg,2274240,CAMERA
20250429_120521.jpg,/storage/emulated/0/DCIM/Camera/20250429_120521.jpg,2198442,CAMERA
20250429_120517.jpg,/storage/emulated/0/DCIM/Camera/20250429_120517.jpg,2365070,CAMERA
20250429_120515.jpg,/storage/emulated/0/DCIM/Camera/20250429_120515.jpg,2297469,CAMERA
20250429_090643.jpg,/storage/emulated/0/DCIM/Camera/20250429_090643.jpg,2195301,CAMERA
20250429_090641.jpg,/storage/emulated/0/DCIM/Camera/20250429_090641.jpg,2223034,CAMERA
20250428_205213.jpg,/storage/emulated/0/DCIM/Camera/20250428_205213.jpg,2820565,CAMERA
20250428_162608.jpg,/storage/emulated/0/DCIM/Camera/20250428_162608.jpg,1355935,CAMERA
20250428_162602.jpg,/storage/emulated/0/DCIM/Camera/20250428_162602.jpg,1598348,CAMERA
20250428_161622.jpg,/storage/emulated/0/DCIM/Camera/20250428_161622.jpg,2095237,CAMERA
20250428_161621.jpg,/storage/emulated/0/DCIM/Camera/20250428_161621.jpg,2085966,CAMERA
20250426_010247.jpg,/storage/emulated/0/DCIM/Camera/20250426_010247.jpg,2271178,CAMERA
20250426_010223.jpg,/storage/emulated/0/DCIM/Camera/20250426_010223.jpg,2030920,CAMERA
20250426_010220.jpg,/storage/emulated/0/DCIM/Camera/20250426_010220.jpg,1588263,CAMERA
20250426_010216.jpg,/storage/emulated/0/DCIM/Camera/20250426_010216.jpg,2103679,CAMERA
20250426_010213.jpg,/storage/emulated/0/DCIM/Camera/20250426_010213.jpg,2614553,CAMERA
20250426_010205.jpg,/storage/emulated/0/DCIM/Camera/20250426_010205.jpg,2684018,CAMERA
20250422_100052.jpg,/storage/emulated/0/DCIM/Camera/20250422_100052.jpg,2586937,CAMERA
20250422_100044.jpg,/storage/emulated/0/DCIM/Camera/20250422_100044.jpg,1844910,CAMERA
20250420_120802.jpg,/storage/emulated/0/DCIM/Camera/20250420_120802.jpg,1287042,CAMERA
20250420_120746.jpg,/storage/emulated/0/DCIM/Camera/20250420_120746.jpg,1277156,CAMERA
20250420_120722.jpg,/storage/emulated/0/DCIM/Camera/20250420_120722.jpg,1292432,CAMERA
20250420_120652.jpg,/storage/emulated/0/DCIM/Camera/20250420_120652.jpg,1182536,CAMERA
20250420_112624.jpg,/storage/emulated/0/DCIM/Camera/20250420_112624.jpg,2052585,CAMERA
20250420_112620.jpg,/storage/emulated/0/DCIM/Camera/20250420_112620.jpg,1935169,CAMERA
20250419_170752.jpg,/storage/emulated/0/DCIM/Camera/20250419_170752.jpg,1842175,CAMERA
20250419_170744.jpg,/storage/emulated/0/DCIM/Camera/20250419_170744.jpg,2169312,CAMERA
20250419_170730.jpg,/storage/emulated/0/DCIM/Camera/20250419_170730.jpg,2169495,CAMERA
20250418_191048.jpg,/storage/emulated/0/DCIM/Camera/20250418_191048.jpg,2369692,CAMERA
20250418_191039.jpg,/storage/emulated/0/DCIM/Camera/20250418_191039.jpg,2165131,CAMERA
20250418_191037.jpg,/storage/emulated/0/DCIM/Camera/20250418_191037.jpg,2675737,CAMERA
20250417_200323.mp4,/storage/emulated/0/DCIM/Camera/20250417_200323.mp4,17619929,CAMERA
20250417_200203.mp4,/storage/emulated/0/DCIM/Camera/20250417_200203.mp4,56562308,CAMERA
20250417_133149.jpg,/storage/emulated/0/DCIM/Camera/20250417_133149.jpg,1314843,CAMERA
20250417_133116.jpg,/storage/emulated/0/DCIM/Camera/20250417_133116.jpg,1353124,CAMERA
20250417_133110.jpg,/storage/emulated/0/DCIM/Camera/20250417_133110.jpg,1357727,CAMERA
20250416_232224.jpg,/storage/emulated/0/DCIM/Camera/20250416_232224.jpg,2459061,CAMERA
20250416_232218.jpg,/storage/emulated/0/DCIM/Camera/20250416_232218.jpg,2910576,CAMERA
20250416_232213.jpg,/storage/emulated/0/DCIM/Camera/20250416_232213.jpg,2336504,CAMERA
20250414_201950.jpg,/storage/emulated/0/DCIM/Camera/20250414_201950.jpg,1908233,CAMERA
20250414_201947.jpg,/storage/emulated/0/DCIM/Camera/20250414_201947.jpg,2299619,CAMERA
20250414_201931.jpg,/storage/emulated/0/DCIM/Camera/20250414_201931.jpg,2285493,CAMERA
20250414_201801.jpg,/storage/emulated/0/DCIM/Camera/20250414_201801.jpg,2302059,CAMERA
20250414_201754.jpg,/storage/emulated/0/DCIM/Camera/20250414_201754.jpg,2292183,CAMERA
20250414_132753.jpg,/storage/emulated/0/DCIM/Camera/20250414_132753.jpg,3105745,CAMERA
20250414_132750.jpg,/storage/emulated/0/DCIM/Camera/20250414_132750.jpg,2520640,CAMERA
20250412_000224.jpg,/storage/emulated/0/DCIM/Camera/20250412_000224.jpg,2010657,CAMERA
20250410_200654.mp4,/storage/emulated/0/DCIM/Camera/20250410_200654.mp4,33948406,CAMERA
20250410_200614.jpg,/storage/emulated/0/DCIM/Camera/20250410_200614.jpg,3117871,CAMERA
20250410_200547.jpg,/storage/emulated/0/DCIM/Camera/20250410_200547.jpg,2539898,CAMERA
20250410_200539.jpg,/storage/emulated/0/DCIM/Camera/20250410_200539.jpg,2963600,CAMERA
20250410_200530.jpg,/storage/emulated/0/DCIM/Camera/20250410_200530.jpg,3022799,CAMERA
20250409_192733.mp4,/storage/emulated/0/DCIM/Camera/20250409_192733.mp4,19028490,CAMERA
20250409_120515.jpg,/storage/emulated/0/DCIM/Camera/20250409_120515.jpg,1783776,CAMERA
20250409_120511.jpg,/storage/emulated/0/DCIM/Camera/20250409_120511.jpg,2573448,CAMERA
20250409_120505.jpg,/storage/emulated/0/DCIM/Camera/20250409_120505.jpg,2388557,CAMERA
20250409_120457.jpg,/storage/emulated/0/DCIM/Camera/20250409_120457.jpg,2524549,CAMERA
20250407_234938.jpg,/storage/emulated/0/DCIM/Camera/20250407_234938.jpg,2206809,CAMERA
20250407_234931.jpg,/storage/emulated/0/DCIM/Camera/20250407_234931.jpg,2497321,CAMERA
20250407_234400.jpg,/storage/emulated/0/DCIM/Camera/20250407_234400.jpg,2779187,CAMERA
20250407_234350.jpg,/storage/emulated/0/DCIM/Camera/20250407_234350.jpg,2598300,CAMERA
20250407_234346.jpg,/storage/emulated/0/DCIM/Camera/20250407_234346.jpg,2745870,CAMERA
20250407_234332.jpg,/storage/emulated/0/DCIM/Camera/20250407_234332.jpg,2490567,CAMERA
20250407_164612(0).jpg,/storage/emulated/0/DCIM/Camera/20250407_164612(0).jpg,2501357,CAMERA
20250407_164612.jpg,/storage/emulated/0/DCIM/Camera/20250407_164612.jpg,2512949,CAMERA
20250407_164609.jpg,/storage/emulated/0/DCIM/Camera/20250407_164609.jpg,2536234,CAMERA
20250407_164605.jpg,/storage/emulated/0/DCIM/Camera/20250407_164605.jpg,2498065,CAMERA
20250406_234409.jpg,/storage/emulated/0/DCIM/Camera/20250406_234409.jpg,2290988,CAMERA
2025-02-12-221629901 (1).mp4,/storage/emulated/0/DCIM/Camera/2025-02-12-221629901 (1).mp4,27376487,CAMERA
20250406_115648.mp4,/storage/emulated/0/DCIM/Camera/20250406_115648.mp4,16152597,CAMERA
20250405_223142.jpg,/storage/emulated/0/DCIM/Camera/20250405_223142.jpg,2237324,CAMERA
20250405_223159.jpg,/storage/emulated/0/DCIM/Camera/20250405_223159.jpg,2187402,CAMERA
20250405_223136.jpg,/storage/emulated/0/DCIM/Camera/20250405_223136.jpg,2390546,CAMERA
20250405_223037.jpg,/storage/emulated/0/DCIM/Camera/20250405_223037.jpg,2096103,CAMERA
20250402_185959.jpg,/storage/emulated/0/DCIM/Camera/20250402_185959.jpg,2507168,CAMERA
20250402_185957.jpg,/storage/emulated/0/DCIM/Camera/20250402_185957.jpg,1957880,CAMERA
20250402_185955.jpg,/storage/emulated/0/DCIM/Camera/20250402_185955.jpg,2108097,CAMERA
20250402_185953.jpg,/storage/emulated/0/DCIM/Camera/20250402_185953.jpg,2015744,CAMERA
20250402_185951.jpg,/storage/emulated/0/DCIM/Camera/20250402_185951.jpg,1954642,CAMERA
20250402_182421(0).jpg,/storage/emulated/0/DCIM/Camera/20250402_182421(0).jpg,1870479,CAMERA
20250402_182421.jpg,/storage/emulated/0/DCIM/Camera/20250402_182421.jpg,1879466,CAMERA
20250402_182415.jpg,/storage/emulated/0/DCIM/Camera/20250402_182415.jpg,1885078,CAMERA
20250402_182347.jpg,/storage/emulated/0/DCIM/Camera/20250402_182347.jpg,1907724,CAMERA
20250402_182339.jpg,/storage/emulated/0/DCIM/Camera/20250402_182339.jpg,1463099,CAMERA
20250402_182329.jpg,/storage/emulated/0/DCIM/Camera/20250402_182329.jpg,2005345,CAMERA
20250402_175900.jpg,/storage/emulated/0/DCIM/Camera/20250402_175900.jpg,2050298,CAMERA
20250402_175854.jpg,/storage/emulated/0/DCIM/Camera/20250402_175854.jpg,1916579,CAMERA
20250402_175852.jpg,/storage/emulated/0/DCIM/Camera/20250402_175852.jpg,1978830,CAMERA
20250402_175846.jpg,/storage/emulated/0/DCIM/Camera/20250402_175846.jpg,2039364,CAMERA
20250402_175834(0).jpg,/storage/emulated/0/DCIM/Camera/20250402_175834(0).jpg,1998572,CAMERA
20250402_175834.jpg,/storage/emulated/0/DCIM/Camera/20250402_175834.jpg,1998255,CAMERA
20250402_175832.jpg,/storage/emulated/0/DCIM/Camera/20250402_175832.jpg,2088642,CAMERA
20250402_175828.jpg,/storage/emulated/0/DCIM/Camera/20250402_175828.jpg,1997544,CAMERA
20250402_175825.jpg,/storage/emulated/0/DCIM/Camera/20250402_175825.jpg,2024295,CAMERA
20250402_175742.jpg,/storage/emulated/0/DCIM/Camera/20250402_175742.jpg,2054446,CAMERA
20250402_175740.jpg,/storage/emulated/0/DCIM/Camera/20250402_175740.jpg,2268613,CAMERA
20250402_175719.jpg,/storage/emulated/0/DCIM/Camera/20250402_175719.jpg,2146218,CAMERA
20250402_175717.jpg,/storage/emulated/0/DCIM/Camera/20250402_175717.jpg,2158373,CAMERA
20250402_175712.jpg,/storage/emulated/0/DCIM/Camera/20250402_175712.jpg,2140028,CAMERA
20250401_153243.jpg,/storage/emulated/0/DCIM/Camera/20250401_153243.jpg,2485323,CAMERA
20250401_153204.jpg,/storage/emulated/0/DCIM/Camera/20250401_153204.jpg,2062776,CAMERA
20250401_153145.jpg,/storage/emulated/0/DCIM/Camera/20250401_153145.jpg,2219399,CAMERA
20250401_153143.jpg,/storage/emulated/0/DCIM/Camera/20250401_153143.jpg,2044974,CAMERA
20250331_194209.jpg,/storage/emulated/0/DCIM/Camera/20250331_194209.jpg,938592,CAMERA
20250331_194204.jpg,/storage/emulated/0/DCIM/Camera/20250331_194204.jpg,2562288,CAMERA
20250331_194151.jpg,/storage/emulated/0/DCIM/Camera/20250331_194151.jpg,1145495,CAMERA
20250331_185101.jpg,/storage/emulated/0/DCIM/Camera/20250331_185101.jpg,1965696,CAMERA
20250331_185056.jpg,/storage/emulated/0/DCIM/Camera/20250331_185056.jpg,1618321,CAMERA
20250331_185054.jpg,/storage/emulated/0/DCIM/Camera/20250331_185054.jpg,1717274,CAMERA
20250331_185051.jpg,/storage/emulated/0/DCIM/Camera/20250331_185051.jpg,2255498,CAMERA
20250331_185012.jpg,/storage/emulated/0/DCIM/Camera/20250331_185012.jpg,1142334,CAMERA
20250331_185008.jpg,/storage/emulated/0/DCIM/Camera/20250331_185008.jpg,689032,CAMERA
20250331_180130.jpg,/storage/emulated/0/DCIM/Camera/20250331_180130.jpg,646566,CAMERA
20250331_163113.jpg,/storage/emulated/0/DCIM/Camera/20250331_163113.jpg,2212706,CAMERA
20250331_162639.jpg,/storage/emulated/0/DCIM/Camera/20250331_162639.jpg,2285857,CAMERA
20250331_162633.jpg,/storage/emulated/0/DCIM/Camera/20250331_162633.jpg,1989921,CAMERA
20250331_161023.jpg,/storage/emulated/0/DCIM/Camera/20250331_161023.jpg,2411316,CAMERA
20250331_160759.jpg,/storage/emulated/0/DCIM/Camera/20250331_160759.jpg,1871732,CAMERA
20250331_160752.jpg,/storage/emulated/0/DCIM/Camera/20250331_160752.jpg,1539536,CAMERA
20250331_160749.jpg,/storage/emulated/0/DCIM/Camera/20250331_160749.jpg,1513581,CAMERA
20250331_160744.jpg,/storage/emulated/0/DCIM/Camera/20250331_160744.jpg,2286058,CAMERA
20250331_160740.jpg,/storage/emulated/0/DCIM/Camera/20250331_160740.jpg,1839102,CAMERA
20250331_160735.jpg,/storage/emulated/0/DCIM/Camera/20250331_160735.jpg,2422889,CAMERA
20250331_160734.jpg,/storage/emulated/0/DCIM/Camera/20250331_160734.jpg,2404733,CAMERA
20250331_160356.jpg,/storage/emulated/0/DCIM/Camera/20250331_160356.jpg,1791675,CAMERA
20250331_160357.jpg,/storage/emulated/0/DCIM/Camera/20250331_160357.jpg,1862900,CAMERA
20250331_082248.jpg,/storage/emulated/0/DCIM/Camera/20250331_082248.jpg,2469098,CAMERA
20250331_082242.jpg,/storage/emulated/0/DCIM/Camera/20250331_082242.jpg,2104249,CAMERA
20250330_193658.jpg,/storage/emulated/0/DCIM/Camera/20250330_193658.jpg,2175315,CAMERA
20250330_193657.jpg,/storage/emulated/0/DCIM/Camera/20250330_193657.jpg,1973884,CAMERA
20250330_193652.jpg,/storage/emulated/0/DCIM/Camera/20250330_193652.jpg,2076587,CAMERA
20250330_193648.jpg,/storage/emulated/0/DCIM/Camera/20250330_193648.jpg,1856865,CAMERA
20250330_193629.jpg,/storage/emulated/0/DCIM/Camera/20250330_193629.jpg,1940687,CAMERA
20250330_193618.jpg,/storage/emulated/0/DCIM/Camera/20250330_193618.jpg,1985075,CAMERA
20250330_193518.jpg,/storage/emulated/0/DCIM/Camera/20250330_193518.jpg,2093700,CAMERA
20250330_193515.jpg,/storage/emulated/0/DCIM/Camera/20250330_193515.jpg,1956731,CAMERA
20250330_193509.jpg,/storage/emulated/0/DCIM/Camera/20250330_193509.jpg,2032600,CAMERA
20250330_193454.jpg,/storage/emulated/0/DCIM/Camera/20250330_193454.jpg,2023756,CAMERA
20250330_193448.jpg,/storage/emulated/0/DCIM/Camera/20250330_193448.jpg,2024199,CAMERA
20250330_193439.jpg,/storage/emulated/0/DCIM/Camera/20250330_193439.jpg,2048849,CAMERA
20250330_193419.jpg,/storage/emulated/0/DCIM/Camera/20250330_193419.jpg,2683677,CAMERA
20250330_193413.jpg,/storage/emulated/0/DCIM/Camera/20250330_193413.jpg,2316524,CAMERA
20250330_193410.jpg,/storage/emulated/0/DCIM/Camera/20250330_193410.jpg,2699538,CAMERA
20250330_193400.jpg,/storage/emulated/0/DCIM/Camera/20250330_193400.jpg,2535542,CAMERA
20250330_193115.jpg,/storage/emulated/0/DCIM/Camera/20250330_193115.jpg,2556151,CAMERA
20250330_193101.jpg,/storage/emulated/0/DCIM/Camera/20250330_193101.jpg,2262907,CAMERA
20250330_193044.jpg,/storage/emulated/0/DCIM/Camera/20250330_193044.jpg,1985125,CAMERA
20250330_192906.jpg,/storage/emulated/0/DCIM/Camera/20250330_192906.jpg,1466707,CAMERA
20250330_192856.jpg,/storage/emulated/0/DCIM/Camera/20250330_192856.jpg,1215451,CAMERA
20250330_192736.jpg,/storage/emulated/0/DCIM/Camera/20250330_192736.jpg,2753751,CAMERA
20250330_192731.jpg,/storage/emulated/0/DCIM/Camera/20250330_192731.jpg,1498331,CAMERA
20250330_192722.jpg,/storage/emulated/0/DCIM/Camera/20250330_192722.jpg,1541177,CAMERA
20250330_192714.jpg,/storage/emulated/0/DCIM/Camera/20250330_192714.jpg,1373439,CAMERA
20250330_192621.jpg,/storage/emulated/0/DCIM/Camera/20250330_192621.jpg,2531027,CAMERA
20250330_192604.jpg,/storage/emulated/0/DCIM/Camera/20250330_192604.jpg,1397911,CAMERA
20250330_192549.jpg,/storage/emulated/0/DCIM/Camera/20250330_192549.jpg,2037252,CAMERA
20250330_192545.jpg,/storage/emulated/0/DCIM/Camera/20250330_192545.jpg,2374959,CAMERA
20250330_190938.jpg,/storage/emulated/0/DCIM/Camera/20250330_190938.jpg,1832765,CAMERA
20250330_190934.jpg,/storage/emulated/0/DCIM/Camera/20250330_190934.jpg,1864203,CAMERA
20250330_190921.jpg,/storage/emulated/0/DCIM/Camera/20250330_190921.jpg,1857743,CAMERA
20250330_190441.jpg,/storage/emulated/0/DCIM/Camera/20250330_190441.jpg,2051051,CAMERA
20250330_190436.jpg,/storage/emulated/0/DCIM/Camera/20250330_190436.jpg,1916114,CAMERA
20250330_190434.jpg,/storage/emulated/0/DCIM/Camera/20250330_190434.jpg,1934404,CAMERA
20250330_190420.jpg,/storage/emulated/0/DCIM/Camera/20250330_190420.jpg,1915778,CAMERA
20250330_190418.jpg,/storage/emulated/0/DCIM/Camera/20250330_190418.jpg,1886807,CAMERA
20250330_190345.jpg,/storage/emulated/0/DCIM/Camera/20250330_190345.jpg,2219580,CAMERA
20250330_190341.jpg,/storage/emulated/0/DCIM/Camera/20250330_190341.jpg,2263451,CAMERA
20250330_185525.jpg,/storage/emulated/0/DCIM/Camera/20250330_185525.jpg,2988898,CAMERA
20250330_185421.jpg,/storage/emulated/0/DCIM/Camera/20250330_185421.jpg,2588921,CAMERA
20250330_185415.jpg,/storage/emulated/0/DCIM/Camera/20250330_185415.jpg,1912190,CAMERA
20250330_183232.jpg,/storage/emulated/0/DCIM/Camera/20250330_183232.jpg,2034844,CAMERA
20250330_183229.jpg,/storage/emulated/0/DCIM/Camera/20250330_183229.jpg,1992577,CAMERA
20250330_183227.jpg,/storage/emulated/0/DCIM/Camera/20250330_183227.jpg,1986934,CAMERA
20250330_183209.jpg,/storage/emulated/0/DCIM/Camera/20250330_183209.jpg,1886970,CAMERA
20250330_183207.jpg,/storage/emulated/0/DCIM/Camera/20250330_183207.jpg,1773821,CAMERA
20250330_181147.jpg,/storage/emulated/0/DCIM/Camera/20250330_181147.jpg,2021848,CAMERA
20250330_181128.jpg,/storage/emulated/0/DCIM/Camera/20250330_181128.jpg,1613922,CAMERA
20250330_181059.jpg,/storage/emulated/0/DCIM/Camera/20250330_181059.jpg,1788471,CAMERA
20250330_181056.jpg,/storage/emulated/0/DCIM/Camera/20250330_181056.jpg,1916049,CAMERA
20250330_181027.jpg,/storage/emulated/0/DCIM/Camera/20250330_181027.jpg,1570414,CAMERA
20250330_181020.jpg,/storage/emulated/0/DCIM/Camera/20250330_181020.jpg,1873261,CAMERA
20250330_181018.jpg,/storage/emulated/0/DCIM/Camera/20250330_181018.jpg,1986616,CAMERA
20250330_180950.jpg,/storage/emulated/0/DCIM/Camera/20250330_180950.jpg,782048,CAMERA
20250330_180920.jpg,/storage/emulated/0/DCIM/Camera/20250330_180920.jpg,1300230,CAMERA
20250330_180908.jpg,/storage/emulated/0/DCIM/Camera/20250330_180908.jpg,1275664,CAMERA
20250330_180841.jpg,/storage/emulated/0/DCIM/Camera/20250330_180841.jpg,1144964,CAMERA
20250330_180827.jpg,/storage/emulated/0/DCIM/Camera/20250330_180827.jpg,1147849,CAMERA
20250330_180817.jpg,/storage/emulated/0/DCIM/Camera/20250330_180817.jpg,5465300,CAMERA
20250330_180813.jpg,/storage/emulated/0/DCIM/Camera/20250330_180813.jpg,5415045,CAMERA
20250330_180652.jpg,/storage/emulated/0/DCIM/Camera/20250330_180652.jpg,815114,CAMERA
20250330_180650.jpg,/storage/emulated/0/DCIM/Camera/20250330_180650.jpg,783607,CAMERA
20250330_180635.jpg,/storage/emulated/0/DCIM/Camera/20250330_180635.jpg,5687370,CAMERA
20250330_180626.jpg,/storage/emulated/0/DCIM/Camera/20250330_180626.jpg,772389,CAMERA
20250330_180624.jpg,/storage/emulated/0/DCIM/Camera/20250330_180624.jpg,1223839,CAMERA
20250330_180618.jpg,/storage/emulated/0/DCIM/Camera/20250330_180618.jpg,898154,CAMERA
20250330_171005.jpg,/storage/emulated/0/DCIM/Camera/20250330_171005.jpg,5394107,CAMERA
20250330_170933.jpg,/storage/emulated/0/DCIM/Camera/20250330_170933.jpg,5592289,CAMERA
20250330_170931.jpg,/storage/emulated/0/DCIM/Camera/20250330_170931.jpg,5869055,CAMERA
20250330_165459.jpg,/storage/emulated/0/DCIM/Camera/20250330_165459.jpg,5093007,CAMERA
20250330_165452.jpg,/storage/emulated/0/DCIM/Camera/20250330_165452.jpg,5129798,CAMERA
20250330_165449.jpg,/storage/emulated/0/DCIM/Camera/20250330_165449.jpg,4991297,CAMERA
20250330_165431.jpg,/storage/emulated/0/DCIM/Camera/20250330_165431.jpg,2766235,CAMERA
20250330_165404.jpg,/storage/emulated/0/DCIM/Camera/20250330_165404.jpg,5387477,CAMERA
20250330_165328.jpg,/storage/emulated/0/DCIM/Camera/20250330_165328.jpg,5548050,CAMERA
20250330_165232.jpg,/storage/emulated/0/DCIM/Camera/20250330_165232.jpg,5950025,CAMERA
20250330_165225.jpg,/storage/emulated/0/DCIM/Camera/20250330_165225.jpg,5582469,CAMERA
20250330_165222.jpg,/storage/emulated/0/DCIM/Camera/20250330_165222.jpg,6154301,CAMERA
20250330_164725.jpg,/storage/emulated/0/DCIM/Camera/20250330_164725.jpg,7079027,CAMERA
20250330_164719.jpg,/storage/emulated/0/DCIM/Camera/20250330_164719.jpg,6700945,CAMERA
20250330_164716.jpg,/storage/emulated/0/DCIM/Camera/20250330_164716.jpg,7216448,CAMERA
20250330_164354.jpg,/storage/emulated/0/DCIM/Camera/20250330_164354.jpg,5781291,CAMERA
20250330_164352.jpg,/storage/emulated/0/DCIM/Camera/20250330_164352.jpg,5784411,CAMERA
20250330_164340.jpg,/storage/emulated/0/DCIM/Camera/20250330_164340.jpg,1583677,CAMERA
20250330_164334.jpg,/storage/emulated/0/DCIM/Camera/20250330_164334.jpg,1640763,CAMERA
20250330_164332.jpg,/storage/emulated/0/DCIM/Camera/20250330_164332.jpg,1768569,CAMERA
20250330_164248.jpg,/storage/emulated/0/DCIM/Camera/20250330_164248.jpg,2013848,CAMERA
20250330_164247.jpg,/storage/emulated/0/DCIM/Camera/20250330_164247.jpg,1682664,CAMERA
20250330_164238.jpg,/storage/emulated/0/DCIM/Camera/20250330_164238.jpg,1618777,CAMERA
20250330_164204.jpg,/storage/emulated/0/DCIM/Camera/20250330_164204.jpg,4044205,CAMERA
20250328_221109.jpg,/storage/emulated/0/DCIM/Camera/20250328_221109.jpg,1950177,CAMERA
20250328_221104.jpg,/storage/emulated/0/DCIM/Camera/20250328_221104.jpg,2065561,CAMERA
20250328_221052.jpg,/storage/emulated/0/DCIM/Camera/20250328_221052.jpg,1887879,CAMERA
20250328_215752.mp4,/storage/emulated/0/DCIM/Camera/20250328_215752.mp4,46841609,CAMERA
20250328_215743.jpg,/storage/emulated/0/DCIM/Camera/20250328_215743.jpg,6559619,CAMERA
20250328_215741.jpg,/storage/emulated/0/DCIM/Camera/20250328_215741.jpg,6755325,CAMERA
20250328_215738.jpg,/storage/emulated/0/DCIM/Camera/20250328_215738.jpg,6822578,CAMERA
20250328_215731.jpg,/storage/emulated/0/DCIM/Camera/20250328_215731.jpg,1970735,CAMERA
20250328_215726.jpg,/storage/emulated/0/DCIM/Camera/20250328_215726.jpg,2330723,CAMERA
20250328_215723.jpg,/storage/emulated/0/DCIM/Camera/20250328_215723.jpg,1958247,CAMERA
20250328_215718.jpg,/storage/emulated/0/DCIM/Camera/20250328_215718.jpg,1939286,CAMERA
20250328_171350.jpg,/storage/emulated/0/DCIM/Camera/20250328_171350.jpg,2232554,CAMERA
20250327_142422.jpg,/storage/emulated/0/DCIM/Camera/20250327_142422.jpg,2388246,CAMERA
20250326_163320.jpg,/storage/emulated/0/DCIM/Camera/20250326_163320.jpg,5447300,CAMERA
20250326_163317.jpg,/storage/emulated/0/DCIM/Camera/20250326_163317.jpg,9391417,CAMERA
20250324_000742.jpg,/storage/emulated/0/DCIM/Camera/20250324_000742.jpg,5145926,CAMERA
20250324_000716.jpg,/storage/emulated/0/DCIM/Camera/20250324_000716.jpg,5097558,CAMERA
20250324_000707.jpg,/storage/emulated/0/DCIM/Camera/20250324_000707.jpg,5804579,CAMERA
20250323_174635.jpg,/storage/emulated/0/DCIM/Camera/20250323_174635.jpg,5433203,CAMERA
20250323_174241.jpg,/storage/emulated/0/DCIM/Camera/20250323_174241.jpg,2050488,CAMERA
20250323_170007_001.jpg,/storage/emulated/0/DCIM/Camera/20250323_170007_001.jpg,2276307,CAMERA
20250323_165956_001.jpg,/storage/emulated/0/DCIM/Camera/20250323_165956_001.jpg,2051541,CAMERA
20250323_165949.jpg,/storage/emulated/0/DCIM/Camera/20250323_165949.jpg,1836574,CAMERA
20250323_165943.jpg,/storage/emulated/0/DCIM/Camera/20250323_165943.jpg,1750256,CAMERA
20250323_140431.jpg,/storage/emulated/0/DCIM/Camera/20250323_140431.jpg,2484402,CAMERA
20250323_140427.jpg,/storage/emulated/0/DCIM/Camera/20250323_140427.jpg,2120507,CAMERA
20250323_140412.jpg,/storage/emulated/0/DCIM/Camera/20250323_140412.jpg,2443484,CAMERA
20250323_140407.jpg,/storage/emulated/0/DCIM/Camera/20250323_140407.jpg,2407888,CAMERA
20250323_140358.mp4,/storage/emulated/0/DCIM/Camera/20250323_140358.mp4,3646958,CAMERA
20250323_140316.jpg,/storage/emulated/0/DCIM/Camera/20250323_140316.jpg,2316579,CAMERA
20250322_232004.jpg,/storage/emulated/0/DCIM/Camera/20250322_232004.jpg,1993519,CAMERA
20250322_231957.jpg,/storage/emulated/0/DCIM/Camera/20250322_231957.jpg,2611852,CAMERA
20250322_231952.jpg,/storage/emulated/0/DCIM/Camera/20250322_231952.jpg,2458241,CAMERA
20250321_215313.jpg,/storage/emulated/0/DCIM/Camera/20250321_215313.jpg,2790427,CAMERA
20250321_215310.jpg,/storage/emulated/0/DCIM/Camera/20250321_215310.jpg,2980666,CAMERA
20250321_215301.jpg,/storage/emulated/0/DCIM/Camera/20250321_215301.jpg,3448474,CAMERA
20250321_173239.mp4,/storage/emulated/0/DCIM/Camera/20250321_173239.mp4,214537111,CAMERA
20250320_231949.jpg,/storage/emulated/0/DCIM/Camera/20250320_231949.jpg,2175289,CAMERA
20250320_231948.jpg,/storage/emulated/0/DCIM/Camera/20250320_231948.jpg,2144592,CAMERA
20250320_231843.jpg,/storage/emulated/0/DCIM/Camera/20250320_231843.jpg,2027709,CAMERA
20250320_231831.jpg,/storage/emulated/0/DCIM/Camera/20250320_231831.jpg,1960461,CAMERA
20250320_230118.jpg,/storage/emulated/0/DCIM/Camera/20250320_230118.jpg,1972820,CAMERA
20250320_230109.jpg,/storage/emulated/0/DCIM/Camera/20250320_230109.jpg,1969612,CAMERA
20250320_225021.jpg,/storage/emulated/0/DCIM/Camera/20250320_225021.jpg,2324425,CAMERA
20250320_215108.jpg,/storage/emulated/0/DCIM/Camera/20250320_215108.jpg,1837586,CAMERA
20250320_215051.jpg,/storage/emulated/0/DCIM/Camera/20250320_215051.jpg,2672019,CAMERA
20250319_010359.jpg,/storage/emulated/0/DCIM/Camera/20250319_010359.jpg,2297864,CAMERA
20250319_005212.jpg,/storage/emulated/0/DCIM/Camera/20250319_005212.jpg,2302019,CAMERA
20250319_005209.jpg,/storage/emulated/0/DCIM/Camera/20250319_005209.jpg,2210030,CAMERA
20250319_003602.jpg,/storage/emulated/0/DCIM/Camera/20250319_003602.jpg,5714681,CAMERA
20250319_000858.jpg,/storage/emulated/0/DCIM/Camera/20250319_000858.jpg,2394254,CAMERA
20250319_000847.jpg,/storage/emulated/0/DCIM/Camera/20250319_000847.jpg,2427232,CAMERA
20250318_222050.jpg,/storage/emulated/0/DCIM/Camera/20250318_222050.jpg,1357211,CAMERA
20250318_175700.jpg,/storage/emulated/0/DCIM/Camera/20250318_175700.jpg,2390930,CAMERA
20250318_151450.mp4,/storage/emulated/0/DCIM/Camera/20250318_151450.mp4,123867405,CAMERA
20250317_234653.jpg,/storage/emulated/0/DCIM/Camera/20250317_234653.jpg,1492910,CAMERA
20250317_234648.jpg,/storage/emulated/0/DCIM/Camera/20250317_234648.jpg,2146996,CAMERA
20250317_224317.jpg,/storage/emulated/0/DCIM/Camera/20250317_224317.jpg,1918157,CAMERA
20250317_224313.jpg,/storage/emulated/0/DCIM/Camera/20250317_224313.jpg,1943877,CAMERA
20250317_224258.jpg,/storage/emulated/0/DCIM/Camera/20250317_224258.jpg,1865508,CAMERA
20250317_224255.jpg,/storage/emulated/0/DCIM/Camera/20250317_224255.jpg,2125291,CAMERA
20250317_224241.jpg,/storage/emulated/0/DCIM/Camera/20250317_224241.jpg,1810064,CAMERA
20250317_224241(0).jpg,/storage/emulated/0/DCIM/Camera/20250317_224241(0).jpg,1820625,CAMERA
20250317_224240(0).jpg,/storage/emulated/0/DCIM/Camera/20250317_224240(0).jpg,1821381,CAMERA
20250317_224240.jpg,/storage/emulated/0/DCIM/Camera/20250317_224240.jpg,1834878,CAMERA
20250317_224237.jpg,/storage/emulated/0/DCIM/Camera/20250317_224237.jpg,2229222,CAMERA
20250317_215511.jpg,/storage/emulated/0/DCIM/Camera/20250317_215511.jpg,5032107,CAMERA
20250317_215506.jpg,/storage/emulated/0/DCIM/Camera/20250317_215506.jpg,4759171,CAMERA
20250317_022322.mp4,/storage/emulated/0/DCIM/Camera/20250317_022322.mp4,30608834,CAMERA
20250317_022057.jpg,/storage/emulated/0/DCIM/Camera/20250317_022057.jpg,8480983,CAMERA
20250317_022035.jpg,/storage/emulated/0/DCIM/Camera/20250317_022035.jpg,7322514,CAMERA
20250317_022027.jpg,/storage/emulated/0/DCIM/Camera/20250317_022027.jpg,8313064,CAMERA
20250317_020253.jpg,/storage/emulated/0/DCIM/Camera/20250317_020253.jpg,9593021,CAMERA
20250317_020248.jpg,/storage/emulated/0/DCIM/Camera/20250317_020248.jpg,8022247,CAMERA
20250317_020246.jpg,/storage/emulated/0/DCIM/Camera/20250317_020246.jpg,9108994,CAMERA
20250316_011207.mp4,/storage/emulated/0/DCIM/Camera/20250316_011207.mp4,22754834,CAMERA
20250316_011141.mp4,/storage/emulated/0/DCIM/Camera/20250316_011141.mp4,35257442,CAMERA
20250316_011027.jpg,/storage/emulated/0/DCIM/Camera/20250316_011027.jpg,7002908,CAMERA
20250316_011024.jpg,/storage/emulated/0/DCIM/Camera/20250316_011024.jpg,6734942,CAMERA
20250316_011012.mp4,/storage/emulated/0/DCIM/Camera/20250316_011012.mp4,4954579,CAMERA
20250316_011004.jpg,/storage/emulated/0/DCIM/Camera/20250316_011004.jpg,6900697,CAMERA
20250316_011000.jpg,/storage/emulated/0/DCIM/Camera/20250316_011000.jpg,6631687,CAMERA
20250316_010810.jpg,/storage/emulated/0/DCIM/Camera/20250316_010810.jpg,7015264,CAMERA
20250316_010800.jpg,/storage/emulated/0/DCIM/Camera/20250316_010800.jpg,6763512,CAMERA
20250316_010750.jpg,/storage/emulated/0/DCIM/Camera/20250316_010750.jpg,5946365,CAMERA
20250316_010745.jpg,/storage/emulated/0/DCIM/Camera/20250316_010745.jpg,5777415,CAMERA
20250316_010736.jpg,/storage/emulated/0/DCIM/Camera/20250316_010736.jpg,6015699,CAMERA
20250316_010731.jpg,/storage/emulated/0/DCIM/Camera/20250316_010731.jpg,5248208,CAMERA
20250316_005532.jpg,/storage/emulated/0/DCIM/Camera/20250316_005532.jpg,10256262,CAMERA
20250315_231219.jpg,/storage/emulated/0/DCIM/Camera/20250315_231219.jpg,7049204,CAMERA
20250315_222447.jpg,/storage/emulated/0/DCIM/Camera/20250315_222447.jpg,6138604,CAMERA
20250314_221253.jpg,/storage/emulated/0/DCIM/Camera/20250314_221253.jpg,4839220,CAMERA
20250314_221233.jpg,/storage/emulated/0/DCIM/Camera/20250314_221233.jpg,3124617,CAMERA
20250314_161209.jpg,/storage/emulated/0/DCIM/Camera/20250314_161209.jpg,2625272,CAMERA
20250314_161143.jpg,/storage/emulated/0/DCIM/Camera/20250314_161143.jpg,2979350,CAMERA
20250314_004158.jpg,/storage/emulated/0/DCIM/Camera/20250314_004158.jpg,3014394,CAMERA
20250314_004135.jpg,/storage/emulated/0/DCIM/Camera/20250314_004135.jpg,3165501,CAMERA
20250314_000545.jpg,/storage/emulated/0/DCIM/Camera/20250314_000545.jpg,3539757,CAMERA
20250313_233724.jpg,/storage/emulated/0/DCIM/Camera/20250313_233724.jpg,4875873,CAMERA
20250313_233045.jpg,/storage/emulated/0/DCIM/Camera/20250313_233045.jpg,4441189,CAMERA
20250313_233038.jpg,/storage/emulated/0/DCIM/Camera/20250313_233038.jpg,3768682,CAMERA
20250313_233032.jpg,/storage/emulated/0/DCIM/Camera/20250313_233032.jpg,7915631,CAMERA
20250313_231617.mp4,/storage/emulated/0/DCIM/Camera/20250313_231617.mp4,22547238,CAMERA
20250313_193543.jpg,/storage/emulated/0/DCIM/Camera/20250313_193543.jpg,7355246,CAMERA
20250313_193526.jpg,/storage/emulated/0/DCIM/Camera/20250313_193526.jpg,6371403,CAMERA
20250313_193349.jpg,/storage/emulated/0/DCIM/Camera/20250313_193349.jpg,6354996,CAMERA
20250313_193335.jpg,/storage/emulated/0/DCIM/Camera/20250313_193335.jpg,5825549,CAMERA
20250313_011816.jpg,/storage/emulated/0/DCIM/Camera/20250313_011816.jpg,570737,CAMERA
20250313_011847.jpg,/storage/emulated/0/DCIM/Camera/20250313_011847.jpg,3240554,CAMERA
20250312_231705.jpg,/storage/emulated/0/DCIM/Camera/20250312_231705.jpg,2140596,CAMERA
20250312_231652.jpg,/storage/emulated/0/DCIM/Camera/20250312_231652.jpg,1867169,CAMERA
20250312_231510.jpg,/storage/emulated/0/DCIM/Camera/20250312_231510.jpg,1255052,CAMERA
20250312_231439.jpg,/storage/emulated/0/DCIM/Camera/20250312_231439.jpg,1912415,CAMERA
20250312_095032.jpg,/storage/emulated/0/DCIM/Camera/20250312_095032.jpg,6080907,CAMERA
20250312_095014.jpg,/storage/emulated/0/DCIM/Camera/20250312_095014.jpg,6526459,CAMERA
20250311_223548.jpg,/storage/emulated/0/DCIM/Camera/20250311_223548.jpg,6659301,CAMERA
20250311_223519.jpg,/storage/emulated/0/DCIM/Camera/20250311_223519.jpg,6494381,CAMERA
20250311_223502.jpg,/storage/emulated/0/DCIM/Camera/20250311_223502.jpg,6500936,CAMERA
20250311_223448.jpg,/storage/emulated/0/DCIM/Camera/20250311_223448.jpg,5727963,CAMERA
20250311_223358.jpg,/storage/emulated/0/DCIM/Camera/20250311_223358.jpg,4520606,CAMERA
20250311_140626.jpg,/storage/emulated/0/DCIM/Camera/20250311_140626.jpg,2254738,CAMERA
20250311_140624.jpg,/storage/emulated/0/DCIM/Camera/20250311_140624.jpg,2275088,CAMERA
20250311_122606.jpg,/storage/emulated/0/DCIM/Camera/20250311_122606.jpg,1796478,CAMERA
20250311_122558.jpg,/storage/emulated/0/DCIM/Camera/20250311_122558.jpg,4523087,CAMERA
20250310_172513.jpg,/storage/emulated/0/DCIM/Camera/20250310_172513.jpg,9017774,CAMERA
20250310_172449.jpg,/storage/emulated/0/DCIM/Camera/20250310_172449.jpg,11033336,CAMERA
20250310_172430.jpg,/storage/emulated/0/DCIM/Camera/20250310_172430.jpg,10148404,CAMERA
20250310_133452.jpg,/storage/emulated/0/DCIM/Camera/20250310_133452.jpg,6143773,CAMERA
20250310_130106.jpg,/storage/emulated/0/DCIM/Camera/20250310_130106.jpg,5698709,CAMERA
20250310_130032.jpg,/storage/emulated/0/DCIM/Camera/20250310_130032.jpg,2722521,CAMERA
20250310_005309.jpg,/storage/emulated/0/DCIM/Camera/20250310_005309.jpg,2356263,CAMERA
20250310_005222.jpg,/storage/emulated/0/DCIM/Camera/20250310_005222.jpg,2356841,CAMERA
20250310_003702.jpg,/storage/emulated/0/DCIM/Camera/20250310_003702.jpg,2312568,CAMERA
20250308_101528.mp4,/storage/emulated/0/DCIM/Camera/20250308_101528.mp4,12556579,CAMERA
20250308_101503.jpg,/storage/emulated/0/DCIM/Camera/20250308_101503.jpg,6142573,CAMERA
20250308_101459.jpg,/storage/emulated/0/DCIM/Camera/20250308_101459.jpg,4192872,CAMERA
20250306_000917.jpg,/storage/emulated/0/DCIM/Camera/20250306_000917.jpg,5801802,CAMERA
20250306_000907.jpg,/storage/emulated/0/DCIM/Camera/20250306_000907.jpg,3802447,CAMERA
20250306_000903.jpg,/storage/emulated/0/DCIM/Camera/20250306_000903.jpg,4003116,CAMERA
20250303_221144.jpg,/storage/emulated/0/DCIM/Camera/20250303_221144.jpg,5165401,CAMERA
20250303_221042.heic,/storage/emulated/0/DCIM/Camera/20250303_221042.heic,2099930,CAMERA
20250302_220151.heic,/storage/emulated/0/DCIM/Camera/20250302_220151.heic,1984183,CAMERA
20250302_220124.heic,/storage/emulated/0/DCIM/Camera/20250302_220124.heic,2104016,CAMERA
20250302_215851.heic,/storage/emulated/0/DCIM/Camera/20250302_215851.heic,1566688,CAMERA
20250302_215756.heic,/storage/emulated/0/DCIM/Camera/20250302_215756.heic,2012969,CAMERA
20250302_215746.heic,/storage/emulated/0/DCIM/Camera/20250302_215746.heic,1777287,CAMERA
20250302_215719.heic,/storage/emulated/0/DCIM/Camera/20250302_215719.heic,1705910,CAMERA
20250301_224941.mp4,/storage/emulated/0/DCIM/Camera/20250301_224941.mp4,55601894,CAMERA
20250301_123957.heic,/storage/emulated/0/DCIM/Camera/20250301_123957.heic,1387845,CAMERA
20250301_123946.heic,/storage/emulated/0/DCIM/Camera/20250301_123946.heic,860468,CAMERA
20250301_123939.heic,/storage/emulated/0/DCIM/Camera/20250301_123939.heic,1729935,CAMERA
20250301_123931.heic,/storage/emulated/0/DCIM/Camera/20250301_123931.heic,789001,CAMERA
20250301_123928.heic,/storage/emulated/0/DCIM/Camera/20250301_123928.heic,1260008,CAMERA
20250228_202029.heic,/storage/emulated/0/DCIM/Camera/20250228_202029.heic,2929797,CAMERA
20250228_200032.heic,/storage/emulated/0/DCIM/Camera/20250228_200032.heic,2370799,CAMERA
20250228_143603.mp4,/storage/emulated/0/DCIM/Camera/20250228_143603.mp4,7685765,CAMERA
20250228_143556.heic,/storage/emulated/0/DCIM/Camera/20250228_143556.heic,1510292,CAMERA
20250227_204457.heic,/storage/emulated/0/DCIM/Camera/20250227_204457.heic,1351077,CAMERA
20250227_191715.heic,/storage/emulated/0/DCIM/Camera/20250227_191715.heic,2699728,CAMERA
20250227_191706.heic,/storage/emulated/0/DCIM/Camera/20250227_191706.heic,3706816,CAMERA
20250227_191648.heic,/storage/emulated/0/DCIM/Camera/20250227_191648.heic,2712836,CAMERA
20250227_191638.heic,/storage/emulated/0/DCIM/Camera/20250227_191638.heic,3630444,CAMERA
20250227_191628.heic,/storage/emulated/0/DCIM/Camera/20250227_191628.heic,2677965,CAMERA
20250227_191610.heic,/storage/emulated/0/DCIM/Camera/20250227_191610.heic,2862754,CAMERA
20250227_191544.heic,/storage/emulated/0/DCIM/Camera/20250227_191544.heic,2762708,CAMERA
20250227_191532.heic,/storage/emulated/0/DCIM/Camera/20250227_191532.heic,2521070,CAMERA
20250227_125341.heic,/storage/emulated/0/DCIM/Camera/20250227_125341.heic,2364326,CAMERA
20250227_092302.heic,/storage/emulated/0/DCIM/Camera/20250227_092302.heic,1940114,CAMERA
20250225_193009.heic,/storage/emulated/0/DCIM/Camera/20250225_193009.heic,894436,CAMERA
20250225_192956.heic,/storage/emulated/0/DCIM/Camera/20250225_192956.heic,803669,CAMERA
20250225_192939.heic,/storage/emulated/0/DCIM/Camera/20250225_192939.heic,1150652,CAMERA
20250225_164040.heic,/storage/emulated/0/DCIM/Camera/20250225_164040.heic,962762,CAMERA
20250225_164038.heic,/storage/emulated/0/DCIM/Camera/20250225_164038.heic,1009356,CAMERA
20250225_164032.heic,/storage/emulated/0/DCIM/Camera/20250225_164032.heic,2146922,CAMERA
20250225_164025.heic,/storage/emulated/0/DCIM/Camera/20250225_164025.heic,2283139,CAMERA
20250224_210105.mp4,/storage/emulated/0/DCIM/Camera/20250224_210105.mp4,92848408,CAMERA
20250223_203202.jpg,/storage/emulated/0/DCIM/Camera/20250223_203202.jpg,8803481,CAMERA
20250223_121833.heic,/storage/emulated/0/DCIM/Camera/20250223_121833.heic,790691,CAMERA
20250223_121829.heic,/storage/emulated/0/DCIM/Camera/20250223_121829.heic,1433879,CAMERA
20250223_121329.heic,/storage/emulated/0/DCIM/Camera/20250223_121329.heic,1068534,CAMERA
20250223_121321.heic,/storage/emulated/0/DCIM/Camera/20250223_121321.heic,835963,CAMERA
20250223_113747.heic,/storage/emulated/0/DCIM/Camera/20250223_113747.heic,1872673,CAMERA
20250223_113745.heic,/storage/emulated/0/DCIM/Camera/20250223_113745.heic,1476222,CAMERA
20250222_215223.heic,/storage/emulated/0/DCIM/Camera/20250222_215223.heic,1136512,CAMERA
20250222_214118.heic,/storage/emulated/0/DCIM/Camera/20250222_214118.heic,738183,CAMERA
20250222_214115.heic,/storage/emulated/0/DCIM/Camera/20250222_214115.heic,733753,CAMERA
20250221_222947.heic,/storage/emulated/0/DCIM/Camera/20250221_222947.heic,1220168,CAMERA
20250221_222921.heic,/storage/emulated/0/DCIM/Camera/20250221_222921.heic,1258221,CAMERA
20250221_222851.heic,/storage/emulated/0/DCIM/Camera/20250221_222851.heic,1267055,CAMERA
20250221_154559.heic,/storage/emulated/0/DCIM/Camera/20250221_154559.heic,1333070,CAMERA
20250221_154555.heic,/storage/emulated/0/DCIM/Camera/20250221_154555.heic,1242388,CAMERA
20250221_154552.heic,/storage/emulated/0/DCIM/Camera/20250221_154552.heic,1240077,CAMERA
20250221_132026.mp4,/storage/emulated/0/DCIM/Camera/20250221_132026.mp4,35547101,CAMERA
20250220_154637.mp4,/storage/emulated/0/DCIM/Camera/20250220_154637.mp4,224989475,CAMERA
20250219_233651.heic,/storage/emulated/0/DCIM/Camera/20250219_233651.heic,2021819,CAMERA
20250219_231925.heic,/storage/emulated/0/DCIM/Camera/20250219_231925.heic,6584979,CAMERA
20250218_164952.heic,/storage/emulated/0/DCIM/Camera/20250218_164952.heic,4251215,CAMERA
20250218_164947.heic,/storage/emulated/0/DCIM/Camera/20250218_164947.heic,4651366,CAMERA
20250218_164902.mp4,/storage/emulated/0/DCIM/Camera/20250218_164902.mp4,68809945,CAMERA
20250217_224710.heic,/storage/emulated/0/DCIM/Camera/20250217_224710.heic,1731864,CAMERA
20250217_224647.heic,/storage/emulated/0/DCIM/Camera/20250217_224647.heic,1461455,CAMERA
20250213_220701.heic,/storage/emulated/0/DCIM/Camera/20250213_220701.heic,1699905,CAMERA
20250213_220645.heic,/storage/emulated/0/DCIM/Camera/20250213_220645.heic,1849735,CAMERA
20250213_220632.heic,/storage/emulated/0/DCIM/Camera/20250213_220632.heic,1780524,CAMERA
20250213_153624.heic,/storage/emulated/0/DCIM/Camera/20250213_153624.heic,5848095,CAMERA
20250213_144324.heic,/storage/emulated/0/DCIM/Camera/20250213_144324.heic,5143006,CAMERA
20250212_224236.heic,/storage/emulated/0/DCIM/Camera/20250212_224236.heic,2258912,CAMERA
20250212_224231.heic,/storage/emulated/0/DCIM/Camera/20250212_224231.heic,3083676,CAMERA
20250212_224225.heic,/storage/emulated/0/DCIM/Camera/20250212_224225.heic,2593040,CAMERA
2025-02-12-221629901.mp4,/storage/emulated/0/DCIM/Camera/2025-02-12-221629901.mp4,13607928,CAMERA
d31d4d672334832ec9af6caef57b421c_0.jpeg,/storage/emulated/0/DCIM/Camera/d31d4d672334832ec9af6caef57b421c_0.jpeg,33838,CAMERA
20250211_155933.heic,/storage/emulated/0/DCIM/Camera/20250211_155933.heic,1261503,CAMERA
20250211_155929.heic,/storage/emulated/0/DCIM/Camera/20250211_155929.heic,1736089,CAMERA
20250211_155926.heic,/storage/emulated/0/DCIM/Camera/20250211_155926.heic,1636223,CAMERA
20250211_155921.heic,/storage/emulated/0/DCIM/Camera/20250211_155921.heic,1624787,CAMERA
20250211_155917.heic,/storage/emulated/0/DCIM/Camera/20250211_155917.heic,1207777,CAMERA
20250211_155913.heic,/storage/emulated/0/DCIM/Camera/20250211_155913.heic,1633990,CAMERA
2025-02-04-170829259.mp4,/storage/emulated/0/DCIM/Camera/2025-02-04-170829259.mp4,14154091,CAMERA
20250202_144505.heic,/storage/emulated/0/DCIM/Camera/20250202_144505.heic,2712318,CAMERA
20250202_144453.heic,/storage/emulated/0/DCIM/Camera/20250202_144453.heic,1729446,CAMERA
20250202_144058.heic,/storage/emulated/0/DCIM/Camera/20250202_144058.heic,2158390,CAMERA
20250202_144031.heic,/storage/emulated/0/DCIM/Camera/20250202_144031.heic,2690283,CAMERA
20250202_143908.heic,/storage/emulated/0/DCIM/Camera/20250202_143908.heic,3271583,CAMERA
20250202_143832.heic,/storage/emulated/0/DCIM/Camera/20250202_143832.heic,2323968,CAMERA
e9d514a34296f68985390d11381d01a4_0.jpeg,/storage/emulated/0/DCIM/Camera/e9d514a34296f68985390d11381d01a4_0.jpeg,40648,CAMERA
20250201_193202.heic,/storage/emulated/0/DCIM/Camera/20250201_193202.heic,921859,CAMERA
20250201_192940.heic,/storage/emulated/0/DCIM/Camera/20250201_192940.heic,1496007,CAMERA
20250201_175003.heic,/storage/emulated/0/DCIM/Camera/20250201_175003.heic,1919237,CAMERA
20250201_155137.heic,/storage/emulated/0/DCIM/Camera/20250201_155137.heic,1787481,CAMERA
20250201_155133.heic,/storage/emulated/0/DCIM/Camera/20250201_155133.heic,1930112,CAMERA
20250201_155130.heic,/storage/emulated/0/DCIM/Camera/20250201_155130.heic,1350919,CAMERA
20250201_155121.heic,/storage/emulated/0/DCIM/Camera/20250201_155121.heic,1560351,CAMERA
20250201_155058.heic,/storage/emulated/0/DCIM/Camera/20250201_155058.heic,1923104,CAMERA
20250201_155054.heic,/storage/emulated/0/DCIM/Camera/20250201_155054.heic,2094433,CAMERA
20250201_114533.heic,/storage/emulated/0/DCIM/Camera/20250201_114533.heic,3070720,CAMERA
2025-01-31-182630278.mp4,/storage/emulated/0/DCIM/Camera/2025-01-31-182630278.mp4,6765243,CAMERA
20250131_182433.heic,/storage/emulated/0/DCIM/Camera/20250131_182433.heic,993301,CAMERA
20250131_173445.heic,/storage/emulated/0/DCIM/Camera/20250131_173445.heic,2114531,CAMERA
20250131_173434.heic,/storage/emulated/0/DCIM/Camera/20250131_173434.heic,1927690,CAMERA
20250131_170558.mp4,/storage/emulated/0/DCIM/Camera/20250131_170558.mp4,18496416,CAMERA
20250131_170507.heic,/storage/emulated/0/DCIM/Camera/20250131_170507.heic,1090459,CAMERA
20250131_160927.heic,/storage/emulated/0/DCIM/Camera/20250131_160927.heic,1076856,CAMERA
IMG_20250131_131703.jpg,/storage/emulated/0/DCIM/Camera/IMG_20250131_131703.jpg,730759,CAMERA
IMG_20250131_131515.jpg,/storage/emulated/0/DCIM/Camera/IMG_20250131_131515.jpg,1152273,CAMERA
20250131_115330.heic,/storage/emulated/0/DCIM/Camera/20250131_115330.heic,1671003,CAMERA
PXL_20250131_001328999.mp4,/storage/emulated/0/DCIM/Camera/PXL_20250131_001328999.mp4,122945,CAMERA
IMG_2025-01-30-23-56-11-163.jpg,/storage/emulated/0/DCIM/Camera/IMG_2025-01-30-23-56-11-163.jpg,4381461,CAMERA
PXL_20250130_233149936.mp4,/storage/emulated/0/DCIM/Camera/PXL_20250130_233149936.mp4,10256593,CAMERA
20250130_232408.mp4,/storage/emulated/0/DCIM/Camera/20250130_232408.mp4,20238594,CAMERA
20250130_231932.mp4,/storage/emulated/0/DCIM/Camera/20250130_231932.mp4,28650085,CAMERA
20250129_133434.heic,/storage/emulated/0/DCIM/Camera/20250129_133434.heic,579432,CAMERA
20250129_133432.heic,/storage/emulated/0/DCIM/Camera/20250129_133432.heic,739135,CAMERA
20250129_133425.heic,/storage/emulated/0/DCIM/Camera/20250129_133425.heic,1619872,CAMERA
20250129_133413.heic,/storage/emulated/0/DCIM/Camera/20250129_133413.heic,2540002,CAMERA
20250129_133409.heic,/storage/emulated/0/DCIM/Camera/20250129_133409.heic,1227058,CAMERA
20250129_131709.heic,/storage/emulated/0/DCIM/Camera/20250129_131709.heic,1541439,CAMERA
20250129_123018.heic,/storage/emulated/0/DCIM/Camera/20250129_123018.heic,1030385,CAMERA
20250129_123014.heic,/storage/emulated/0/DCIM/Camera/20250129_123014.heic,1195686,CAMERA
20250129_123009.heic,/storage/emulated/0/DCIM/Camera/20250129_123009.heic,1151766,CAMERA
20250129_120813.heic,/storage/emulated/0/DCIM/Camera/20250129_120813.heic,965365,CAMERA
20250129_120801.heic,/storage/emulated/0/DCIM/Camera/20250129_120801.heic,609681,CAMERA
20250129_091722.heic,/storage/emulated/0/DCIM/Camera/20250129_091722.heic,869239,CAMERA
20250129_091720.heic,/storage/emulated/0/DCIM/Camera/20250129_091720.heic,1026541,CAMERA
20250129_091323.heic,/storage/emulated/0/DCIM/Camera/20250129_091323.heic,889331,CAMERA
20250128_185003.heic,/storage/emulated/0/DCIM/Camera/20250128_185003.heic,1033117,CAMERA
20250128_185001.heic,/storage/emulated/0/DCIM/Camera/20250128_185001.heic,914478,CAMERA
20250128_184959.heic,/storage/emulated/0/DCIM/Camera/20250128_184959.heic,1132608,CAMERA
20250128_184954.heic,/storage/emulated/0/DCIM/Camera/20250128_184954.heic,1162044,CAMERA
20250128_184951.heic,/storage/emulated/0/DCIM/Camera/20250128_184951.heic,1480283,CAMERA
20250128_184843.heic,/storage/emulated/0/DCIM/Camera/20250128_184843.heic,1329763,CAMERA
20250128_184836.heic,/storage/emulated/0/DCIM/Camera/20250128_184836.heic,838900,CAMERA
20250128_184834.heic,/storage/emulated/0/DCIM/Camera/20250128_184834.heic,720829,CAMERA
20250128_184827.heic,/storage/emulated/0/DCIM/Camera/20250128_184827.heic,822306,CAMERA
20250128_184816.heic,/storage/emulated/0/DCIM/Camera/20250128_184816.heic,1972694,CAMERA
20250128_182910.mp4,/storage/emulated/0/DCIM/Camera/20250128_182910.mp4,91542826,CAMERA
20250128_182904.heic,/storage/emulated/0/DCIM/Camera/20250128_182904.heic,1686961,CAMERA
20250128_150402.heic,/storage/emulated/0/DCIM/Camera/20250128_150402.heic,622587,CAMERA
20250127_210912.heic,/storage/emulated/0/DCIM/Camera/20250127_210912.heic,1250825,CAMERA
20250127_190147.heic,/storage/emulated/0/DCIM/Camera/20250127_190147.heic,1792149,CAMERA
20250127_162738.heic,/storage/emulated/0/DCIM/Camera/20250127_162738.heic,1315309,CAMERA
20250127_162729.heic,/storage/emulated/0/DCIM/Camera/20250127_162729.heic,2866621,CAMERA
20250127_162721.heic,/storage/emulated/0/DCIM/Camera/20250127_162721.heic,2824076,CAMERA
20250127_115420.heic,/storage/emulated/0/DCIM/Camera/20250127_115420.heic,1289850,CAMERA
20250127_000332.heic,/storage/emulated/0/DCIM/Camera/20250127_000332.heic,3040076,CAMERA
20250125_151212.heic,/storage/emulated/0/DCIM/Camera/20250125_151212.heic,2840036,CAMERA
20250125_151205.heic,/storage/emulated/0/DCIM/Camera/20250125_151205.heic,1466980,CAMERA
20250125_133352.heic,/storage/emulated/0/DCIM/Camera/20250125_133352.heic,977870,CAMERA
20250124_143908.heic,/storage/emulated/0/DCIM/Camera/20250124_143908.heic,1844840,CAMERA
20250123_163719.mp4,/storage/emulated/0/DCIM/Camera/20250123_163719.mp4,14133905,CAMERA
20250123_163712.heic,/storage/emulated/0/DCIM/Camera/20250123_163712.heic,1444198,CAMERA
20250123_145413.mp4,/storage/emulated/0/DCIM/Camera/20250123_145413.mp4,4071675,CAMERA
20250119_173534.heic,/storage/emulated/0/DCIM/Camera/20250119_173534.heic,1039092,CAMERA
20250118_211925.heic,/storage/emulated/0/DCIM/Camera/20250118_211925.heic,554305,CAMERA
2025-01-18-182019702.mp4,/storage/emulated/0/DCIM/Camera/2025-01-18-182019702.mp4,5503672,CAMERA
2025-01-16-222015094.mp4,/storage/emulated/0/DCIM/Camera/2025-01-16-222015094.mp4,53713577,CAMERA
20250116_182835.heic,/storage/emulated/0/DCIM/Camera/20250116_182835.heic,3137062,CAMERA
20250116_182834.heic,/storage/emulated/0/DCIM/Camera/20250116_182834.heic,3345023,CAMERA
20250116_182801.heic,/storage/emulated/0/DCIM/Camera/20250116_182801.heic,1840686,CAMERA
20250116_182758.heic,/storage/emulated/0/DCIM/Camera/20250116_182758.heic,1873937,CAMERA
2025-01-15-200705346.mp4,/storage/emulated/0/DCIM/Camera/2025-01-15-200705346.mp4,6310281,CAMERA
20250114_190633_001_001_001.mp4,/storage/emulated/0/DCIM/Camera/20250114_190633_001_001_001.mp4,33547442,CAMERA
20250114_190633_001_001.mp4,/storage/emulated/0/DCIM/Camera/20250114_190633_001_001.mp4,35700988,CAMERA
20250114_190633_001.mp4,/storage/emulated/0/DCIM/Camera/20250114_190633_001.mp4,37866811,CAMERA
20250114_190959.heic,/storage/emulated/0/DCIM/Camera/20250114_190959.heic,809433,CAMERA
20250114_190944.heic,/storage/emulated/0/DCIM/Camera/20250114_190944.heic,1635534,CAMERA
20250114_190937.heic,/storage/emulated/0/DCIM/Camera/20250114_190937.heic,712780,CAMERA
20250114_190930.heic,/storage/emulated/0/DCIM/Camera/20250114_190930.heic,1016207,CAMERA
20250114_190927.heic,/storage/emulated/0/DCIM/Camera/20250114_190927.heic,1105999,CAMERA
20250114_190922.heic,/storage/emulated/0/DCIM/Camera/20250114_190922.heic,2277777,CAMERA
20250114_190811.heic,/storage/emulated/0/DCIM/Camera/20250114_190811.heic,1453084,CAMERA
20250114_190751.heic,/storage/emulated/0/DCIM/Camera/20250114_190751.heic,1449029,CAMERA
20250114_190711.heic,/storage/emulated/0/DCIM/Camera/20250114_190711.heic,2769199,CAMERA
20250114_190706.heic,/storage/emulated/0/DCIM/Camera/20250114_190706.heic,2840177,CAMERA
20250114_190633.mp4,/storage/emulated/0/DCIM/Camera/20250114_190633.mp4,40090103,CAMERA
20250114_190629.heic,/storage/emulated/0/DCIM/Camera/20250114_190629.heic,3034462,CAMERA
20250114_190625.heic,/storage/emulated/0/DCIM/Camera/20250114_190625.heic,1224608,CAMERA
20250114_190613.heic,/storage/emulated/0/DCIM/Camera/20250114_190613.heic,2907090,CAMERA
20250114_190130.heic,/storage/emulated/0/DCIM/Camera/20250114_190130.heic,786017,CAMERA
20250114_190124.heic,/storage/emulated/0/DCIM/Camera/20250114_190124.heic,762562,CAMERA
20250114_190045.heic,/storage/emulated/0/DCIM/Camera/20250114_190045.heic,952405,CAMERA
20250114_190042.heic,/storage/emulated/0/DCIM/Camera/20250114_190042.heic,1086560,CAMERA
20250114_185958.heic,/storage/emulated/0/DCIM/Camera/20250114_185958.heic,1093127,CAMERA
20250114_185957.heic,/storage/emulated/0/DCIM/Camera/20250114_185957.heic,1010076,CAMERA
20250114_185952.heic,/storage/emulated/0/DCIM/Camera/20250114_185952.heic,851972,CAMERA
20250114_185932.heic,/storage/emulated/0/DCIM/Camera/20250114_185932.heic,615467,CAMERA
20250114_185929.heic,/storage/emulated/0/DCIM/Camera/20250114_185929.heic,612682,CAMERA
20250114_185703.heic,/storage/emulated/0/DCIM/Camera/20250114_185703.heic,1289707,CAMERA
20250114_185524.heic,/storage/emulated/0/DCIM/Camera/20250114_185524.heic,609834,CAMERA
20250114_185501.heic,/storage/emulated/0/DCIM/Camera/20250114_185501.heic,1222448,CAMERA
20250114_185450.heic,/storage/emulated/0/DCIM/Camera/20250114_185450.heic,472374,CAMERA
20250114_185437.heic,/storage/emulated/0/DCIM/Camera/20250114_185437.heic,1006542,CAMERA
20250114_185427.heic,/storage/emulated/0/DCIM/Camera/20250114_185427.heic,919784,CAMERA
20250114_185401.heic,/storage/emulated/0/DCIM/Camera/20250114_185401.heic,935639,CAMERA
20250114_185358.heic,/storage/emulated/0/DCIM/Camera/20250114_185358.heic,1107397,CAMERA
20250114_185351.heic,/storage/emulated/0/DCIM/Camera/20250114_185351.heic,674104,CAMERA
20250114_185349.heic,/storage/emulated/0/DCIM/Camera/20250114_185349.heic,819591,CAMERA
20250114_185321.heic,/storage/emulated/0/DCIM/Camera/20250114_185321.heic,713628,CAMERA
20250114_185318.heic,/storage/emulated/0/DCIM/Camera/20250114_185318.heic,943212,CAMERA
20250114_185241.heic,/storage/emulated/0/DCIM/Camera/20250114_185241.heic,922116,CAMERA
20250114_185238.heic,/storage/emulated/0/DCIM/Camera/20250114_185238.heic,1145993,CAMERA
20250114_185227.heic,/storage/emulated/0/DCIM/Camera/20250114_185227.heic,1010470,CAMERA
20250114_185203.heic,/storage/emulated/0/DCIM/Camera/20250114_185203.heic,1089467,CAMERA
20250114_185202.heic,/storage/emulated/0/DCIM/Camera/20250114_185202.heic,1208683,CAMERA
20250114_185124.heic,/storage/emulated/0/DCIM/Camera/20250114_185124.heic,1073337,CAMERA
20250114_185119.heic,/storage/emulated/0/DCIM/Camera/20250114_185119.heic,1347984,CAMERA
20250114_185109.heic,/storage/emulated/0/DCIM/Camera/20250114_185109.heic,1040552,CAMERA
20250114_185021.heic,/storage/emulated/0/DCIM/Camera/20250114_185021.heic,802291,CAMERA
20250114_185012.heic,/storage/emulated/0/DCIM/Camera/20250114_185012.heic,833476,CAMERA
20250113_164036.heic,/storage/emulated/0/DCIM/Camera/20250113_164036.heic,3311171,CAMERA
20250113_155321.heic,/storage/emulated/0/DCIM/Camera/20250113_155321.heic,1577764,CAMERA
20250113_155316.heic,/storage/emulated/0/DCIM/Camera/20250113_155316.heic,1114438,CAMERA
43d8649f0adb0c3cff6acf44c0187447_1736776606539_0.webp.jpg,/storage/emulated/0/DCIM/Camera/43d8649f0adb0c3cff6acf44c0187447_1736776606539_0.webp.jpg,25596,CAMERA
20250111_210251.mp4,/storage/emulated/0/DCIM/Camera/20250111_210251.mp4,117011481,CAMERA
b34f61034eb49a2d13e23c5b21146a1e_1736601928287_0.webp.jpg,/storage/emulated/0/DCIM/Camera/b34f61034eb49a2d13e23c5b21146a1e_1736601928287_0.webp.jpg,128650,CAMERA
20250110_212349.heic,/storage/emulated/0/DCIM/Camera/20250110_212349.heic,1046052,CAMERA
20250110_212347.heic,/storage/emulated/0/DCIM/Camera/20250110_212347.heic,1036933,CAMERA
20250110_212340.heic,/storage/emulated/0/DCIM/Camera/20250110_212340.heic,1073512,CAMERA
20250109_203218.heic,/storage/emulated/0/DCIM/Camera/20250109_203218.heic,1240251,CAMERA
20250109_203213.heic,/storage/emulated/0/DCIM/Camera/20250109_203213.heic,1146572,CAMERA
20250109_203109.heic,/storage/emulated/0/DCIM/Camera/20250109_203109.heic,1294510,CAMERA
20250109_203105.heic,/storage/emulated/0/DCIM/Camera/20250109_203105.heic,1318840,CAMERA
20250109_160226.heic,/storage/emulated/0/DCIM/Camera/20250109_160226.heic,1249468,CAMERA
IMG_2025-01-08-21-40-03-691.jpg,/storage/emulated/0/DCIM/Camera/IMG_2025-01-08-21-40-03-691.jpg,4226134,CAMERA
20250108_192146.heic,/storage/emulated/0/DCIM/Camera/20250108_192146.heic,828002,CAMERA
2025-01-07-225002521.mp4,/storage/emulated/0/DCIM/Camera/2025-01-07-225002521.mp4,158550778,CAMERA
2025-01-05-233808204.mp4,/storage/emulated/0/DCIM/Camera/2025-01-05-233808204.mp4,32047104,CAMERA
2025-01-05-001048755.mp4,/storage/emulated/0/DCIM/Camera/2025-01-05-001048755.mp4,33666686,CAMERA
20250104_225356.heic,/storage/emulated/0/DCIM/Camera/20250104_225356.heic,1169386,CAMERA
20250104_225349.heic,/storage/emulated/0/DCIM/Camera/20250104_225349.heic,276594,CAMERA
20250104_225342.heic,/storage/emulated/0/DCIM/Camera/20250104_225342.heic,288143,CAMERA
20250104_224615.heic,/storage/emulated/0/DCIM/Camera/20250104_224615.heic,1028442,CAMERA
20250104_224612.heic,/storage/emulated/0/DCIM/Camera/20250104_224612.heic,1093325,CAMERA
20250104_224556.heic,/storage/emulated/0/DCIM/Camera/20250104_224556.heic,1390667,CAMERA
2025-01-04-073713726.mp4,/storage/emulated/0/DCIM/Camera/2025-01-04-073713726.mp4,30513279,CAMERA
20250103_174833.heic,/storage/emulated/0/DCIM/Camera/20250103_174833.heic,812410,CAMERA
20250103_174823.heic,/storage/emulated/0/DCIM/Camera/20250103_174823.heic,407336,CAMERA
20250103_003516.heic,/storage/emulated/0/DCIM/Camera/20250103_003516.heic,938818,CAMERA
2025-01-03-002652740.mp4,/storage/emulated/0/DCIM/Camera/2025-01-03-002652740.mp4,19082743,CAMERA
20250102_221717.heic,/storage/emulated/0/DCIM/Camera/20250102_221717.heic,844531,CAMERA
20250102_221706.heic,/storage/emulated/0/DCIM/Camera/20250102_221706.heic,892551,CAMERA
20250102_221521.heic,/storage/emulated/0/DCIM/Camera/20250102_221521.heic,836808,CAMERA
1702042e083412896912fd348d3a1650.mp4,/storage/emulated/0/DCIM/Camera/1702042e083412896912fd348d3a1650.mp4,580143,CAMERA
dd27834917eb11a6db95aa3f6d8dc69a_1735773362656_0.webp.jpg,/storage/emulated/0/DCIM/Camera/dd27834917eb11a6db95aa3f6d8dc69a_1735773362656_0.webp.jpg,42202,CAMERA
2025-01-01-120612471.mp4,/storage/emulated/0/DCIM/Camera/2025-01-01-120612471.mp4,51120272,CAMERA
20250101_113326.mp4,/storage/emulated/0/DCIM/Camera/20250101_113326.mp4,83873538,CAMERA
20250101_103012.mp4,/storage/emulated/0/DCIM/Camera/20250101_103012.mp4,153108324,CAMERA
20241231_203848.heic,/storage/emulated/0/DCIM/Camera/20241231_203848.heic,1280889,CAMERA
20241231_202729.heic,/storage/emulated/0/DCIM/Camera/20241231_202729.heic,765107,CAMERA
20241231_202712.heic,/storage/emulated/0/DCIM/Camera/20241231_202712.heic,731948,CAMERA
20241231_202711.heic,/storage/emulated/0/DCIM/Camera/20241231_202711.heic,689354,CAMERA
20241231_202659.heic,/storage/emulated/0/DCIM/Camera/20241231_202659.heic,776259,CAMERA
20241231_202657.heic,/storage/emulated/0/DCIM/Camera/20241231_202657.heic,746949,CAMERA
20241231_202650.heic,/storage/emulated/0/DCIM/Camera/20241231_202650.heic,827161,CAMERA
2024-12-31-183102495.mp4,/storage/emulated/0/DCIM/Camera/2024-12-31-183102495.mp4,26790653,CAMERA
2024-12-29-201230673.mp4,/storage/emulated/0/DCIM/Camera/2024-12-29-201230673.mp4,16817495,CAMERA
2024-12-28-144124219.mp4,/storage/emulated/0/DCIM/Camera/2024-12-28-144124219.mp4,24742732,CAMERA
2024-12-27-194203360.mp4,/storage/emulated/0/DCIM/Camera/2024-12-27-194203360.mp4,34019920,CAMERA
2024-12-26-133051818.mp4,/storage/emulated/0/DCIM/Camera/2024-12-26-133051818.mp4,30850084,CAMERA
20241225_234053.mp4,/storage/emulated/0/DCIM/Camera/20241225_234053.mp4,87133713,CAMERA
20241225_233202.mp4,/storage/emulated/0/DCIM/Camera/20241225_233202.mp4,42390986,CAMERA
20241225_233110.mp4,/storage/emulated/0/DCIM/Camera/20241225_233110.mp4,26848954,CAMERA
20241225_232011.heic,/storage/emulated/0/DCIM/Camera/20241225_232011.heic,2669448,CAMERA
20241225_232005.heic,/storage/emulated/0/DCIM/Camera/20241225_232005.heic,1158515,CAMERA
20241225_232000.heic,/storage/emulated/0/DCIM/Camera/20241225_232000.heic,890944,CAMERA
20241225_135235.heic,/storage/emulated/0/DCIM/Camera/20241225_135235.heic,767628,CAMERA
20241225_135224.heic,/storage/emulated/0/DCIM/Camera/20241225_135224.heic,806730,CAMERA
20241225_135213.heic,/storage/emulated/0/DCIM/Camera/20241225_135213.heic,1669360,CAMERA
20241225_135207.heic,/storage/emulated/0/DCIM/Camera/20241225_135207.heic,1781984,CAMERA
3c678737330c215eaa651a975b170c3d_1735128700323_0.webp.jpg,/storage/emulated/0/DCIM/Camera/3c678737330c215eaa651a975b170c3d_1735128700323_0.webp.jpg,204690,CAMERA
20241225_112139.jpg,/storage/emulated/0/DCIM/Camera/20241225_112139.jpg,3871716,CAMERA
20241225_112133.heic,/storage/emulated/0/DCIM/Camera/20241225_112133.heic,1480165,CAMERA
20241225_112125.heic,/storage/emulated/0/DCIM/Camera/20241225_112125.heic,1397952,CAMERA
2024-12-25-103755895.mp4,/storage/emulated/0/DCIM/Camera/2024-12-25-103755895.mp4,29003419,CAMERA
2024-12-24-170520030.mp4,/storage/emulated/0/DCIM/Camera/2024-12-24-170520030.mp4,28709128,CAMERA
20241224_162600.heic,/storage/emulated/0/DCIM/Camera/20241224_162600.heic,1435940,CAMERA
20241224_162556.heic,/storage/emulated/0/DCIM/Camera/20241224_162556.heic,868398,CAMERA
20241224_162553.heic,/storage/emulated/0/DCIM/Camera/20241224_162553.heic,1653516,CAMERA
20241223_154359.heic,/storage/emulated/0/DCIM/Camera/20241223_154359.heic,1446151,CAMERA
20241223_154348.heic,/storage/emulated/0/DCIM/Camera/20241223_154348.heic,1940517,CAMERA
20241223_154339.heic,/storage/emulated/0/DCIM/Camera/20241223_154339.heic,1331264,CAMERA
20241223_154326.heic,/storage/emulated/0/DCIM/Camera/20241223_154326.heic,1846233,CAMERA
2024-12-20-002709603.mp4,/storage/emulated/0/DCIM/Camera/2024-12-20-002709603.mp4,21540934,CAMERA
20241222_204256.jpg,/storage/emulated/0/DCIM/Camera/20241222_204256.jpg,2328804,CAMERA
20241222_204242.jpg,/storage/emulated/0/DCIM/Camera/20241222_204242.jpg,2481691,CAMERA
20241222_204225.jpg,/storage/emulated/0/DCIM/Camera/20241222_204225.jpg,2529155,CAMERA
20241222_141630.heic,/storage/emulated/0/DCIM/Camera/20241222_141630.heic,1135239,CAMERA
20241222_141622.heic,/storage/emulated/0/DCIM/Camera/20241222_141622.heic,1346939,CAMERA
20241222_141614.heic,/storage/emulated/0/DCIM/Camera/20241222_141614.heic,1938933,CAMERA
2024-12-22-120657976.mp4,/storage/emulated/0/DCIM/Camera/2024-12-22-120657976.mp4,19002303,CAMERA
20241221_121814.heic,/storage/emulated/0/DCIM/Camera/20241221_121814.heic,805975,CAMERA
2024-12-20-200438426.mp4,/storage/emulated/0/DCIM/Camera/2024-12-20-200438426.mp4,6619915,CAMERA
20241220_181846.jpg,/storage/emulated/0/DCIM/Camera/20241220_181846.jpg,666590,CAMERA
20241220_181341.jpg,/storage/emulated/0/DCIM/Camera/20241220_181341.jpg,1385621,CAMERA
2024-12-20-074613030.mp4,/storage/emulated/0/DCIM/Camera/2024-12-20-074613030.mp4,4186925,CAMERA
20241219_115353.heic,/storage/emulated/0/DCIM/Camera/20241219_115353.heic,1021591,CAMERA
20241219_101102.mp4,/storage/emulated/0/DCIM/Camera/20241219_101102.mp4,29407180,CAMERA
20241219_101058.heic,/storage/emulated/0/DCIM/Camera/20241219_101058.heic,1129074,CAMERA
20241219_101053.heic,/storage/emulated/0/DCIM/Camera/20241219_101053.heic,988659,CAMERA
2024-12-18-094125262.mp4,/storage/emulated/0/DCIM/Camera/2024-12-18-094125262.mp4,13437685,CAMERA
2024-12-18-095848703.mp4,/storage/emulated/0/DCIM/Camera/2024-12-18-095848703.mp4,33798705,CAMERA
2024-12-17-215356633.mp4,/storage/emulated/0/DCIM/Camera/2024-12-17-215356633.mp4,4500168,CAMERA
59bab2999cc6ff48c05a6aea455f503b.mp4,/storage/emulated/0/DCIM/Camera/59bab2999cc6ff48c05a6aea455f503b.mp4,1008630,CAMERA
370ab773dd55c143d08f09605a1eba2e.mp4,/storage/emulated/0/DCIM/Camera/370ab773dd55c143d08f09605a1eba2e.mp4,29099690,CAMERA
20241216_154846.heic,/storage/emulated/0/DCIM/Camera/20241216_154846.heic,1271973,CAMERA
20241216_154841.heic,/storage/emulated/0/DCIM/Camera/20241216_154841.heic,1092707,CAMERA
20241215_205114.heic,/storage/emulated/0/DCIM/Camera/20241215_205114.heic,2331779,CAMERA
20241215_204843.heic,/storage/emulated/0/DCIM/Camera/20241215_204843.heic,1875130,CAMERA
20241214_211456.heic,/storage/emulated/0/DCIM/Camera/20241214_211456.heic,1500597,CAMERA
20241213_215022.heic,/storage/emulated/0/DCIM/Camera/20241213_215022.heic,849066,CAMERA
20241213_195906.heic,/storage/emulated/0/DCIM/Camera/20241213_195906.heic,1642891,CAMERA
20241213_195859.heic,/storage/emulated/0/DCIM/Camera/20241213_195859.heic,1709956,CAMERA
20241213_123902.heic,/storage/emulated/0/DCIM/Camera/20241213_123902.heic,1355946,CAMERA
20241213_123903.heic,/storage/emulated/0/DCIM/Camera/20241213_123903.heic,1608116,CAMERA
20241213_123858.heic,/storage/emulated/0/DCIM/Camera/20241213_123858.heic,1270366,CAMERA
20241209_183429.heic,/storage/emulated/0/DCIM/Camera/20241209_183429.heic,868941,CAMERA
20241209_183420.heic,/storage/emulated/0/DCIM/Camera/20241209_183420.heic,812350,CAMERA
20241209_183419.heic,/storage/emulated/0/DCIM/Camera/20241209_183419.heic,841396,CAMERA
20241208_164710.heic,/storage/emulated/0/DCIM/Camera/20241208_164710.heic,968336,CAMERA
20241205_214330.heic,/storage/emulated/0/DCIM/Camera/20241205_214330.heic,1243940,CAMERA
20241205_214319.heic,/storage/emulated/0/DCIM/Camera/20241205_214319.heic,1693596,CAMERA
20241204_193242.heic,/storage/emulated/0/DCIM/Camera/20241204_193242.heic,1928199,CAMERA
20241204_193232.heic,/storage/emulated/0/DCIM/Camera/20241204_193232.heic,1936313,CAMERA
20241204_193221.heic,/storage/emulated/0/DCIM/Camera/20241204_193221.heic,1748979,CAMERA
20241204_193210.heic,/storage/emulated/0/DCIM/Camera/20241204_193210.heic,2158440,CAMERA
20241204_193204.jpg,/storage/emulated/0/DCIM/Camera/20241204_193204.jpg,4168575,CAMERA
20241203_131729.mp4,/storage/emulated/0/DCIM/Camera/20241203_131729.mp4,245192055,CAMERA
20241203_131711.heic,/storage/emulated/0/DCIM/Camera/20241203_131711.heic,632093,CAMERA
20241130_162615.heic,/storage/emulated/0/DCIM/Camera/20241130_162615.heic,1285570,CAMERA
20241130_162613.heic,/storage/emulated/0/DCIM/Camera/20241130_162613.heic,1304321,CAMERA
20241130_162607.heic,/storage/emulated/0/DCIM/Camera/20241130_162607.heic,1389108,CAMERA
20241129_212426.heic,/storage/emulated/0/DCIM/Camera/20241129_212426.heic,991325,CAMERA
20241124_165732.heic,/storage/emulated/0/DCIM/Camera/20241124_165732.heic,1028205,CAMERA
20241124_165730.heic,/storage/emulated/0/DCIM/Camera/20241124_165730.heic,1025250,CAMERA
20241124_165727.heic,/storage/emulated/0/DCIM/Camera/20241124_165727.heic,1031622,CAMERA
20241123_221227.mp4,/storage/emulated/0/DCIM/Camera/20241123_221227.mp4,91150753,CAMERA
20241123_221220.heic,/storage/emulated/0/DCIM/Camera/20241123_221220.heic,1373259,CAMERA
20241123_221216.heic,/storage/emulated/0/DCIM/Camera/20241123_221216.heic,1497346,CAMERA
20241123_221214.heic,/storage/emulated/0/DCIM/Camera/20241123_221214.heic,1480012,CAMERA
20241123_143941.heic,/storage/emulated/0/DCIM/Camera/20241123_143941.heic,1153576,CAMERA
20241123_143937.heic,/storage/emulated/0/DCIM/Camera/20241123_143937.heic,902924,CAMERA
20241123_143931.heic,/storage/emulated/0/DCIM/Camera/20241123_143931.heic,749791,CAMERA
20241123_143921.heic,/storage/emulated/0/DCIM/Camera/20241123_143921.heic,1104638,CAMERA
20241123_143913.heic,/storage/emulated/0/DCIM/Camera/20241123_143913.heic,1034657,CAMERA
20241123_143900.heic,/storage/emulated/0/DCIM/Camera/20241123_143900.heic,1127879,CAMERA
20241123_143857.heic,/storage/emulated/0/DCIM/Camera/20241123_143857.heic,1031704,CAMERA
20241123_143851.heic,/storage/emulated/0/DCIM/Camera/20241123_143851.heic,1049082,CAMERA
20241123_143848.heic,/storage/emulated/0/DCIM/Camera/20241123_143848.heic,949575,CAMERA
20241123_143846.heic,/storage/emulated/0/DCIM/Camera/20241123_143846.heic,906447,CAMERA
20241123_143757.heic,/storage/emulated/0/DCIM/Camera/20241123_143757.heic,880246,CAMERA
20241121_193816.heic,/storage/emulated/0/DCIM/Camera/20241121_193816.heic,1672813,CAMERA
20241121_193812.heic,/storage/emulated/0/DCIM/Camera/20241121_193812.heic,1504972,CAMERA
20241121_193807.heic,/storage/emulated/0/DCIM/Camera/20241121_193807.heic,1273602,CAMERA
20241121_193803.heic,/storage/emulated/0/DCIM/Camera/20241121_193803.heic,1628589,CAMERA
20241121_193759.heic,/storage/emulated/0/DCIM/Camera/20241121_193759.heic,1413024,CAMERA
1733261555 (1).mp4,/storage/emulated/0/DCIM/Camera/1733261555 (1).mp4,17288049,CAMERA
20241119_204726.heic,/storage/emulated/0/DCIM/Camera/20241119_204726.heic,1150949,CAMERA
20241119_204724.heic,/storage/emulated/0/DCIM/Camera/20241119_204724.heic,1069574,CAMERA
20241119_204712.heic,/storage/emulated/0/DCIM/Camera/20241119_204712.heic,931978,CAMERA
20241119_204701.mp4,/storage/emulated/0/DCIM/Camera/20241119_204701.mp4,2945759,CAMERA
20241118_121921.mp4,/storage/emulated/0/DCIM/Camera/20241118_121921.mp4,40897656,CAMERA
20241118_121538.mp4,/storage/emulated/0/DCIM/Camera/20241118_121538.mp4,132161734,CAMERA
20241118_121529.heic,/storage/emulated/0/DCIM/Camera/20241118_121529.heic,1106773,CAMERA
20241118_121524.heic,/storage/emulated/0/DCIM/Camera/20241118_121524.heic,794030,CAMERA
20241118_121507.mp4,/storage/emulated/0/DCIM/Camera/20241118_121507.mp4,3298534,CAMERA
20241115_163342.mp4,/storage/emulated/0/DCIM/Camera/20241115_163342.mp4,98958152,CAMERA
20241115_162635.mp4,/storage/emulated/0/DCIM/Camera/20241115_162635.mp4,141824207,CAMERA
20241115_161808.heic,/storage/emulated/0/DCIM/Camera/20241115_161808.heic,1213460,CAMERA
20241115_161726.heic,/storage/emulated/0/DCIM/Camera/20241115_161726.heic,925032,CAMERA
20241114_185305.heic,/storage/emulated/0/DCIM/Camera/20241114_185305.heic,1425281,CAMERA
20241114_114747.heic,/storage/emulated/0/DCIM/Camera/20241114_114747.heic,1037336,CAMERA
20241114_114741.heic,/storage/emulated/0/DCIM/Camera/20241114_114741.heic,966263,CAMERA
20241114_114606.heic,/storage/emulated/0/DCIM/Camera/20241114_114606.heic,142905,CAMERA
20241111_163019.heic,/storage/emulated/0/DCIM/Camera/20241111_163019.heic,1066914,CAMERA
20241111_163013.heic,/storage/emulated/0/DCIM/Camera/20241111_163013.heic,829864,CAMERA
20241111_163010.heic,/storage/emulated/0/DCIM/Camera/20241111_163010.heic,792448,CAMERA
20241111_162955.heic,/storage/emulated/0/DCIM/Camera/20241111_162955.heic,998101,CAMERA
20241110_144303.heic,/storage/emulated/0/DCIM/Camera/20241110_144303.heic,704798,CAMERA
20241110_144300.heic,/storage/emulated/0/DCIM/Camera/20241110_144300.heic,564906,CAMERA
20241110_144253.heic,/storage/emulated/0/DCIM/Camera/20241110_144253.heic,389054,CAMERA
20241110_144243.heic,/storage/emulated/0/DCIM/Camera/20241110_144243.heic,417894,CAMERA
20241110_143759.mp4,/storage/emulated/0/DCIM/Camera/20241110_143759.mp4,24388982,CAMERA
20241110_143755.heic,/storage/emulated/0/DCIM/Camera/20241110_143755.heic,1034121,CAMERA
20241109_211813.heic,/storage/emulated/0/DCIM/Camera/20241109_211813.heic,1037032,CAMERA
20241108_092644.heic,/storage/emulated/0/DCIM/Camera/20241108_092644.heic,1076110,CAMERA
20241108_092640.heic,/storage/emulated/0/DCIM/Camera/20241108_092640.heic,664900,CAMERA
20241108_092636.heic,/storage/emulated/0/DCIM/Camera/20241108_092636.heic,1120034,CAMERA
20241106_154138.heic,/storage/emulated/0/DCIM/Camera/20241106_154138.heic,1407627,CAMERA
20241106_154040.heic,/storage/emulated/0/DCIM/Camera/20241106_154040.heic,1784166,CAMERA
20241106_153553.heic,/storage/emulated/0/DCIM/Camera/20241106_153553.heic,1909360,CAMERA
20241105_202854.heic,/storage/emulated/0/DCIM/Camera/20241105_202854.heic,1457041,CAMERA
20241105_202831.heic,/storage/emulated/0/DCIM/Camera/20241105_202831.heic,1632600,CAMERA
20241105_195221.mp4,/storage/emulated/0/DCIM/Camera/20241105_195221.mp4,27617715,CAMERA
20241105_195207.heic,/storage/emulated/0/DCIM/Camera/20241105_195207.heic,1272756,CAMERA
20241105_195202.heic,/storage/emulated/0/DCIM/Camera/20241105_195202.heic,1314757,CAMERA
20241105_191101.heic,/storage/emulated/0/DCIM/Camera/20241105_191101.heic,467559,CAMERA
20241105_191057.heic,/storage/emulated/0/DCIM/Camera/20241105_191057.heic,484492,CAMERA
20241105_191041.heic,/storage/emulated/0/DCIM/Camera/20241105_191041.heic,485011,CAMERA
20241104_150147.jpg,/storage/emulated/0/DCIM/Camera/20241104_150147.jpg,5817360,CAMERA
20241104_150145.jpg,/storage/emulated/0/DCIM/Camera/20241104_150145.jpg,5652217,CAMERA
20241104_150143.jpg,/storage/emulated/0/DCIM/Camera/20241104_150143.jpg,5922006,CAMERA
20241104_150140.jpg,/storage/emulated/0/DCIM/Camera/20241104_150140.jpg,5779585,CAMERA
20241104_150135.jpg,/storage/emulated/0/DCIM/Camera/20241104_150135.jpg,5056746,CAMERA
20241104_150133.jpg,/storage/emulated/0/DCIM/Camera/20241104_150133.jpg,5381628,CAMERA
20241104_150127.jpg,/storage/emulated/0/DCIM/Camera/20241104_150127.jpg,6220522,CAMERA
20241104_150125.jpg,/storage/emulated/0/DCIM/Camera/20241104_150125.jpg,6361291,CAMERA
20241104_143139.mp4,/storage/emulated/0/DCIM/Camera/20241104_143139.mp4,10204105,CAMERA
20241103_204549.mp4,/storage/emulated/0/DCIM/Camera/20241103_204549.mp4,7186572,CAMERA
20241103_204512.mp4,/storage/emulated/0/DCIM/Camera/20241103_204512.mp4,37597903,CAMERA
20241103_163740.heic,/storage/emulated/0/DCIM/Camera/20241103_163740.heic,979547,CAMERA
20241103_154347.jpg,/storage/emulated/0/DCIM/Camera/20241103_154347.jpg,2048280,CAMERA
20241103_153546.heic,/storage/emulated/0/DCIM/Camera/20241103_153546.heic,1307700,CAMERA
20241103_153541.heic,/storage/emulated/0/DCIM/Camera/20241103_153541.heic,1111231,CAMERA
20241102_230536.heic,/storage/emulated/0/DCIM/Camera/20241102_230536.heic,993382,CAMERA
20241102_230533.heic,/storage/emulated/0/DCIM/Camera/20241102_230533.heic,1380011,CAMERA
20241102_230522.heic,/storage/emulated/0/DCIM/Camera/20241102_230522.heic,1065872,CAMERA
20241102_225326.heic,/storage/emulated/0/DCIM/Camera/20241102_225326.heic,747884,CAMERA
20241102_225319.heic,/storage/emulated/0/DCIM/Camera/20241102_225319.heic,741692,CAMERA
20241102_225307.heic,/storage/emulated/0/DCIM/Camera/20241102_225307.heic,1143776,CAMERA
20241101_223607.heic,/storage/emulated/0/DCIM/Camera/20241101_223607.heic,1095444,CAMERA
20241101_223533.heic,/storage/emulated/0/DCIM/Camera/20241101_223533.heic,1285750,CAMERA
20241101_223515.mp4,/storage/emulated/0/DCIM/Camera/20241101_223515.mp4,2263428,CAMERA
20241101_200834.mp4,/storage/emulated/0/DCIM/Camera/20241101_200834.mp4,2282082,CAMERA
20241101_200811.mp4,/storage/emulated/0/DCIM/Camera/20241101_200811.mp4,22939737,CAMERA
20241101_085225.heic,/storage/emulated/0/DCIM/Camera/20241101_085225.heic,1102445,CAMERA
20241101_085222.heic,/storage/emulated/0/DCIM/Camera/20241101_085222.heic,896692,CAMERA
20241021_191430.heic,/storage/emulated/0/DCIM/Camera/20241021_191430.heic,672168,CAMERA
20241021_135839.heic,/storage/emulated/0/DCIM/Camera/20241021_135839.heic,983084,CAMERA
20241021_135836.heic,/storage/emulated/0/DCIM/Camera/20241021_135836.heic,1366206,CAMERA
20241021_135831.heic,/storage/emulated/0/DCIM/Camera/20241021_135831.heic,1107312,CAMERA
20241021_135829.heic,/storage/emulated/0/DCIM/Camera/20241021_135829.heic,1101670,CAMERA
20241021_135826.heic,/storage/emulated/0/DCIM/Camera/20241021_135826.heic,1173728,CAMERA
20241021_135822.heic,/storage/emulated/0/DCIM/Camera/20241021_135822.heic,1121246,CAMERA
20241021_135818.heic,/storage/emulated/0/DCIM/Camera/20241021_135818.heic,1226348,CAMERA
20241021_135817.heic,/storage/emulated/0/DCIM/Camera/20241021_135817.heic,1162479,CAMERA
20241021_135812.heic,/storage/emulated/0/DCIM/Camera/20241021_135812.heic,1408560,CAMERA
20241021_135804.heic,/storage/emulated/0/DCIM/Camera/20241021_135804.heic,1014115,CAMERA
20241021_135753.jpg,/storage/emulated/0/DCIM/Camera/20241021_135753.jpg,2267788,CAMERA
20241021_102735.jpg,/storage/emulated/0/DCIM/Camera/20241021_102735.jpg,2319126,CAMERA
20241020_210211.heic,/storage/emulated/0/DCIM/Camera/20241020_210211.heic,1840638,CAMERA
20241020_210154.heic,/storage/emulated/0/DCIM/Camera/20241020_210154.heic,1478623,CAMERA
20241020_210141.heic,/storage/emulated/0/DCIM/Camera/20241020_210141.heic,1503458,CAMERA
20241020_155349.heic,/storage/emulated/0/DCIM/Camera/20241020_155349.heic,1186920,CAMERA
20241020_155347.heic,/storage/emulated/0/DCIM/Camera/20241020_155347.heic,1095509,CAMERA
20241020_155346.heic,/storage/emulated/0/DCIM/Camera/20241020_155346.heic,1029262,CAMERA
20241020_151323.mp4,/storage/emulated/0/DCIM/Camera/20241020_151323.mp4,22481835,CAMERA
20241020_151300.mp4,/storage/emulated/0/DCIM/Camera/20241020_151300.mp4,15471059,CAMERA
20241020_151253.heic,/storage/emulated/0/DCIM/Camera/20241020_151253.heic,774506,CAMERA
20241020_151251.heic,/storage/emulated/0/DCIM/Camera/20241020_151251.heic,748144,CAMERA
20241020_151246.heic,/storage/emulated/0/DCIM/Camera/20241020_151246.heic,882607,CAMERA
20241020_151235.heic,/storage/emulated/0/DCIM/Camera/20241020_151235.heic,758810,CAMERA
20241014_113327.heic,/storage/emulated/0/DCIM/Camera/20241014_113327.heic,1269191,CAMERA
20241014_113322.heic,/storage/emulated/0/DCIM/Camera/20241014_113322.heic,1166513,CAMERA
20241013_165617.heic,/storage/emulated/0/DCIM/Camera/20241013_165617.heic,871943,CAMERA
20241013_165616.heic,/storage/emulated/0/DCIM/Camera/20241013_165616.heic,773235,CAMERA
20241013_165614.heic,/storage/emulated/0/DCIM/Camera/20241013_165614.heic,848435,CAMERA
20241013_165613.heic,/storage/emulated/0/DCIM/Camera/20241013_165613.heic,971791,CAMERA
20241013_165611.heic,/storage/emulated/0/DCIM/Camera/20241013_165611.heic,663438,CAMERA
20241013_165603.heic,/storage/emulated/0/DCIM/Camera/20241013_165603.heic,808177,CAMERA
20241013_165602.heic,/storage/emulated/0/DCIM/Camera/20241013_165602.heic,786596,CAMERA
20241012_121427.heic,/storage/emulated/0/DCIM/Camera/20241012_121427.heic,665184,CAMERA
20241012_103213.heic,/storage/emulated/0/DCIM/Camera/20241012_103213.heic,968775,CAMERA
20241012_103212.heic,/storage/emulated/0/DCIM/Camera/20241012_103212.heic,780244,CAMERA
20241012_103209.heic,/storage/emulated/0/DCIM/Camera/20241012_103209.heic,654391,CAMERA
20241011_163059.heic,/storage/emulated/0/DCIM/Camera/20241011_163059.heic,774669,CAMERA
20241011_163055.heic,/storage/emulated/0/DCIM/Camera/20241011_163055.heic,900287,CAMERA
20241009_165024.mp4,/storage/emulated/0/DCIM/Camera/20241009_165024.mp4,2601086,CAMERA
20241009_165015.mp4,/storage/emulated/0/DCIM/Camera/20241009_165015.mp4,7655601,CAMERA
20241008_190546.mp4,/storage/emulated/0/DCIM/Camera/20241008_190546.mp4,13932512,CAMERA
20241008_190522.heic,/storage/emulated/0/DCIM/Camera/20241008_190522.heic,843624,CAMERA
20241008_190512.heic,/storage/emulated/0/DCIM/Camera/20241008_190512.heic,841431,CAMERA
20241007_220949.heic,/storage/emulated/0/DCIM/Camera/20241007_220949.heic,335190,CAMERA
20241007_220942.heic,/storage/emulated/0/DCIM/Camera/20241007_220942.heic,345114,CAMERA
20241007_220916.heic,/storage/emulated/0/DCIM/Camera/20241007_220916.heic,769183,CAMERA
20241007_220914.heic,/storage/emulated/0/DCIM/Camera/20241007_220914.heic,773538,CAMERA
20241007_220908.heic,/storage/emulated/0/DCIM/Camera/20241007_220908.heic,623631,CAMERA
20241007_220843.heic,/storage/emulated/0/DCIM/Camera/20241007_220843.heic,283532,CAMERA
20241007_220835.heic,/storage/emulated/0/DCIM/Camera/20241007_220835.heic,532577,CAMERA
20241007_220834.heic,/storage/emulated/0/DCIM/Camera/20241007_220834.heic,517776,CAMERA
20241007_220816.heic,/storage/emulated/0/DCIM/Camera/20241007_220816.heic,648164,CAMERA
20241007_220734.heic,/storage/emulated/0/DCIM/Camera/20241007_220734.heic,1868393,CAMERA
20241007_220731.heic,/storage/emulated/0/DCIM/Camera/20241007_220731.heic,1799798,CAMERA
20241007_220725.heic,/storage/emulated/0/DCIM/Camera/20241007_220725.heic,1833695,CAMERA
20241007_220722.heic,/storage/emulated/0/DCIM/Camera/20241007_220722.heic,1733679,CAMERA
20241007_220720.heic,/storage/emulated/0/DCIM/Camera/20241007_220720.heic,1793600,CAMERA
20241007_220700.heic,/storage/emulated/0/DCIM/Camera/20241007_220700.heic,1598408,CAMERA
20241007_220653.heic,/storage/emulated/0/DCIM/Camera/20241007_220653.heic,1357325,CAMERA
20241007_220419.mp4,/storage/emulated/0/DCIM/Camera/20241007_220419.mp4,33943410,CAMERA
20241007_191938.mp4,/storage/emulated/0/DCIM/Camera/20241007_191938.mp4,54144792,CAMERA
20241006_153654.heic,/storage/emulated/0/DCIM/Camera/20241006_153654.heic,822352,CAMERA
20241006_153649.heic,/storage/emulated/0/DCIM/Camera/20241006_153649.heic,770286,CAMERA
20241006_153644.heic,/storage/emulated/0/DCIM/Camera/20241006_153644.heic,799820,CAMERA
20241006_125129.heic,/storage/emulated/0/DCIM/Camera/20241006_125129.heic,1360973,CAMERA
20241006_125124.heic,/storage/emulated/0/DCIM/Camera/20241006_125124.heic,1491054,CAMERA
20241006_125115.heic,/storage/emulated/0/DCIM/Camera/20241006_125115.heic,769289,CAMERA
20241005_214633.mp4,/storage/emulated/0/DCIM/Camera/20241005_214633.mp4,15742122,CAMERA
20241005_214544.mp4,/storage/emulated/0/DCIM/Camera/20241005_214544.mp4,56993269,CAMERA
20241005_214527.mp4,/storage/emulated/0/DCIM/Camera/20241005_214527.mp4,14370000,CAMERA
20241005_152750.mp4,/storage/emulated/0/DCIM/Camera/20241005_152750.mp4,32010755,CAMERA
20241005_002301.jpg,/storage/emulated/0/DCIM/Camera/20241005_002301.jpg,1647819,CAMERA
20241005_002245.jpg,/storage/emulated/0/DCIM/Camera/20241005_002245.jpg,1713259,CAMERA
20241004_230048.mp4,/storage/emulated/0/DCIM/Camera/20241004_230048.mp4,94070455,CAMERA
20241004_135159.heic,/storage/emulated/0/DCIM/Camera/20241004_135159.heic,472314,CAMERA
20241004_135154.heic,/storage/emulated/0/DCIM/Camera/20241004_135154.heic,535585,CAMERA
20241004_135121.jpg,/storage/emulated/0/DCIM/Camera/20241004_135121.jpg,3318801,CAMERA
20241004_135122.jpg,/storage/emulated/0/DCIM/Camera/20241004_135122.jpg,3513794,CAMERA
20241004_135120.jpg,/storage/emulated/0/DCIM/Camera/20241004_135120.jpg,3257225,CAMERA
20241004_090723.mp4,/storage/emulated/0/DCIM/Camera/20241004_090723.mp4,6047991,CAMERA
20241004_090616.mp4,/storage/emulated/0/DCIM/Camera/20241004_090616.mp4,23939958,CAMERA
20241004_090608.heic,/storage/emulated/0/DCIM/Camera/20241004_090608.heic,1893319,CAMERA
20241004_090558.heic,/storage/emulated/0/DCIM/Camera/20241004_090558.heic,1969534,CAMERA
20241003_203826.mp4,/storage/emulated/0/DCIM/Camera/20241003_203826.mp4,3125874,CAMERA
20241001_113047.heic,/storage/emulated/0/DCIM/Camera/20241001_113047.heic,631406,CAMERA
20241001_113046.heic,/storage/emulated/0/DCIM/Camera/20241001_113046.heic,608111,CAMERA
20241001_113045.heic,/storage/emulated/0/DCIM/Camera/20241001_113045.heic,630922,CAMERA
20241001_113044.heic,/storage/emulated/0/DCIM/Camera/20241001_113044.heic,628915,CAMERA
20241001_113041.heic,/storage/emulated/0/DCIM/Camera/20241001_113041.heic,556609,CAMERA
IMG_20240930212012055.jpg,/storage/emulated/0/DCIM/Camera/IMG_20240930212012055.jpg,0,CAMERA
IMG_20240930212010758.jpg,/storage/emulated/0/DCIM/Camera/IMG_20240930212010758.jpg,3980434,CAMERA
IMG_20240930212001846.jpg,/storage/emulated/0/DCIM/Camera/IMG_20240930212001846.jpg,5289501,CAMERA
IMG_20240930212003242.jpg,/storage/emulated/0/DCIM/Camera/IMG_20240930212003242.jpg,0,CAMERA
IMG_20240930211956159.jpg,/storage/emulated/0/DCIM/Camera/IMG_20240930211956159.jpg,3977719,CAMERA
IMG_20240930211957108.jpg,/storage/emulated/0/DCIM/Camera/IMG_20240930211957108.jpg,0,CAMERA
20240929_181951.mp4,/storage/emulated/0/DCIM/Camera/20240929_181951.mp4,79505153,CAMERA
20240929_153305.mp4,/storage/emulated/0/DCIM/Camera/20240929_153305.mp4,21411004,CAMERA
IMG_20240929101810130.jpg,/storage/emulated/0/DCIM/Camera/IMG_20240929101810130.jpg,0,CAMERA
IMG_20240929101809142.jpg,/storage/emulated/0/DCIM/Camera/IMG_20240929101809142.jpg,2898083,CAMERA
IMG_20240928232231876.jpg,/storage/emulated/0/DCIM/Camera/IMG_20240928232231876.jpg,0,CAMERA
IMG_20240928232231024.jpg,/storage/emulated/0/DCIM/Camera/IMG_20240928232231024.jpg,5028018,CAMERA
IMG_20240928232224015.jpg,/storage/emulated/0/DCIM/Camera/IMG_20240928232224015.jpg,5275898,CAMERA
IMG_20240928232225372.jpg,/storage/emulated/0/DCIM/Camera/IMG_20240928232225372.jpg,0,CAMERA
IMG_20240928203344046.jpg,/storage/emulated/0/DCIM/Camera/IMG_20240928203344046.jpg,5371531,CAMERA
IMG_20240928203344970.jpg,/storage/emulated/0/DCIM/Camera/IMG_20240928203344970.jpg,0,CAMERA
IMG_20240928203340381.jpg,/storage/emulated/0/DCIM/Camera/IMG_20240928203340381.jpg,0,CAMERA
IMG_20240928203339140.jpg,/storage/emulated/0/DCIM/Camera/IMG_20240928203339140.jpg,5112678,CAMERA
20240928_202103.heic,/storage/emulated/0/DCIM/Camera/20240928_202103.heic,942788,CAMERA
20240928_131735(0).heic,/storage/emulated/0/DCIM/Camera/20240928_131735(0).heic,1694481,CAMERA
20240928_131736.heic,/storage/emulated/0/DCIM/Camera/20240928_131736.heic,1669446,CAMERA
20240928_131735.heic,/storage/emulated/0/DCIM/Camera/20240928_131735.heic,1697802,CAMERA
20240928_131716.heic,/storage/emulated/0/DCIM/Camera/20240928_131716.heic,1625174,CAMERA
20240928_131658.mp4,/storage/emulated/0/DCIM/Camera/20240928_131658.mp4,2264456,CAMERA
lv_0_20240927230042.mp4,/storage/emulated/0/DCIM/Camera/lv_0_20240927230042.mp4,63944251,CAMERA
lv_0_20240927225020.mp4,/storage/emulated/0/DCIM/Camera/lv_0_20240927225020.mp4,84718936,CAMERA
lv_0_20240925201048.mp4,/storage/emulated/0/DCIM/Camera/lv_0_20240925201048.mp4,154784356,CAMERA
20240924_172257.heic,/storage/emulated/0/DCIM/Camera/20240924_172257.heic,1287055,CAMERA
20240924_172255.heic,/storage/emulated/0/DCIM/Camera/20240924_172255.heic,1275398,CAMERA
20240924_172252.heic,/storage/emulated/0/DCIM/Camera/20240924_172252.heic,1223723,CAMERA
20240924_172150.heic,/storage/emulated/0/DCIM/Camera/20240924_172150.heic,1152673,CAMERA
20240924_172149.heic,/storage/emulated/0/DCIM/Camera/20240924_172149.heic,1157077,CAMERA
20240924_172145.heic,/storage/emulated/0/DCIM/Camera/20240924_172145.heic,1160346,CAMERA
20240924_172143.heic,/storage/emulated/0/DCIM/Camera/20240924_172143.heic,1150860,CAMERA
20240924_170053.heic,/storage/emulated/0/DCIM/Camera/20240924_170053.heic,2116215,CAMERA
20240924_170051.heic,/storage/emulated/0/DCIM/Camera/20240924_170051.heic,2113756,CAMERA
20240924_170050.heic,/storage/emulated/0/DCIM/Camera/20240924_170050.heic,2119285,CAMERA
20240923_170332.heic,/storage/emulated/0/DCIM/Camera/20240923_170332.heic,3056542,CAMERA
20240923_170329.heic,/storage/emulated/0/DCIM/Camera/20240923_170329.heic,1376291,CAMERA
20240923_150410.heic,/storage/emulated/0/DCIM/Camera/20240923_150410.heic,465528,CAMERA
20240922_230857.heic,/storage/emulated/0/DCIM/Camera/20240922_230857.heic,1217302,CAMERA
20240922_230855.heic,/storage/emulated/0/DCIM/Camera/20240922_230855.heic,1311759,CAMERA
20240922_205416.heic,/storage/emulated/0/DCIM/Camera/20240922_205416.heic,297280,CAMERA
20240922_205406.heic,/storage/emulated/0/DCIM/Camera/20240922_205406.heic,630776,CAMERA
20240922_204900.heic,/storage/emulated/0/DCIM/Camera/20240922_204900.heic,849365,CAMERA
20240922_111307.mp4,/storage/emulated/0/DCIM/Camera/20240922_111307.mp4,64859234,CAMERA
20240921_221841.heic,/storage/emulated/0/DCIM/Camera/20240921_221841.heic,1445779,CAMERA
20240921_210911.heic,/storage/emulated/0/DCIM/Camera/20240921_210911.heic,1896704,CAMERA
20240921_210733.heic,/storage/emulated/0/DCIM/Camera/20240921_210733.heic,1981887,CAMERA
20240921_210723.heic,/storage/emulated/0/DCIM/Camera/20240921_210723.heic,2362676,CAMERA
20240921_210638.heic,/storage/emulated/0/DCIM/Camera/20240921_210638.heic,1780095,CAMERA
20240921_210525.heic,/storage/emulated/0/DCIM/Camera/20240921_210525.heic,2428984,CAMERA
20240921_210416.heic,/storage/emulated/0/DCIM/Camera/20240921_210416.heic,2266422,CAMERA
20240921_210401.heic,/storage/emulated/0/DCIM/Camera/20240921_210401.heic,2477579,CAMERA
20240921_210351.heic,/storage/emulated/0/DCIM/Camera/20240921_210351.heic,2488581,CAMERA
20240921_210322.heic,/storage/emulated/0/DCIM/Camera/20240921_210322.heic,2800450,CAMERA
20240921_210230.heic,/storage/emulated/0/DCIM/Camera/20240921_210230.heic,1839996,CAMERA
lv_7400456066984594744_20240920215616.mp4,/storage/emulated/0/DCIM/Camera/lv_7400456066984594744_20240920215616.mp4,15414170,CAMERA
20240920_191005.heic,/storage/emulated/0/DCIM/Camera/20240920_191005.heic,1022909,CAMERA
20240920_190948.heic,/storage/emulated/0/DCIM/Camera/20240920_190948.heic,1069734,CAMERA
20240920_190947.heic,/storage/emulated/0/DCIM/Camera/20240920_190947.heic,1055283,CAMERA
20240920_190917.heic,/storage/emulated/0/DCIM/Camera/20240920_190917.heic,1384235,CAMERA
20240920_112933.mp4,/storage/emulated/0/DCIM/Camera/20240920_112933.mp4,12954229,CAMERA
20240919_115532.heic,/storage/emulated/0/DCIM/Camera/20240919_115532.heic,1130186,CAMERA
20240919_115530.heic,/storage/emulated/0/DCIM/Camera/20240919_115530.heic,1151613,CAMERA
20240919_115524.heic,/storage/emulated/0/DCIM/Camera/20240919_115524.heic,28430,CAMERA
lv_0_20240917215225.mp4,/storage/emulated/0/DCIM/Camera/lv_0_20240917215225.mp4,61550585,CAMERA
20240916_182816.mp4,/storage/emulated/0/DCIM/Camera/20240916_182816.mp4,23954581,CAMERA
20240916_182807.mp4,/storage/emulated/0/DCIM/Camera/20240916_182807.mp4,6793407,CAMERA
20240916_182755.mp4,/storage/emulated/0/DCIM/Camera/20240916_182755.mp4,9576646,CAMERA
20240916_182748.mp4,/storage/emulated/0/DCIM/Camera/20240916_182748.mp4,5984543,CAMERA
20240916_182720.mp4,/storage/emulated/0/DCIM/Camera/20240916_182720.mp4,11803378,CAMERA
20240916_120959.jpg,/storage/emulated/0/DCIM/Camera/20240916_120959.jpg,3024923,CAMERA
20240916_120935.heic,/storage/emulated/0/DCIM/Camera/20240916_120935.heic,2414661,CAMERA
20240916_115302.mp4,/storage/emulated/0/DCIM/Camera/20240916_115302.mp4,1059678694,CAMERA
20240916_115254.mp4,/storage/emulated/0/DCIM/Camera/20240916_115254.mp4,2794132,CAMERA
20240915_200154.mp4,/storage/emulated/0/DCIM/Camera/20240915_200154.mp4,99272331,CAMERA
20240915_200140.heic,/storage/emulated/0/DCIM/Camera/20240915_200140.heic,724610,CAMERA
20240915_141458.mp4,/storage/emulated/0/DCIM/Camera/20240915_141458.mp4,199865536,CAMERA
20240915_135956.mp4,/storage/emulated/0/DCIM/Camera/20240915_135956.mp4,31078643,CAMERA
lv_0_20240914224029.mp4,/storage/emulated/0/DCIM/Camera/lv_0_20240914224029.mp4,247808299,CAMERA
20240914_213621.heic,/storage/emulated/0/DCIM/Camera/20240914_213621.heic,913695,CAMERA
20240914_213457.heic,/storage/emulated/0/DCIM/Camera/20240914_213457.heic,414054,CAMERA
20240914_181031.mp4,/storage/emulated/0/DCIM/Camera/20240914_181031.mp4,9851640,CAMERA
20240914_180959.mp4,/storage/emulated/0/DCIM/Camera/20240914_180959.mp4,27631113,CAMERA
20240914_180953.mp4,/storage/emulated/0/DCIM/Camera/20240914_180953.mp4,4907359,CAMERA
20240914_180939.mp4,/storage/emulated/0/DCIM/Camera/20240914_180939.mp4,10010814,CAMERA
20240914_180809.mp4,/storage/emulated/0/DCIM/Camera/20240914_180809.mp4,50029146,CAMERA
20240914_180658.mp4,/storage/emulated/0/DCIM/Camera/20240914_180658.mp4,7166350,CAMERA
lv_0_20240914001902.mp4,/storage/emulated/0/DCIM/Camera/lv_0_20240914001902.mp4,61405115,CAMERA
20240913_194147.mp4,/storage/emulated/0/DCIM/Camera/20240913_194147.mp4,15794352,CAMERA
20240913_194116.mp4,/storage/emulated/0/DCIM/Camera/20240913_194116.mp4,16648105,CAMERA
20240913_194110.mp4,/storage/emulated/0/DCIM/Camera/20240913_194110.mp4,5056105,CAMERA
20240913_194044.mp4,/storage/emulated/0/DCIM/Camera/20240913_194044.mp4,24094390,CAMERA
20240913_194020.mp4,/storage/emulated/0/DCIM/Camera/20240913_194020.mp4,14599722,CAMERA
20240913_193959.mp4,/storage/emulated/0/DCIM/Camera/20240913_193959.mp4,7097044,CAMERA
20240913_193937.mp4,/storage/emulated/0/DCIM/Camera/20240913_193937.mp4,19054417,CAMERA
20240913_193913.mp4,/storage/emulated/0/DCIM/Camera/20240913_193913.mp4,13836425,CAMERA
20240913_193852.mp4,/storage/emulated/0/DCIM/Camera/20240913_193852.mp4,16313214,CAMERA
20240913_193812.mp4,/storage/emulated/0/DCIM/Camera/20240913_193812.mp4,3553965,CAMERA
20240913_193803.mp4,/storage/emulated/0/DCIM/Camera/20240913_193803.mp4,5316840,CAMERA
20240913_193754.mp4,/storage/emulated/0/DCIM/Camera/20240913_193754.mp4,3346980,CAMERA
20240913_192436.mp4,/storage/emulated/0/DCIM/Camera/20240913_192436.mp4,36223146,CAMERA
20240913_192431.mp4,/storage/emulated/0/DCIM/Camera/20240913_192431.mp4,2382287,CAMERA
20240913_192400.mp4,/storage/emulated/0/DCIM/Camera/20240913_192400.mp4,34167481,CAMERA
20240913_192351.mp4,/storage/emulated/0/DCIM/Camera/20240913_192351.mp4,2105576,CAMERA
20240913_192337.mp4,/storage/emulated/0/DCIM/Camera/20240913_192337.mp4,13178452,CAMERA
20240913_192228.mp4,/storage/emulated/0/DCIM/Camera/20240913_192228.mp4,51146231,CAMERA
20240913_192219.mp4,/storage/emulated/0/DCIM/Camera/20240913_192219.mp4,4341241,CAMERA
lv_0_20240913120159.mp4,/storage/emulated/0/DCIM/Camera/lv_0_20240913120159.mp4,24300102,CAMERA
20240913_114354.mp4,/storage/emulated/0/DCIM/Camera/20240913_114354.mp4,30332012,CAMERA
20240913_114327.mp4,/storage/emulated/0/DCIM/Camera/20240913_114327.mp4,27001614,CAMERA
20240913_114241.mp4,/storage/emulated/0/DCIM/Camera/20240913_114241.mp4,13710128,CAMERA
20240913_114145.mp4,/storage/emulated/0/DCIM/Camera/20240913_114145.mp4,32589370,CAMERA
20240913_114126.mp4,/storage/emulated/0/DCIM/Camera/20240913_114126.mp4,13126180,CAMERA
20240913_114118.mp4,/storage/emulated/0/DCIM/Camera/20240913_114118.mp4,2263883,CAMERA
20240913_114051.mp4,/storage/emulated/0/DCIM/Camera/20240913_114051.mp4,13293926,CAMERA
20240913_113919.mp4,/storage/emulated/0/DCIM/Camera/20240913_113919.mp4,24464695,CAMERA
20240913_113849.mp4,/storage/emulated/0/DCIM/Camera/20240913_113849.mp4,27136969,CAMERA
20240913_113840.mp4,/storage/emulated/0/DCIM/Camera/20240913_113840.mp4,2458783,CAMERA
20240913_104848.heic,/storage/emulated/0/DCIM/Camera/20240913_104848.heic,982736,CAMERA
20240913_095709.mp4,/storage/emulated/0/DCIM/Camera/20240913_095709.mp4,61083748,CAMERA
20240913_090726.heic,/storage/emulated/0/DCIM/Camera/20240913_090726.heic,1162572,CAMERA
20240913_090724.heic,/storage/emulated/0/DCIM/Camera/20240913_090724.heic,1052413,CAMERA
20240912_214417.heic,/storage/emulated/0/DCIM/Camera/20240912_214417.heic,469269,CAMERA
20240912_211809.heic,/storage/emulated/0/DCIM/Camera/20240912_211809.heic,2065641,CAMERA
20240912_152729.mp4,/storage/emulated/0/DCIM/Camera/20240912_152729.mp4,27989085,CAMERA
20240912_152632.heic,/storage/emulated/0/DCIM/Camera/20240912_152632.heic,1481499,CAMERA
20240912_152421.heic,/storage/emulated/0/DCIM/Camera/20240912_152421.heic,425119,CAMERA
20240912_152344.heic,/storage/emulated/0/DCIM/Camera/20240912_152344.heic,832030,CAMERA
20240911_210254.heic,/storage/emulated/0/DCIM/Camera/20240911_210254.heic,1307270,CAMERA
20240911_210224.heic,/storage/emulated/0/DCIM/Camera/20240911_210224.heic,1471281,CAMERA
20240911_210210.heic,/storage/emulated/0/DCIM/Camera/20240911_210210.heic,1841338,CAMERA
lv_0_20240911123317_001.mp4,/storage/emulated/0/DCIM/Camera/lv_0_20240911123317_001.mp4,22520472,CAMERA
20240911_121500.mp4,/storage/emulated/0/DCIM/Camera/20240911_121500.mp4,54643394,CAMERA
20240911_121352.mp4,/storage/emulated/0/DCIM/Camera/20240911_121352.mp4,4176361,CAMERA
20240911_121257.mp4,/storage/emulated/0/DCIM/Camera/20240911_121257.mp4,64817262,CAMERA
20240911_120422.mp4,/storage/emulated/0/DCIM/Camera/20240911_120422.mp4,26496937,CAMERA
20240911_091529.mp4,/storage/emulated/0/DCIM/Camera/20240911_091529.mp4,65578506,CAMERA
20240910_212901.heic,/storage/emulated/0/DCIM/Camera/20240910_212901.heic,1903209,CAMERA
20240910_171528.jpg,/storage/emulated/0/DCIM/Camera/20240910_171528.jpg,4650239,CAMERA
20240910_171502.jpg,/storage/emulated/0/DCIM/Camera/20240910_171502.jpg,4951965,CAMERA
20240910_164719.jpg,/storage/emulated/0/DCIM/Camera/20240910_164719.jpg,1245264,CAMERA
20240910_100957.jpg,/storage/emulated/0/DCIM/Camera/20240910_100957.jpg,4574996,CAMERA
lv_0_20240910044531.mp4,/storage/emulated/0/DCIM/Camera/lv_0_20240910044531.mp4,45029730,CAMERA
lv_0_20240910000119.mp4,/storage/emulated/0/DCIM/Camera/lv_0_20240910000119.mp4,13103905,CAMERA
20240909_160834.mp4,/storage/emulated/0/DCIM/Camera/20240909_160834.mp4,4341626,CAMERA
20240909_093201.mp4,/storage/emulated/0/DCIM/Camera/20240909_093201.mp4,8293493,CAMERA
20240909_093152.jpg,/storage/emulated/0/DCIM/Camera/20240909_093152.jpg,6207856,CAMERA
20240909_084317.jpg,/storage/emulated/0/DCIM/Camera/20240909_084317.jpg,5151704,CAMERA
20240909_084314.jpg,/storage/emulated/0/DCIM/Camera/20240909_084314.jpg,5439623,CAMERA
20240909_083750.jpg,/storage/emulated/0/DCIM/Camera/20240909_083750.jpg,4552138,CAMERA
20240909_083740.jpg,/storage/emulated/0/DCIM/Camera/20240909_083740.jpg,4711557,CAMERA
20240830_220811.jpg,/storage/emulated/0/DCIM/Camera/20240830_220811.jpg,1685872,CAMERA
20240830_220732.jpg,/storage/emulated/0/DCIM/Camera/20240830_220732.jpg,3450046,CAMERA
20240830_220724.jpg,/storage/emulated/0/DCIM/Camera/20240830_220724.jpg,2384140,CAMERA
20240830_220721.jpg,/storage/emulated/0/DCIM/Camera/20240830_220721.jpg,2362984,CAMERA
20240830_220719.jpg,/storage/emulated/0/DCIM/Camera/20240830_220719.jpg,2361955,CAMERA
