filename,path,size_bytes,extension,last_modified,category
20260723_190845.heic,/storage/emulated/0/DCIM/Camera/20260723_190845.heic,682957,heic,1784830128000,CAMERA
20260719_002233.heic,/storage/emulated/0/DCIM/Camera/20260719_002233.heic,2979867,heic,1784416953000,CAMERA
20260718_213136.heic,/storage/emulated/0/DCIM/Camera/20260718_213136.heic,2238570,heic,1784406697000,CAMERA
20260716_091010.heic,/storage/emulated/0/DCIM/Camera/20260716_091010.heic,1907775,heic,1784189410000,CAMERA
20260716_080901.heic,/storage/emulated/0/DCIM/Camera/20260716_080901.heic,1609792,heic,1784185741000,CAMERA
20260716_080223.heic,/storage/emulated/0/DCIM/Camera/20260716_080223.heic,431679,heic,1784185343000,CAMERA
20260716_080152.heic,/storage/emulated/0/DCIM/Camera/20260716_080152.heic,2490225,heic,1784185313000,CAMERA
20260716_080147.heic,/storage/emulated/0/DCIM/Camera/20260716_080147.heic,1295358,heic,1784185307000,CAMERA
20260716_080141.heic,/storage/emulated/0/DCIM/Camera/20260716_080141.heic,443243,heic,1784185301000,CAMERA
20260716_080133.heic,/storage/emulated/0/DCIM/Camera/20260716_080133.heic,1340871,heic,1784185293000,CAMERA
20260707_214516.heic,/storage/emulated/0/DCIM/Camera/20260707_214516.heic,627222,heic,1783457117000,CAMERA
20260707_003154.heic,/storage/emulated/0/DCIM/Camera/20260707_003154.heic,2989255,heic,1783380715000,CAMERA
20260707_003148.heic,/storage/emulated/0/DCIM/Camera/20260707_003148.heic,2822359,heic,1783380708000,CAMERA
20260707_003142.heic,/storage/emulated/0/DCIM/Camera/20260707_003142.heic,2782586,heic,1783380703000,CAMERA
20260704_200449.heic,/storage/emulated/0/DCIM/Camera/20260704_200449.heic,1643995,heic,1783191892000,CAMERA
20260704_200446.heic,/storage/emulated/0/DCIM/Camera/20260704_200446.heic,1546977,heic,1783191890000,CAMERA
20260704_200332.mp4,/storage/emulated/0/DCIM/Camera/20260704_200332.mp4,29963276,mp4,1783191828000,CAMERA
20260702_202616.heic,/storage/emulated/0/DCIM/Camera/20260702_202616.heic,629927,heic,1783020377000,CAMERA
20260629_142319.heic,/storage/emulated/0/DCIM/Camera/20260629_142319.heic,1762206,heic,1782739404000,CAMERA
20260629_124619.heic,/storage/emulated/0/DCIM/Camera/20260629_124619.heic,1593182,heic,1782733583000,CAMERA
20260629_113722.heic,/storage/emulated/0/DCIM/Camera/20260629_113722.heic,1849279,heic,1782729445000,CAMERA
20260629_113705.heic,/storage/emulated/0/DCIM/Camera/20260629_113705.heic,1390651,heic,1782729429000,CAMERA
20260620_224217.heic,/storage/emulated/0/DCIM/Camera/20260620_224217.heic,1436511,heic,1781991739000,CAMERA
20260620_224209.heic,/storage/emulated/0/DCIM/Camera/20260620_224209.heic,2877589,heic,1781991731000,CAMERA
20260620_224202.heic,/storage/emulated/0/DCIM/Camera/20260620_224202.heic,2613418,heic,1781991723000,CAMERA
20260620_224156.heic,/storage/emulated/0/DCIM/Camera/20260620_224156.heic,2466663,heic,1781991718000,CAMERA
20260620_224152.heic,/storage/emulated/0/DCIM/Camera/20260620_224152.heic,2409070,heic,1781991715000,CAMERA
20260616_211639.heic,/storage/emulated/0/DCIM/Camera/20260616_211639.heic,1578032,heic,1781641004000,CAMERA
20260609_185220.heic,/storage/emulated/0/DCIM/Camera/20260609_185220.heic,1780601,heic,1781027548000,CAMERA
20260531_203744.heic,/storage/emulated/0/DCIM/Camera/20260531_203744.heic,1105151,heic,1780256267000,CAMERA
20260531_203145.heic,/storage/emulated/0/DCIM/Camera/20260531_203145.heic,672930,heic,1780255910000,CAMERA
20260531_203143.heic,/storage/emulated/0/DCIM/Camera/20260531_203143.heic,376831,heic,1780255907000,CAMERA
20260526_235518.jpg,/storage/emulated/0/DCIM/Camera/20260526_235518.jpg,2024545,jpg,1779836121000,CAMERA
20260509_001055.jpg,/storage/emulated/0/DCIM/Camera/20260509_001055.jpg,4624700,jpg,1778281855000,CAMERA
20260509_001042.jpg,/storage/emulated/0/DCIM/Camera/20260509_001042.jpg,4245529,jpg,1778281842000,CAMERA
20260508_213917.jpg,/storage/emulated/0/DCIM/Camera/20260508_213917.jpg,4409376,jpg,1778272757000,CAMERA
20260508_213423.jpg,/storage/emulated/0/DCIM/Camera/20260508_213423.jpg,5666591,jpg,1778272463000,CAMERA
20260508_213417.jpg,/storage/emulated/0/DCIM/Camera/20260508_213417.jpg,4778535,jpg,1778272458000,CAMERA
20260508_213410.jpg,/storage/emulated/0/DCIM/Camera/20260508_213410.jpg,5602823,jpg,1778272451000,CAMERA
20260508_213406.jpg,/storage/emulated/0/DCIM/Camera/20260508_213406.jpg,4832758,jpg,1778272446000,CAMERA
20260508_213353.mp4,/storage/emulated/0/DCIM/Camera/20260508_213353.mp4,6018920,mp4,1778272437000,CAMERA
20260508_212505.jpg,/storage/emulated/0/DCIM/Camera/20260508_212505.jpg,4148262,jpg,1778271905000,CAMERA
20260506_205607.jpg,/storage/emulated/0/DCIM/Camera/20260506_205607.jpg,5401849,jpg,1778097367000,CAMERA
20260506_205604.jpg,/storage/emulated/0/DCIM/Camera/20260506_205604.jpg,5354465,jpg,1778097364000,CAMERA
20260506_205601.jpg,/storage/emulated/0/DCIM/Camera/20260506_205601.jpg,5532299,jpg,1778097361000,CAMERA
20260506_205557.jpg,/storage/emulated/0/DCIM/Camera/20260506_205557.jpg,4925059,jpg,1778097358000,CAMERA
20260506_205553.jpg,/storage/emulated/0/DCIM/Camera/20260506_205553.jpg,4140699,jpg,1778097354000,CAMERA
20260505_220958.jpg,/storage/emulated/0/DCIM/Camera/20260505_220958.jpg,1783018,jpg,1778015400000,CAMERA
20260501_105037.jpg,/storage/emulated/0/DCIM/Camera/20260501_105037.jpg,2725403,jpg,1777629040000,CAMERA
20260501_104942.jpg,/storage/emulated/0/DCIM/Camera/20260501_104942.jpg,2751860,jpg,1777628985000,CAMERA
20260423_175224.jpg,/storage/emulated/0/DCIM/Camera/20260423_175224.jpg,2844658,jpg,1776963145000,CAMERA
20260423_174214.jpg,/storage/emulated/0/DCIM/Camera/20260423_174214.jpg,2699032,jpg,1776962536000,CAMERA
20260423_174212.jpg,/storage/emulated/0/DCIM/Camera/20260423_174212.jpg,2744259,jpg,1776962533000,CAMERA
20260423_174210.jpg,/storage/emulated/0/DCIM/Camera/20260423_174210.jpg,2780721,jpg,1776962531000,CAMERA
20260423_174204.jpg,/storage/emulated/0/DCIM/Camera/20260423_174204.jpg,2205998,jpg,1776962526000,CAMERA
20260423_174202.jpg,/storage/emulated/0/DCIM/Camera/20260423_174202.jpg,2637263,jpg,1776962523000,CAMERA
20260421_224446.jpg,/storage/emulated/0/DCIM/Camera/20260421_224446.jpg,3911401,jpg,1776807889000,CAMERA
20260420_084529.jpg,/storage/emulated/0/DCIM/Camera/20260420_084529.jpg,2563635,jpg,1776671129000,CAMERA
20260420_084520.jpg,/storage/emulated/0/DCIM/Camera/20260420_084520.jpg,2645501,jpg,1776671122000,CAMERA
20260414_144052.jpg,/storage/emulated/0/DCIM/Camera/20260414_144052.jpg,2249761,jpg,1776174053000,CAMERA
20260414_144044.jpg,/storage/emulated/0/DCIM/Camera/20260414_144044.jpg,2383899,jpg,1776174044000,CAMERA
20260414_144035.jpg,/storage/emulated/0/DCIM/Camera/20260414_144035.jpg,2503878,jpg,1776174036000,CAMERA
20260414_144024.jpg,/storage/emulated/0/DCIM/Camera/20260414_144024.jpg,2163919,jpg,1776174024000,CAMERA
20260414_144017.jpg,/storage/emulated/0/DCIM/Camera/20260414_144017.jpg,2569753,jpg,1776174017000,CAMERA
20260406_124618.jpg,/storage/emulated/0/DCIM/Camera/20260406_124618.jpg,1927854,jpg,1775475981000,CAMERA
20260406_124613.jpg,/storage/emulated/0/DCIM/Camera/20260406_124613.jpg,1983549,jpg,1775475976000,CAMERA
20260330_153920.jpg,/storage/emulated/0/DCIM/Camera/20260330_153920.jpg,2502761,jpg,1774881561000,CAMERA
20260330_153918.jpg,/storage/emulated/0/DCIM/Camera/20260330_153918.jpg,2455416,jpg,1774881558000,CAMERA
20260330_153909.jpg,/storage/emulated/0/DCIM/Camera/20260330_153909.jpg,2671786,jpg,1774881549000,CAMERA
20260330_143814.jpg,/storage/emulated/0/DCIM/Camera/20260330_143814.jpg,2421526,jpg,1774877894000,CAMERA
20260330_143808.jpg,/storage/emulated/0/DCIM/Camera/20260330_143808.jpg,2302525,jpg,1774877888000,CAMERA
20260330_132109.jpg,/storage/emulated/0/DCIM/Camera/20260330_132109.jpg,2926892,jpg,1774873269000,CAMERA
20260330_132107.jpg,/storage/emulated/0/DCIM/Camera/20260330_132107.jpg,2126887,jpg,1774873267000,CAMERA
20260330_132058.jpg,/storage/emulated/0/DCIM/Camera/20260330_132058.jpg,2364512,jpg,1774873258000,CAMERA
20260330_132057.jpg,/storage/emulated/0/DCIM/Camera/20260330_132057.jpg,3298463,jpg,1774873257000,CAMERA
20260330_132041.jpg,/storage/emulated/0/DCIM/Camera/20260330_132041.jpg,1241660,jpg,1774873243000,CAMERA
20260327_225445.jpg,/storage/emulated/0/DCIM/Camera/20260327_225445.jpg,4217221,jpg,1774648488000,CAMERA
20260326_132456.jpg,/storage/emulated/0/DCIM/Camera/20260326_132456.jpg,2870981,jpg,1774529254000,CAMERA
20260326_132447.jpg,/storage/emulated/0/DCIM/Camera/20260326_132447.jpg,2965264,jpg,1774529236000,CAMERA
20260326_132439.jpg,/storage/emulated/0/DCIM/Camera/20260326_132439.jpg,2973265,jpg,1774529086000,CAMERA
20260326_132433.jpg,/storage/emulated/0/DCIM/Camera/20260326_132433.jpg,3121166,jpg,1774529075000,CAMERA
20260326_132422.jpg,/storage/emulated/0/DCIM/Camera/20260326_132422.jpg,2848147,jpg,1774529065000,CAMERA
20260326_132413.jpg,/storage/emulated/0/DCIM/Camera/20260326_132413.jpg,3048311,jpg,1774527855000,CAMERA
20260326_132405.jpg,/storage/emulated/0/DCIM/Camera/20260326_132405.jpg,2930143,jpg,1774527847000,CAMERA
20260326_132359.jpg,/storage/emulated/0/DCIM/Camera/20260326_132359.jpg,2950193,jpg,1774527841000,CAMERA
20260326_132353.jpg,/storage/emulated/0/DCIM/Camera/20260326_132353.jpg,3122936,jpg,1774527834000,CAMERA
20260326_132348.jpg,/storage/emulated/0/DCIM/Camera/20260326_132348.jpg,3391693,jpg,1774527829000,CAMERA
20260326_132341.jpg,/storage/emulated/0/DCIM/Camera/20260326_132341.jpg,3053299,jpg,1774527822000,CAMERA
20260326_132334.jpg,/storage/emulated/0/DCIM/Camera/20260326_132334.jpg,3291416,jpg,1774527815000,CAMERA
20260326_132329.jpg,/storage/emulated/0/DCIM/Camera/20260326_132329.jpg,3154920,jpg,1774527810000,CAMERA
20260326_132323.jpg,/storage/emulated/0/DCIM/Camera/20260326_132323.jpg,3667514,jpg,1774527804000,CAMERA
20260326_132317.jpg,/storage/emulated/0/DCIM/Camera/20260326_132317.jpg,3414095,jpg,1774527798000,CAMERA
20260326_132306.jpg,/storage/emulated/0/DCIM/Camera/20260326_132306.jpg,3272954,jpg,1774527787000,CAMERA
20260326_132255.jpg,/storage/emulated/0/DCIM/Camera/20260326_132255.jpg,2904284,jpg,1774527777000,CAMERA
20260326_132247.jpg,/storage/emulated/0/DCIM/Camera/20260326_132247.jpg,2881002,jpg,1774527769000,CAMERA
20260323_204232.mp4,/storage/emulated/0/DCIM/Camera/20260323_204232.mp4,52136965,mp4,1774294978000,CAMERA
20260323_193435.jpg,/storage/emulated/0/DCIM/Camera/20260323_193435.jpg,2593012,jpg,1774290875000,CAMERA
20260323_193431.jpg,/storage/emulated/0/DCIM/Camera/20260323_193431.jpg,2586987,jpg,1774290872000,CAMERA
20260323_193416.jpg,/storage/emulated/0/DCIM/Camera/20260323_193416.jpg,4736987,jpg,1774290856000,CAMERA
20260323_193413.jpg,/storage/emulated/0/DCIM/Camera/20260323_193413.jpg,4699320,jpg,1774290854000,CAMERA
20260323_193411.jpg,/storage/emulated/0/DCIM/Camera/20260323_193411.jpg,4767381,jpg,1774290851000,CAMERA
20260323_193407.jpg,/storage/emulated/0/DCIM/Camera/20260323_193407.jpg,4498485,jpg,1774290847000,CAMERA
20260323_164441.jpg,/storage/emulated/0/DCIM/Camera/20260323_164441.jpg,3181992,jpg,1774280681000,CAMERA
20260323_164440.jpg,/storage/emulated/0/DCIM/Camera/20260323_164440.jpg,3744720,jpg,1774280680000,CAMERA
20260323_164439.jpg,/storage/emulated/0/DCIM/Camera/20260323_164439.jpg,3252016,jpg,1774280679000,CAMERA
20260321_143617.jpg,/storage/emulated/0/DCIM/Camera/20260321_143617.jpg,5282790,jpg,1774103779000,CAMERA
20260321_143615.jpg,/storage/emulated/0/DCIM/Camera/20260321_143615.jpg,5157254,jpg,1774103776000,CAMERA
20260321_134010.jpg,/storage/emulated/0/DCIM/Camera/20260321_134010.jpg,3450206,jpg,1774100410000,CAMERA
20260321_134006.jpg,/storage/emulated/0/DCIM/Camera/20260321_134006.jpg,3264843,jpg,1774100407000,CAMERA
20260321_133959.jpg,/storage/emulated/0/DCIM/Camera/20260321_133959.jpg,3358308,jpg,1774100400000,CAMERA
20260321_133954.jpg,/storage/emulated/0/DCIM/Camera/20260321_133954.jpg,3439705,jpg,1774100395000,CAMERA
20260321_133952.jpg,/storage/emulated/0/DCIM/Camera/20260321_133952.jpg,3446360,jpg,1774100393000,CAMERA
20260321_133950.jpg,/storage/emulated/0/DCIM/Camera/20260321_133950.jpg,2619577,jpg,1774100391000,CAMERA
20260321_133739.jpg,/storage/emulated/0/DCIM/Camera/20260321_133739.jpg,2905066,jpg,1774100261000,CAMERA
20260321_133221.jpg,/storage/emulated/0/DCIM/Camera/20260321_133221.jpg,3152175,jpg,1774099943000,CAMERA
20260321_132925.jpg,/storage/emulated/0/DCIM/Camera/20260321_132925.jpg,2960250,jpg,1774099767000,CAMERA
20260321_132924.jpg,/storage/emulated/0/DCIM/Camera/20260321_132924.jpg,2893201,jpg,1774099765000,CAMERA
20260321_132917.jpg,/storage/emulated/0/DCIM/Camera/20260321_132917.jpg,2887905,jpg,1774099758000,CAMERA
20260321_132912.jpg,/storage/emulated/0/DCIM/Camera/20260321_132912.jpg,1874710,jpg,1774099753000,CAMERA
20260321_132909.jpg,/storage/emulated/0/DCIM/Camera/20260321_132909.jpg,2604853,jpg,1774099749000,CAMERA
20260321_132904.jpg,/storage/emulated/0/DCIM/Camera/20260321_132904.jpg,3185668,jpg,1774099745000,CAMERA
20260321_131349.jpg,/storage/emulated/0/DCIM/Camera/20260321_131349.jpg,2775565,jpg,1774098830000,CAMERA
20260321_131347.jpg,/storage/emulated/0/DCIM/Camera/20260321_131347.jpg,3036631,jpg,1774098827000,CAMERA
20260321_131344.jpg,/storage/emulated/0/DCIM/Camera/20260321_131344.jpg,2947749,jpg,1774098826000,CAMERA
20260321_124657.jpg,/storage/emulated/0/DCIM/Camera/20260321_124657.jpg,5052872,jpg,1774097217000,CAMERA
20260321_124647.jpg,/storage/emulated/0/DCIM/Camera/20260321_124647.jpg,5282567,jpg,1774097208000,CAMERA
20260321_124645.jpg,/storage/emulated/0/DCIM/Camera/20260321_124645.jpg,5227770,jpg,1774097205000,CAMERA
20260321_124428.jpg,/storage/emulated/0/DCIM/Camera/20260321_124428.jpg,7812963,jpg,1774097072000,CAMERA
20260321_124424.jpg,/storage/emulated/0/DCIM/Camera/20260321_124424.jpg,3896044,jpg,1774097066000,CAMERA
20260321_124422.jpg,/storage/emulated/0/DCIM/Camera/20260321_124422.jpg,3522181,jpg,1774097065000,CAMERA
20260320_214110.jpg,/storage/emulated/0/DCIM/Camera/20260320_214110.jpg,3261565,jpg,1774042871000,CAMERA
20260320_214107.jpg,/storage/emulated/0/DCIM/Camera/20260320_214107.jpg,3017082,jpg,1774042869000,CAMERA
20260320_214058.jpg,/storage/emulated/0/DCIM/Camera/20260320_214058.jpg,3249511,jpg,1774042860000,CAMERA
20260320_214056.jpg,/storage/emulated/0/DCIM/Camera/20260320_214056.jpg,3001694,jpg,1774042859000,CAMERA
20260320_212242.jpg,/storage/emulated/0/DCIM/Camera/20260320_212242.jpg,1632184,jpg,1774041765000,CAMERA
20260320_200518.jpg,/storage/emulated/0/DCIM/Camera/20260320_200518.jpg,3169729,jpg,1774037120000,CAMERA
20260320_200249.jpg,/storage/emulated/0/DCIM/Camera/20260320_200249.jpg,3108054,jpg,1774036970000,CAMERA
20260320_200239.jpg,/storage/emulated/0/DCIM/Camera/20260320_200239.jpg,3567200,jpg,1774036961000,CAMERA
20260320_200114.jpg,/storage/emulated/0/DCIM/Camera/20260320_200114.jpg,3326722,jpg,1774036875000,CAMERA
20260320_200101.jpg,/storage/emulated/0/DCIM/Camera/20260320_200101.jpg,3479140,jpg,1774036863000,CAMERA
20260320_200049.jpg,/storage/emulated/0/DCIM/Camera/20260320_200049.jpg,2927289,jpg,1774036850000,CAMERA
20260320_200041.jpg,/storage/emulated/0/DCIM/Camera/20260320_200041.jpg,3011393,jpg,1774036844000,CAMERA
20260317_211110.jpg,/storage/emulated/0/DCIM/Camera/20260317_211110.jpg,3431826,jpg,1773781873000,CAMERA
20260317_211105.jpg,/storage/emulated/0/DCIM/Camera/20260317_211105.jpg,3760187,jpg,1773781869000,CAMERA
20260317_210820.jpg,/storage/emulated/0/DCIM/Camera/20260317_210820.jpg,3047011,jpg,1773781702000,CAMERA
20260317_210700.jpg,/storage/emulated/0/DCIM/Camera/20260317_210700.jpg,2992649,jpg,1773781622000,CAMERA
20260317_210658.jpg,/storage/emulated/0/DCIM/Camera/20260317_210658.jpg,3147416,jpg,1773781620000,CAMERA
20260317_210648.jpg,/storage/emulated/0/DCIM/Camera/20260317_210648.jpg,3393362,jpg,1773781610000,CAMERA
20260317_210644.jpg,/storage/emulated/0/DCIM/Camera/20260317_210644.jpg,3911984,jpg,1773781606000,CAMERA
20260317_130501.jpg,/storage/emulated/0/DCIM/Camera/20260317_130501.jpg,2458381,jpg,1773752702000,CAMERA
20260317_130437.jpg,/storage/emulated/0/DCIM/Camera/20260317_130437.jpg,4801837,jpg,1773752678000,CAMERA
20260317_130436.jpg,/storage/emulated/0/DCIM/Camera/20260317_130436.jpg,5829630,jpg,1773752676000,CAMERA
20260317_125913.jpg,/storage/emulated/0/DCIM/Camera/20260317_125913.jpg,4528281,jpg,1773752353000,CAMERA
20260317_125844.jpg,/storage/emulated/0/DCIM/Camera/20260317_125844.jpg,4539028,jpg,1773752324000,CAMERA
20260317_125840.jpg,/storage/emulated/0/DCIM/Camera/20260317_125840.jpg,4635138,jpg,1773752320000,CAMERA
20260317_125838.jpg,/storage/emulated/0/DCIM/Camera/20260317_125838.jpg,4638745,jpg,1773752319000,CAMERA
20260317_125837.jpg,/storage/emulated/0/DCIM/Camera/20260317_125837.jpg,4615933,jpg,1773752317000,CAMERA
20260317_125833.jpg,/storage/emulated/0/DCIM/Camera/20260317_125833.jpg,4629872,jpg,1773752314000,CAMERA
20260317_125823.jpg,/storage/emulated/0/DCIM/Camera/20260317_125823.jpg,5043551,jpg,1773752304000,CAMERA
20260317_125822.jpg,/storage/emulated/0/DCIM/Camera/20260317_125822.jpg,5975907,jpg,1773752303000,CAMERA
20260317_125719.mp4,/storage/emulated/0/DCIM/Camera/20260317_125719.mp4,32588753,mp4,1773752256000,CAMERA
20260316_031840.jpg,/storage/emulated/0/DCIM/Camera/20260316_031840.jpg,2961429,jpg,1773631121000,CAMERA
20251017_221305.jpg,/storage/emulated/0/DCIM/Camera/20251017_221305.jpg,3967579,jpg,1773631096000,CAMERA
20260314_150541.jpg,/storage/emulated/0/DCIM/Camera/20260314_150541.jpg,4473240,jpg,1773500742000,CAMERA
20260313_123426.jpg,/storage/emulated/0/DCIM/Camera/20260313_123426.jpg,7552470,jpg,1773405266000,CAMERA
20260313_123421.jpg,/storage/emulated/0/DCIM/Camera/20260313_123421.jpg,10052397,jpg,1773405261000,CAMERA
20260312_230905.jpg,/storage/emulated/0/DCIM/Camera/20260312_230905.jpg,8396502,jpg,1773356945000,CAMERA
20260312_214556.jpg,/storage/emulated/0/DCIM/Camera/20260312_214556.jpg,5040968,jpg,1773351957000,CAMERA
20260312_131400.jpg,/storage/emulated/0/DCIM/Camera/20260312_131400.jpg,4867056,jpg,1773321241000,CAMERA
20260307_103736.jpg,/storage/emulated/0/DCIM/Camera/20260307_103736.jpg,4000180,jpg,1772879856000,CAMERA
20260307_103733.jpg,/storage/emulated/0/DCIM/Camera/20260307_103733.jpg,4753110,jpg,1772879853000,CAMERA
20260305_115434.jpg,/storage/emulated/0/DCIM/Camera/20260305_115434.jpg,3183387,jpg,1772711674000,CAMERA
20260305_113611.jpg,/storage/emulated/0/DCIM/Camera/20260305_113611.jpg,3078418,jpg,1772710571000,CAMERA
20260224_124421.jpg,/storage/emulated/0/DCIM/Camera/20260224_124421.jpg,3535449,jpg,1771937061000,CAMERA
20260224_123524.jpg,/storage/emulated/0/DCIM/Camera/20260224_123524.jpg,2041263,jpg,1771936525000,CAMERA
20260224_123515.jpg,/storage/emulated/0/DCIM/Camera/20260224_123515.jpg,2044922,jpg,1771936516000,CAMERA
20260220_164016.jpg,/storage/emulated/0/DCIM/Camera/20260220_164016.jpg,2190747,jpg,1771605616000,CAMERA
20260219_122910.jpg,/storage/emulated/0/DCIM/Camera/20260219_122910.jpg,6235103,jpg,1771504150000,CAMERA
20260219_122657.jpg,/storage/emulated/0/DCIM/Camera/20260219_122657.jpg,2146503,jpg,1771504019000,CAMERA
20260219_122531.jpg,/storage/emulated/0/DCIM/Camera/20260219_122531.jpg,5448023,jpg,1771503932000,CAMERA
20260219_122504.jpg,/storage/emulated/0/DCIM/Camera/20260219_122504.jpg,5128049,jpg,1771503904000,CAMERA
20260219_122421.jpg,/storage/emulated/0/DCIM/Camera/20260219_122421.jpg,1612960,jpg,1771503862000,CAMERA
20260219_122414.jpg,/storage/emulated/0/DCIM/Camera/20260219_122414.jpg,1604473,jpg,1771503855000,CAMERA
20260219_122408.jpg,/storage/emulated/0/DCIM/Camera/20260219_122408.jpg,1913344,jpg,1771503848000,CAMERA
20260219_122403.jpg,/storage/emulated/0/DCIM/Camera/20260219_122403.jpg,1591434,jpg,1771503843000,CAMERA
20260219_122400.jpg,/storage/emulated/0/DCIM/Camera/20260219_122400.jpg,2036390,jpg,1771503842000,CAMERA
20260217_101633.jpg,/storage/emulated/0/DCIM/Camera/20260217_101633.jpg,6180741,jpg,1771323393000,CAMERA
20260217_101409.jpg,/storage/emulated/0/DCIM/Camera/20260217_101409.jpg,2162279,jpg,1771323250000,CAMERA
20260216_123849.jpg,/storage/emulated/0/DCIM/Camera/20260216_123849.jpg,4499478,jpg,1771245529000,CAMERA
20260216_123845.jpg,/storage/emulated/0/DCIM/Camera/20260216_123845.jpg,5499279,jpg,1771245525000,CAMERA
20260216_123843.jpg,/storage/emulated/0/DCIM/Camera/20260216_123843.jpg,6286365,jpg,1771245523000,CAMERA
20260216_123840.jpg,/storage/emulated/0/DCIM/Camera/20260216_123840.jpg,6369456,jpg,1771245521000,CAMERA
20260216_122540.jpg,/storage/emulated/0/DCIM/Camera/20260216_122540.jpg,4924254,jpg,1771244740000,CAMERA
20260216_122523.jpg,/storage/emulated/0/DCIM/Camera/20260216_122523.jpg,3205070,jpg,1771244723000,CAMERA
20260213_224608.jpg,/storage/emulated/0/DCIM/Camera/20260213_224608.jpg,4786589,jpg,1771019168000,CAMERA
20260213_224552.jpg,/storage/emulated/0/DCIM/Camera/20260213_224552.jpg,5038473,jpg,1771019153000,CAMERA
20260213_224540.jpg,/storage/emulated/0/DCIM/Camera/20260213_224540.jpg,5101249,jpg,1771019141000,CAMERA
20260213_224343.jpg,/storage/emulated/0/DCIM/Camera/20260213_224343.jpg,4749137,jpg,1771019023000,CAMERA
20260213_224322.jpg,/storage/emulated/0/DCIM/Camera/20260213_224322.jpg,4974456,jpg,1771019002000,CAMERA
20260213_224304.jpg,/storage/emulated/0/DCIM/Camera/20260213_224304.jpg,4750394,jpg,1771018985000,CAMERA
20260213_224302.jpg,/storage/emulated/0/DCIM/Camera/20260213_224302.jpg,4771687,jpg,1771018983000,CAMERA
20260212_190607.jpg,/storage/emulated/0/DCIM/Camera/20260212_190607.jpg,5218141,jpg,1770919570000,CAMERA
20260212_190552.jpg,/storage/emulated/0/DCIM/Camera/20260212_190552.jpg,4648720,jpg,1770919552000,CAMERA
20260212_190550.jpg,/storage/emulated/0/DCIM/Camera/20260212_190550.jpg,4618796,jpg,1770919550000,CAMERA
20260212_190548.jpg,/storage/emulated/0/DCIM/Camera/20260212_190548.jpg,4221644,jpg,1770919548000,CAMERA
20260212_190543.jpg,/storage/emulated/0/DCIM/Camera/20260212_190543.jpg,3991166,jpg,1770919543000,CAMERA
20260209_220936.jpg,/storage/emulated/0/DCIM/Camera/20260209_220936.jpg,4355248,jpg,1770671377000,CAMERA
20260209_212255.jpg,/storage/emulated/0/DCIM/Camera/20260209_212255.jpg,6603420,jpg,1770668575000,CAMERA
20260209_212244.jpg,/storage/emulated/0/DCIM/Camera/20260209_212244.jpg,5712975,jpg,1770668564000,CAMERA
20260209_205909.jpg,/storage/emulated/0/DCIM/Camera/20260209_205909.jpg,4534058,jpg,1770667150000,CAMERA
20260118_195137.jpg,/storage/emulated/0/DCIM/Camera/20260118_195137.jpg,1321729,jpg,1768762301000,CAMERA
20260118_195113.jpg,/storage/emulated/0/DCIM/Camera/20260118_195113.jpg,1228543,jpg,1768762277000,CAMERA
20260108_231755.jpg,/storage/emulated/0/DCIM/Camera/20260108_231755.jpg,2089921,jpg,1767910680000,CAMERA
20260106_132503.jpg,/storage/emulated/0/DCIM/Camera/20260106_132503.jpg,2275517,jpg,1767702305000,CAMERA
20260106_132457.jpg,/storage/emulated/0/DCIM/Camera/20260106_132457.jpg,2392619,jpg,1767702299000,CAMERA
20260106_132448.jpg,/storage/emulated/0/DCIM/Camera/20260106_132448.jpg,2349200,jpg,1767702289000,CAMERA
20260106_132440.jpg,/storage/emulated/0/DCIM/Camera/20260106_132440.jpg,2534161,jpg,1767702282000,CAMERA
20260106_132436.jpg,/storage/emulated/0/DCIM/Camera/20260106_132436.jpg,2178917,jpg,1767702278000,CAMERA
20260106_132428.jpg,/storage/emulated/0/DCIM/Camera/20260106_132428.jpg,2479093,jpg,1767702271000,CAMERA
20260105_072207.jpg,/storage/emulated/0/DCIM/Camera/20260105_072207.jpg,2259150,jpg,1767594130000,CAMERA
20260101_220308.jpg,/storage/emulated/0/DCIM/Camera/20260101_220308.jpg,1887625,jpg,1767301389000,CAMERA
20260101_220245.jpg,/storage/emulated/0/DCIM/Camera/20260101_220245.jpg,1866823,jpg,1767301368000,CAMERA
20251225_220758.jpg,/storage/emulated/0/DCIM/Camera/20251225_220758.jpg,2185288,jpg,1766696879000,CAMERA
20251225_220751.jpg,/storage/emulated/0/DCIM/Camera/20251225_220751.jpg,2222454,jpg,1766696872000,CAMERA
20251225_220732.jpg,/storage/emulated/0/DCIM/Camera/20251225_220732.jpg,2157089,jpg,1766696854000,CAMERA
20251225_220719.jpg,/storage/emulated/0/DCIM/Camera/20251225_220719.jpg,2284716,jpg,1766696840000,CAMERA
20251225_220714.jpg,/storage/emulated/0/DCIM/Camera/20251225_220714.jpg,2152601,jpg,1766696836000,CAMERA
20251225_182506.jpg,/storage/emulated/0/DCIM/Camera/20251225_182506.jpg,2255946,jpg,1766683507000,CAMERA
20251225_182503.jpg,/storage/emulated/0/DCIM/Camera/20251225_182503.jpg,2207047,jpg,1766683506000,CAMERA
20251223_145055.jpg,/storage/emulated/0/DCIM/Camera/20251223_145055.jpg,2201761,jpg,1766497855000,CAMERA
20251223_145051.jpg,/storage/emulated/0/DCIM/Camera/20251223_145051.jpg,2120519,jpg,1766497851000,CAMERA
20251223_145048.jpg,/storage/emulated/0/DCIM/Camera/20251223_145048.jpg,2067399,jpg,1766497848000,CAMERA
20251221_192731.jpg,/storage/emulated/0/DCIM/Camera/20251221_192731.jpg,2014530,jpg,1766341652000,CAMERA
20251221_192729.jpg,/storage/emulated/0/DCIM/Camera/20251221_192729.jpg,1967623,jpg,1766341650000,CAMERA
20251218_003745.mp4,/storage/emulated/0/DCIM/Camera/20251218_003745.mp4,43117175,mp4,1766014686000,CAMERA
20251217_185523.jpg,/storage/emulated/0/DCIM/Camera/20251217_185523.jpg,4917093,jpg,1765994123000,CAMERA
20251217_174211.mp4,/storage/emulated/0/DCIM/Camera/20251217_174211.mp4,30537088,mp4,1765989746000,CAMERA
20251217_153658.mp4,/storage/emulated/0/DCIM/Camera/20251217_153658.mp4,31326943,mp4,1765982242000,CAMERA
20251217_152747.mp4,/storage/emulated/0/DCIM/Camera/20251217_152747.mp4,80621536,mp4,1765981715000,CAMERA
20251217_152714.mp4,/storage/emulated/0/DCIM/Camera/20251217_152714.mp4,28256431,mp4,1765981654000,CAMERA
20251217_141727.mp4,/storage/emulated/0/DCIM/Camera/20251217_141727.mp4,83944398,mp4,1765977487000,CAMERA
20251217_141141.jpg,/storage/emulated/0/DCIM/Camera/20251217_141141.jpg,2453378,jpg,1765977102000,CAMERA
20251217_141117.jpg,/storage/emulated/0/DCIM/Camera/20251217_141117.jpg,2499002,jpg,1765977079000,CAMERA
20251215_182854.jpg,/storage/emulated/0/DCIM/Camera/20251215_182854.jpg,3930312,jpg,1765819734000,CAMERA
20251215_182849.jpg,/storage/emulated/0/DCIM/Camera/20251215_182849.jpg,4607550,jpg,1765819729000,CAMERA
20251215_182844.jpg,/storage/emulated/0/DCIM/Camera/20251215_182844.jpg,5288390,jpg,1765819725000,CAMERA
20251215_182842.jpg,/storage/emulated/0/DCIM/Camera/20251215_182842.jpg,4418394,jpg,1765819722000,CAMERA
20251215_182837.jpg,/storage/emulated/0/DCIM/Camera/20251215_182837.jpg,4163923,jpg,1765819717000,CAMERA
20251215_182659.jpg,/storage/emulated/0/DCIM/Camera/20251215_182659.jpg,4812988,jpg,1765819620000,CAMERA
20251215_181332.jpg,/storage/emulated/0/DCIM/Camera/20251215_181332.jpg,6903087,jpg,1765818813000,CAMERA
20251215_181320.jpg,/storage/emulated/0/DCIM/Camera/20251215_181320.jpg,5408932,jpg,1765818801000,CAMERA
20251215_181306.jpg,/storage/emulated/0/DCIM/Camera/20251215_181306.jpg,6784003,jpg,1765818787000,CAMERA
20251215_142535.jpg,/storage/emulated/0/DCIM/Camera/20251215_142535.jpg,3701882,jpg,1765805135000,CAMERA
20251215_142513.jpg,/storage/emulated/0/DCIM/Camera/20251215_142513.jpg,2315322,jpg,1765805115000,CAMERA
20251215_142504.jpg,/storage/emulated/0/DCIM/Camera/20251215_142504.jpg,2702316,jpg,1765805106000,CAMERA
20251215_142501.jpg,/storage/emulated/0/DCIM/Camera/20251215_142501.jpg,3216342,jpg,1765805103000,CAMERA
20251215_142452.jpg,/storage/emulated/0/DCIM/Camera/20251215_142452.jpg,2692359,jpg,1765805094000,CAMERA
20251215_142408.mp4,/storage/emulated/0/DCIM/Camera/20251215_142408.mp4,25153432,mp4,1765805062000,CAMERA
20251215_142357.jpg,/storage/emulated/0/DCIM/Camera/20251215_142357.jpg,3173412,jpg,1765805039000,CAMERA
20251215_142249.jpg,/storage/emulated/0/DCIM/Camera/20251215_142249.jpg,2705613,jpg,1765804974000,CAMERA
20251214_001011.mp4,/storage/emulated/0/DCIM/Camera/20251214_001011.mp4,28575093,mp4,1765667426000,CAMERA
20251212_155859.jpg,/storage/emulated/0/DCIM/Camera/20251212_155859.jpg,2239289,jpg,1765551539000,CAMERA
20251212_155857.jpg,/storage/emulated/0/DCIM/Camera/20251212_155857.jpg,2178222,jpg,1765551538000,CAMERA
20251212_155855.jpg,/storage/emulated/0/DCIM/Camera/20251212_155855.jpg,2174711,jpg,1765551536000,CAMERA
20251212_155516.jpg,/storage/emulated/0/DCIM/Camera/20251212_155516.jpg,2219365,jpg,1765551317000,CAMERA
20251212_155512.jpg,/storage/emulated/0/DCIM/Camera/20251212_155512.jpg,2087811,jpg,1765551313000,CAMERA
20251212_154819.jpg,/storage/emulated/0/DCIM/Camera/20251212_154819.jpg,2364448,jpg,1765550899000,CAMERA
20251212_154814.jpg,/storage/emulated/0/DCIM/Camera/20251212_154814.jpg,2047115,jpg,1765550894000,CAMERA
20251212_154808.jpg,/storage/emulated/0/DCIM/Camera/20251212_154808.jpg,2316025,jpg,1765550889000,CAMERA
20251211_143642.jpg,/storage/emulated/0/DCIM/Camera/20251211_143642.jpg,4880945,jpg,1765460205000,CAMERA
20251209_115738.jpg,/storage/emulated/0/DCIM/Camera/20251209_115738.jpg,2013730,jpg,1765277858000,CAMERA
20251209_115730.jpg,/storage/emulated/0/DCIM/Camera/20251209_115730.jpg,2388549,jpg,1765277851000,CAMERA
20251209_115723.jpg,/storage/emulated/0/DCIM/Camera/20251209_115723.jpg,1925711,jpg,1765277845000,CAMERA
20251208_151025.jpg,/storage/emulated/0/DCIM/Camera/20251208_151025.jpg,1935303,jpg,1765203025000,CAMERA
20251208_151023.jpg,/storage/emulated/0/DCIM/Camera/20251208_151023.jpg,2098045,jpg,1765203023000,CAMERA
20251207_124741.jpg,/storage/emulated/0/DCIM/Camera/20251207_124741.jpg,1721737,jpg,1765108062000,CAMERA
20251207_124737.jpg,/storage/emulated/0/DCIM/Camera/20251207_124737.jpg,2368231,jpg,1765108057000,CAMERA
20251206_173230.jpg,/storage/emulated/0/DCIM/Camera/20251206_173230.jpg,2242653,jpg,1765038751000,CAMERA
20251206_173208.jpg,/storage/emulated/0/DCIM/Camera/20251206_173208.jpg,2226978,jpg,1765038730000,CAMERA
20251203_131916.jpg,/storage/emulated/0/DCIM/Camera/20251203_131916.jpg,2390815,jpg,1764764357000,CAMERA
20251203_131914.jpg,/storage/emulated/0/DCIM/Camera/20251203_131914.jpg,2411298,jpg,1764764356000,CAMERA
20251203_131909.jpg,/storage/emulated/0/DCIM/Camera/20251203_131909.jpg,2726805,jpg,1764764352000,CAMERA
20251106_222835.jpg,/storage/emulated/0/DCIM/Camera/20251106_222835.jpg,2430680,jpg,1762464518000,CAMERA
20251105_174700.jpg,/storage/emulated/0/DCIM/Camera/20251105_174700.jpg,2165761,jpg,1762361222000,CAMERA
20251105_174657.jpg,/storage/emulated/0/DCIM/Camera/20251105_174657.jpg,2276652,jpg,1762361218000,CAMERA
20251105_174648.jpg,/storage/emulated/0/DCIM/Camera/20251105_174648.jpg,1982899,jpg,1762361209000,CAMERA
20251105_174640.jpg,/storage/emulated/0/DCIM/Camera/20251105_174640.jpg,2114136,jpg,1762361202000,CAMERA
20251105_173355.jpg,/storage/emulated/0/DCIM/Camera/20251105_173355.jpg,2308974,jpg,1762360437000,CAMERA
20251105_131701.jpg,/storage/emulated/0/DCIM/Camera/20251105_131701.jpg,2252948,jpg,1762345022000,CAMERA
20251105_091524.jpg,/storage/emulated/0/DCIM/Camera/20251105_091524.jpg,2305003,jpg,1762330525000,CAMERA
20251105_091514.jpg,/storage/emulated/0/DCIM/Camera/20251105_091514.jpg,2070630,jpg,1762330515000,CAMERA
20251105_091506.jpg,/storage/emulated/0/DCIM/Camera/20251105_091506.jpg,2131977,jpg,1762330507000,CAMERA
20251105_091457.jpg,/storage/emulated/0/DCIM/Camera/20251105_091457.jpg,2039985,jpg,1762330498000,CAMERA
20251105_091448.jpg,/storage/emulated/0/DCIM/Camera/20251105_091448.jpg,2349415,jpg,1762330489000,CAMERA
20251105_091438.jpg,/storage/emulated/0/DCIM/Camera/20251105_091438.jpg,2087586,jpg,1762330479000,CAMERA
20251105_091424.jpg,/storage/emulated/0/DCIM/Camera/20251105_091424.jpg,2101266,jpg,1762330466000,CAMERA
20251104_222530.jpg,/storage/emulated/0/DCIM/Camera/20251104_222530.jpg,2022994,jpg,1762291533000,CAMERA
20251104_162536.jpg,/storage/emulated/0/DCIM/Camera/20251104_162536.jpg,2341378,jpg,1762269938000,CAMERA
20251104_162535.jpg,/storage/emulated/0/DCIM/Camera/20251104_162535.jpg,2351957,jpg,1762269936000,CAMERA
20251030_110554.jpg,/storage/emulated/0/DCIM/Camera/20251030_110554.jpg,2197514,jpg,1761818755000,CAMERA
20251030_110552.jpg,/storage/emulated/0/DCIM/Camera/20251030_110552.jpg,2235545,jpg,1761818753000,CAMERA
20251030_110521.jpg,/storage/emulated/0/DCIM/Camera/20251030_110521.jpg,2330618,jpg,1761818721000,CAMERA
20251030_110510.jpg,/storage/emulated/0/DCIM/Camera/20251030_110510.jpg,3948421,jpg,1761818710000,CAMERA
20251029_180040.jpg,/storage/emulated/0/DCIM/Camera/20251029_180040.jpg,3204202,jpg,1761757240000,CAMERA
20251029_164248.jpg,/storage/emulated/0/DCIM/Camera/20251029_164248.jpg,2749712,jpg,1761752569000,CAMERA
20251029_164247.jpg,/storage/emulated/0/DCIM/Camera/20251029_164247.jpg,2809080,jpg,1761752567000,CAMERA
20251029_164237.jpg,/storage/emulated/0/DCIM/Camera/20251029_164237.jpg,1371551,jpg,1761752558000,CAMERA
20251029_164235.jpg,/storage/emulated/0/DCIM/Camera/20251029_164235.jpg,1376060,jpg,1761752556000,CAMERA
20251029_164233.jpg,/storage/emulated/0/DCIM/Camera/20251029_164233.jpg,1369394,jpg,1761752555000,CAMERA
20251029_163423.jpg,/storage/emulated/0/DCIM/Camera/20251029_163423.jpg,1885595,jpg,1761752064000,CAMERA
20251029_163406.jpg,/storage/emulated/0/DCIM/Camera/20251029_163406.jpg,2194260,jpg,1761752047000,CAMERA
20251029_163331.jpg,/storage/emulated/0/DCIM/Camera/20251029_163331.jpg,5864319,jpg,1761752011000,CAMERA
20251029_163328.jpg,/storage/emulated/0/DCIM/Camera/20251029_163328.jpg,5556731,jpg,1761752008000,CAMERA
20251029_163322.jpg,/storage/emulated/0/DCIM/Camera/20251029_163322.jpg,5672725,jpg,1761752002000,CAMERA
20251029_163319.jpg,/storage/emulated/0/DCIM/Camera/20251029_163319.jpg,5754347,jpg,1761752000000,CAMERA
20251029_163313.jpg,/storage/emulated/0/DCIM/Camera/20251029_163313.jpg,5814964,jpg,1761751993000,CAMERA
20251029_163310.jpg,/storage/emulated/0/DCIM/Camera/20251029_163310.jpg,5947677,jpg,1761751991000,CAMERA
20251029_163216.jpg,/storage/emulated/0/DCIM/Camera/20251029_163216.jpg,4454518,jpg,1761751936000,CAMERA
20251029_163213.jpg,/storage/emulated/0/DCIM/Camera/20251029_163213.jpg,5712436,jpg,1761751934000,CAMERA
20251029_163208.jpg,/storage/emulated/0/DCIM/Camera/20251029_163208.jpg,5513273,jpg,1761751929000,CAMERA
20251029_163204.jpg,/storage/emulated/0/DCIM/Camera/20251029_163204.jpg,5726468,jpg,1761751925000,CAMERA
20251028_073520.jpg,/storage/emulated/0/DCIM/Camera/20251028_073520.jpg,6516746,jpg,1761633320000,CAMERA
20251027_131034.jpg,/storage/emulated/0/DCIM/Camera/20251027_131034.jpg,4169404,jpg,1761567034000,CAMERA
20251027_131031.jpg,/storage/emulated/0/DCIM/Camera/20251027_131031.jpg,4517429,jpg,1761567031000,CAMERA
20251027_131010.jpg,/storage/emulated/0/DCIM/Camera/20251027_131010.jpg,6891520,jpg,1761567011000,CAMERA
20251027_131006.jpg,/storage/emulated/0/DCIM/Camera/20251027_131006.jpg,7479490,jpg,1761567006000,CAMERA
20251025_232927.mp4,/storage/emulated/0/DCIM/Camera/20251025_232927.mp4,38620941,mp4,1761431387000,CAMERA
20251025_123543.jpg,/storage/emulated/0/DCIM/Camera/20251025_123543.jpg,3682891,jpg,1761392143000,CAMERA
20251025_123539.jpg,/storage/emulated/0/DCIM/Camera/20251025_123539.jpg,5869549,jpg,1761392140000,CAMERA
20251025_123536.jpg,/storage/emulated/0/DCIM/Camera/20251025_123536.jpg,5913566,jpg,1761392136000,CAMERA
20251024_124509.jpg,/storage/emulated/0/DCIM/Camera/20251024_124509.jpg,6867737,jpg,1761306309000,CAMERA
20251024_124501.jpg,/storage/emulated/0/DCIM/Camera/20251024_124501.jpg,7607597,jpg,1761306301000,CAMERA
20251024_124423.jpg,/storage/emulated/0/DCIM/Camera/20251024_124423.jpg,6318199,jpg,1761306264000,CAMERA
20251024_124420.jpg,/storage/emulated/0/DCIM/Camera/20251024_124420.jpg,5906780,jpg,1761306260000,CAMERA
20251024_124417.jpg,/storage/emulated/0/DCIM/Camera/20251024_124417.jpg,6171755,jpg,1761306257000,CAMERA
20251024_124406.jpg,/storage/emulated/0/DCIM/Camera/20251024_124406.jpg,5258241,jpg,1761306247000,CAMERA
20251022_133313.jpg,/storage/emulated/0/DCIM/Camera/20251022_133313.jpg,4865130,jpg,1761136394000,CAMERA
20251022_133300.jpg,/storage/emulated/0/DCIM/Camera/20251022_133300.jpg,2109993,jpg,1761136381000,CAMERA
20251022_133257.jpg,/storage/emulated/0/DCIM/Camera/20251022_133257.jpg,2006378,jpg,1761136377000,CAMERA
20251020_032707.jpg,/storage/emulated/0/DCIM/Camera/20251020_032707.jpg,2111060,jpg,1760927228000,CAMERA
20251020_032704.jpg,/storage/emulated/0/DCIM/Camera/20251020_032704.jpg,2074921,jpg,1760927225000,CAMERA
20251020_032701.jpg,/storage/emulated/0/DCIM/Camera/20251020_032701.jpg,2306164,jpg,1760927223000,CAMERA
20251020_032655.jpg,/storage/emulated/0/DCIM/Camera/20251020_032655.jpg,4002438,jpg,1760927217000,CAMERA
20251020_003841.mp4,/storage/emulated/0/DCIM/Camera/20251020_003841.mp4,24599327,mp4,1760917134000,CAMERA
20251020_003755.mp4,/storage/emulated/0/DCIM/Camera/20251020_003755.mp4,42665736,mp4,1760917096000,CAMERA
20251020_003711.mp4,/storage/emulated/0/DCIM/Camera/20251020_003711.mp4,26658580,mp4,1760917045000,CAMERA
20251020_003006.jpg,/storage/emulated/0/DCIM/Camera/20251020_003006.jpg,1968778,jpg,1760916607000,CAMERA
20251020_002948.jpg,/storage/emulated/0/DCIM/Camera/20251020_002948.jpg,1396706,jpg,1760916589000,CAMERA
20251020_002811.mp4,/storage/emulated/0/DCIM/Camera/20251020_002811.mp4,17731524,mp4,1760916500000,CAMERA
20251020_000335.jpg,/storage/emulated/0/DCIM/Camera/20251020_000335.jpg,1799954,jpg,1760915017000,CAMERA
20251020_000329.jpg,/storage/emulated/0/DCIM/Camera/20251020_000329.jpg,1934430,jpg,1760915010000,CAMERA
20251020_000327.jpg,/storage/emulated/0/DCIM/Camera/20251020_000327.jpg,1964558,jpg,1760915009000,CAMERA
20251019_230543.jpg,/storage/emulated/0/DCIM/Camera/20251019_230543.jpg,5290325,jpg,1760911543000,CAMERA
20251019_230530.jpg,/storage/emulated/0/DCIM/Camera/20251019_230530.jpg,4402663,jpg,1760911530000,CAMERA
20251019_222529.mp4,/storage/emulated/0/DCIM/Camera/20251019_222529.mp4,136102011,mp4,1760909193000,CAMERA
20251019_221939.jpg,/storage/emulated/0/DCIM/Camera/20251019_221939.jpg,4331104,jpg,1760908780000,CAMERA
20251019_161414.mp4,/storage/emulated/0/DCIM/Camera/20251019_161414.mp4,35975262,mp4,1760886872000,CAMERA
20251019_161024.jpg,/storage/emulated/0/DCIM/Camera/20251019_161024.jpg,2261861,jpg,1760886624000,CAMERA
20251019_160946.mp4,/storage/emulated/0/DCIM/Camera/20251019_160946.mp4,51867150,mp4,1760886612000,CAMERA
20251019_160915.mp4,/storage/emulated/0/DCIM/Camera/20251019_160915.mp4,47664083,mp4,1760886579000,CAMERA
20251019_154854.mp4,/storage/emulated/0/DCIM/Camera/20251019_154854.mp4,9798523,mp4,1760885340000,CAMERA
20251019_153738.jpg,/storage/emulated/0/DCIM/Camera/20251019_153738.jpg,4166334,jpg,1760884659000,CAMERA
20251019_153736.jpg,/storage/emulated/0/DCIM/Camera/20251019_153736.jpg,4420476,jpg,1760884656000,CAMERA
20251019_153731.jpg,/storage/emulated/0/DCIM/Camera/20251019_153731.jpg,4923062,jpg,1760884651000,CAMERA
20251019_150517.jpg,/storage/emulated/0/DCIM/Camera/20251019_150517.jpg,4408626,jpg,1760882717000,CAMERA
20251019_150516.jpg,/storage/emulated/0/DCIM/Camera/20251019_150516.jpg,4310601,jpg,1760882716000,CAMERA
20251019_150516(0).jpg,/storage/emulated/0/DCIM/Camera/20251019_150516(0).jpg,5357888,jpg,1760882716000,CAMERA
20251019_144249.jpg,/storage/emulated/0/DCIM/Camera/20251019_144249.jpg,5822589,jpg,1760881370000,CAMERA
20251019_143827.mp4,/storage/emulated/0/DCIM/Camera/20251019_143827.mp4,36589768,mp4,1760881126000,CAMERA
20251019_143618.mp4,/storage/emulated/0/DCIM/Camera/20251019_143618.mp4,61624598,mp4,1760881009000,CAMERA
20251019_143614.jpg,/storage/emulated/0/DCIM/Camera/20251019_143614.jpg,5253207,jpg,1760880974000,CAMERA
20251019_143116.jpg,/storage/emulated/0/DCIM/Camera/20251019_143116.jpg,4568105,jpg,1760880676000,CAMERA
20251018_202441.mp4,/storage/emulated/0/DCIM/Camera/20251018_202441.mp4,27994952,mp4,1760815495000,CAMERA
20251018_201900.jpg,/storage/emulated/0/DCIM/Camera/20251018_201900.jpg,4136246,jpg,1760815141000,CAMERA
20251018_165804.jpg,/storage/emulated/0/DCIM/Camera/20251018_165804.jpg,1925331,jpg,1760803084000,CAMERA
20251018_165755.jpg,/storage/emulated/0/DCIM/Camera/20251018_165755.jpg,2041785,jpg,1760803075000,CAMERA
20251018_162551.jpg,/storage/emulated/0/DCIM/Camera/20251018_162551.jpg,4759665,jpg,1760801151000,CAMERA
20251018_162548.jpg,/storage/emulated/0/DCIM/Camera/20251018_162548.jpg,4921473,jpg,1760801148000,CAMERA
20251018_162542.jpg,/storage/emulated/0/DCIM/Camera/20251018_162542.jpg,6781665,jpg,1760801142000,CAMERA
20251018_162526.jpg,/storage/emulated/0/DCIM/Camera/20251018_162526.jpg,4038421,jpg,1760801126000,CAMERA
20251018_162520.jpg,/storage/emulated/0/DCIM/Camera/20251018_162520.jpg,5377827,jpg,1760801120000,CAMERA
20251018_162448.jpg,/storage/emulated/0/DCIM/Camera/20251018_162448.jpg,2216654,jpg,1760801090000,CAMERA
20251018_162437.jpg,/storage/emulated/0/DCIM/Camera/20251018_162437.jpg,2236734,jpg,1760801078000,CAMERA
20251018_162429.jpg,/storage/emulated/0/DCIM/Camera/20251018_162429.jpg,2369279,jpg,1760801071000,CAMERA
20251018_161826.jpg,/storage/emulated/0/DCIM/Camera/20251018_161826.jpg,2341420,jpg,1760800708000,CAMERA
20251018_161822.jpg,/storage/emulated/0/DCIM/Camera/20251018_161822.jpg,2447405,jpg,1760800704000,CAMERA
20251018_161716.jpg,/storage/emulated/0/DCIM/Camera/20251018_161716.jpg,2391400,jpg,1760800638000,CAMERA
20251018_161656.jpg,/storage/emulated/0/DCIM/Camera/20251018_161656.jpg,2412590,jpg,1760800617000,CAMERA
20251018_161648.jpg,/storage/emulated/0/DCIM/Camera/20251018_161648.jpg,2334317,jpg,1760800609000,CAMERA
20251018_161643.jpg,/storage/emulated/0/DCIM/Camera/20251018_161643.jpg,2426560,jpg,1760800605000,CAMERA
20251017_213052.jpg,/storage/emulated/0/DCIM/Camera/20251017_213052.jpg,3610430,jpg,1760733052000,CAMERA
20251016_172636.jpg,/storage/emulated/0/DCIM/Camera/20251016_172636.jpg,1740454,jpg,1760631996000,CAMERA
20251016_172633.jpg,/storage/emulated/0/DCIM/Camera/20251016_172633.jpg,1793037,jpg,1760631993000,CAMERA
20251016_172150.jpg,/storage/emulated/0/DCIM/Camera/20251016_172150.jpg,1270628,jpg,1760631711000,CAMERA
20251016_172139.jpg,/storage/emulated/0/DCIM/Camera/20251016_172139.jpg,1268940,jpg,1760631699000,CAMERA
20251016_172017.jpg,/storage/emulated/0/DCIM/Camera/20251016_172017.jpg,1947263,jpg,1760631617000,CAMERA
20251016_171835.jpg,/storage/emulated/0/DCIM/Camera/20251016_171835.jpg,1835035,jpg,1760631515000,CAMERA
20251016_171827.jpg,/storage/emulated/0/DCIM/Camera/20251016_171827.jpg,3396594,jpg,1760631507000,CAMERA
20251016_171755.jpg,/storage/emulated/0/DCIM/Camera/20251016_171755.jpg,3426413,jpg,1760631475000,CAMERA
20251016_171750.jpg,/storage/emulated/0/DCIM/Camera/20251016_171750.jpg,3333813,jpg,1760631470000,CAMERA
20251016_171727.jpg,/storage/emulated/0/DCIM/Camera/20251016_171727.jpg,3495745,jpg,1760631447000,CAMERA
20251013_223854.jpg,/storage/emulated/0/DCIM/Camera/20251013_223854.jpg,6753716,jpg,1760391535000,CAMERA
20251013_223759.jpg,/storage/emulated/0/DCIM/Camera/20251013_223759.jpg,7068349,jpg,1760391479000,CAMERA
20251011_163814.jpg,/storage/emulated/0/DCIM/Camera/20251011_163814.jpg,2274385,jpg,1760197097000,CAMERA
20251009_110554.jpg,/storage/emulated/0/DCIM/Camera/20251009_110554.jpg,1745456,jpg,1760004354000,CAMERA
20251009_110537.jpg,/storage/emulated/0/DCIM/Camera/20251009_110537.jpg,2798080,jpg,1760004337000,CAMERA
20251009_110528.jpg,/storage/emulated/0/DCIM/Camera/20251009_110528.jpg,2432632,jpg,1760004328000,CAMERA
20251003_104344.jpg,/storage/emulated/0/DCIM/Camera/20251003_104344.jpg,2135798,jpg,1759484625000,CAMERA
20251003_104340.jpg,/storage/emulated/0/DCIM/Camera/20251003_104340.jpg,2549089,jpg,1759484621000,CAMERA
20251003_104338.jpg,/storage/emulated/0/DCIM/Camera/20251003_104338.jpg,2256802,jpg,1759484619000,CAMERA
20251003_104336.jpg,/storage/emulated/0/DCIM/Camera/20251003_104336.jpg,2231109,jpg,1759484617000,CAMERA
20250926_224946.jpg,/storage/emulated/0/DCIM/Camera/20250926_224946.jpg,2565229,jpg,1758923388000,CAMERA
20250926_224942.jpg,/storage/emulated/0/DCIM/Camera/20250926_224942.jpg,2617276,jpg,1758923386000,CAMERA
20250925_231408.jpg,/storage/emulated/0/DCIM/Camera/20250925_231408.jpg,1770994,jpg,1758838452000,CAMERA
20250925_230959.jpg,/storage/emulated/0/DCIM/Camera/20250925_230959.jpg,1191664,jpg,1758838204000,CAMERA
20250913_225303.jpg,/storage/emulated/0/DCIM/Camera/20250913_225303.jpg,2688059,jpg,1757800383000,CAMERA
20250913_225254.jpg,/storage/emulated/0/DCIM/Camera/20250913_225254.jpg,2086838,jpg,1757800374000,CAMERA
20250913_225239.jpg,/storage/emulated/0/DCIM/Camera/20250913_225239.jpg,2376724,jpg,1757800360000,CAMERA
20250913_225218.jpg,/storage/emulated/0/DCIM/Camera/20250913_225218.jpg,2824219,jpg,1757800338000,CAMERA
20250913_225204.jpg,/storage/emulated/0/DCIM/Camera/20250913_225204.jpg,2143115,jpg,1757800327000,CAMERA
20250913_224145.jpg,/storage/emulated/0/DCIM/Camera/20250913_224145.jpg,1801756,jpg,1757799708000,CAMERA
20250913_224137.jpg,/storage/emulated/0/DCIM/Camera/20250913_224137.jpg,2354412,jpg,1757799699000,CAMERA
20250913_224126.jpg,/storage/emulated/0/DCIM/Camera/20250913_224126.jpg,2360427,jpg,1757799688000,CAMERA
20250831_223219.jpg,/storage/emulated/0/DCIM/Camera/20250831_223219.jpg,2469549,jpg,1756675941000,CAMERA
20250831_223209.jpg,/storage/emulated/0/DCIM/Camera/20250831_223209.jpg,1804678,jpg,1756675931000,CAMERA
20250831_222719.jpg,/storage/emulated/0/DCIM/Camera/20250831_222719.jpg,2391082,jpg,1756675641000,CAMERA
20250831_222710.jpg,/storage/emulated/0/DCIM/Camera/20250831_222710.jpg,6858534,jpg,1756675630000,CAMERA
20250831_205013.jpg,/storage/emulated/0/DCIM/Camera/20250831_205013.jpg,6355072,jpg,1756669814000,CAMERA
20250824_235228.jpg,/storage/emulated/0/DCIM/Camera/20250824_235228.jpg,4957198,jpg,1756075948000,CAMERA
20250824_235220.jpg,/storage/emulated/0/DCIM/Camera/20250824_235220.jpg,5365778,jpg,1756075941000,CAMERA
20250824_182558.jpg,/storage/emulated/0/DCIM/Camera/20250824_182558.jpg,5446849,jpg,1756056358000,CAMERA
20250824_182553.jpg,/storage/emulated/0/DCIM/Camera/20250824_182553.jpg,5370754,jpg,1756056353000,CAMERA
20250824_182549.jpg,/storage/emulated/0/DCIM/Camera/20250824_182549.jpg,5437848,jpg,1756056349000,CAMERA
20250823_195249.mp4,/storage/emulated/0/DCIM/Camera/20250823_195249.mp4,31167375,mp4,1755975185000,CAMERA
20250820_193519.jpg,/storage/emulated/0/DCIM/Camera/20250820_193519.jpg,6191406,jpg,1755714919000,CAMERA
20250820_193516.jpg,/storage/emulated/0/DCIM/Camera/20250820_193516.jpg,6169246,jpg,1755714916000,CAMERA
20250820_193513.jpg,/storage/emulated/0/DCIM/Camera/20250820_193513.jpg,6123878,jpg,1755714914000,CAMERA
20250820_094504.jpg,/storage/emulated/0/DCIM/Camera/20250820_094504.jpg,5609626,jpg,1755679504000,CAMERA
20250820_094458.jpg,/storage/emulated/0/DCIM/Camera/20250820_094458.jpg,5894545,jpg,1755679498000,CAMERA
20250820_094048.jpg,/storage/emulated/0/DCIM/Camera/20250820_094048.jpg,6094950,jpg,1755679248000,CAMERA
20250820_094042.jpg,/storage/emulated/0/DCIM/Camera/20250820_094042.jpg,6241977,jpg,1755679243000,CAMERA
20250820_094021.jpg,/storage/emulated/0/DCIM/Camera/20250820_094021.jpg,6067367,jpg,1755679221000,CAMERA
20250820_094020.jpg,/storage/emulated/0/DCIM/Camera/20250820_094020.jpg,5983552,jpg,1755679221000,CAMERA
20250817_192950.jpg,/storage/emulated/0/DCIM/Camera/20250817_192950.jpg,799230,jpg,1755455391000,CAMERA
20250815_213654.jpg,/storage/emulated/0/DCIM/Camera/20250815_213654.jpg,4275409,jpg,1755290214000,CAMERA
20250815_213652.jpg,/storage/emulated/0/DCIM/Camera/20250815_213652.jpg,4129410,jpg,1755290212000,CAMERA
20250815_213539.jpg,/storage/emulated/0/DCIM/Camera/20250815_213539.jpg,2434236,jpg,1755290139000,CAMERA
20250815_213526.jpg,/storage/emulated/0/DCIM/Camera/20250815_213526.jpg,3156738,jpg,1755290128000,CAMERA
20250815_213519.jpg,/storage/emulated/0/DCIM/Camera/20250815_213519.jpg,2256650,jpg,1755290121000,CAMERA
20250815_213452.jpg,/storage/emulated/0/DCIM/Camera/20250815_213452.jpg,2133509,jpg,1755290093000,CAMERA
20250815_201829.jpg,/storage/emulated/0/DCIM/Camera/20250815_201829.jpg,2026018,jpg,1755285510000,CAMERA
20250815_201827.jpg,/storage/emulated/0/DCIM/Camera/20250815_201827.jpg,2072891,jpg,1755285508000,CAMERA
20250813_194019.jpg,/storage/emulated/0/DCIM/Camera/20250813_194019.jpg,1878468,jpg,1755110419000,CAMERA
20250813_194012.jpg,/storage/emulated/0/DCIM/Camera/20250813_194012.jpg,1748291,jpg,1755110413000,CAMERA
20250813_193959.jpg,/storage/emulated/0/DCIM/Camera/20250813_193959.jpg,1587309,jpg,1755110400000,CAMERA
20250813_193946.jpg,/storage/emulated/0/DCIM/Camera/20250813_193946.jpg,1411978,jpg,1755110388000,CAMERA
20250813_193922.jpg,/storage/emulated/0/DCIM/Camera/20250813_193922.jpg,1718133,jpg,1755110362000,CAMERA
20250813_193907.jpg,/storage/emulated/0/DCIM/Camera/20250813_193907.jpg,2114935,jpg,1755110348000,CAMERA
20250813_183038.jpg,/storage/emulated/0/DCIM/Camera/20250813_183038.jpg,2557198,jpg,1755106238000,CAMERA
20250813_182924.jpg,/storage/emulated/0/DCIM/Camera/20250813_182924.jpg,2112215,jpg,1755106164000,CAMERA
20250813_182920.jpg,/storage/emulated/0/DCIM/Camera/20250813_182920.jpg,1777138,jpg,1755106160000,CAMERA
20250813_151734.jpg,/storage/emulated/0/DCIM/Camera/20250813_151734.jpg,2382300,jpg,1755094654000,CAMERA
20250813_151725.jpg,/storage/emulated/0/DCIM/Camera/20250813_151725.jpg,2239778,jpg,1755094646000,CAMERA
20250812_212932.jpg,/storage/emulated/0/DCIM/Camera/20250812_212932.jpg,2000184,jpg,1755030573000,CAMERA
20250812_212918.jpg,/storage/emulated/0/DCIM/Camera/20250812_212918.jpg,2106535,jpg,1755030560000,CAMERA
20250812_212358.jpg,/storage/emulated/0/DCIM/Camera/20250812_212358.jpg,2054081,jpg,1755030240000,CAMERA
20250812_212345.jpg,/storage/emulated/0/DCIM/Camera/20250812_212345.jpg,2158196,jpg,1755030227000,CAMERA
20250812_204534.jpg,/storage/emulated/0/DCIM/Camera/20250812_204534.jpg,2324299,jpg,1755027935000,CAMERA
20250812_204523.jpg,/storage/emulated/0/DCIM/Camera/20250812_204523.jpg,2299767,jpg,1755027924000,CAMERA
20250812_204520.jpg,/storage/emulated/0/DCIM/Camera/20250812_204520.jpg,2510841,jpg,1755027921000,CAMERA
20250812_204515.jpg,/storage/emulated/0/DCIM/Camera/20250812_204515.jpg,2172570,jpg,1755027917000,CAMERA
20250812_204509.jpg,/storage/emulated/0/DCIM/Camera/20250812_204509.jpg,1928564,jpg,1755027910000,CAMERA
20250812_164202.jpg,/storage/emulated/0/DCIM/Camera/20250812_164202.jpg,2161434,jpg,1755013323000,CAMERA
20250812_161359.jpg,/storage/emulated/0/DCIM/Camera/20250812_161359.jpg,1516563,jpg,1755011640000,CAMERA
20250812_150635.jpg,/storage/emulated/0/DCIM/Camera/20250812_150635.jpg,1787271,jpg,1755007595000,CAMERA
20250812_150634.jpg,/storage/emulated/0/DCIM/Camera/20250812_150634.jpg,1696354,jpg,1755007594000,CAMERA
20250812_150632.jpg,/storage/emulated/0/DCIM/Camera/20250812_150632.jpg,2063540,jpg,1755007592000,CAMERA
20250812_150631.jpg,/storage/emulated/0/DCIM/Camera/20250812_150631.jpg,1608270,jpg,1755007591000,CAMERA
20250812_150626.jpg,/storage/emulated/0/DCIM/Camera/20250812_150626.jpg,1651631,jpg,1755007586000,CAMERA
20250812_150618.jpg,/storage/emulated/0/DCIM/Camera/20250812_150618.jpg,1516271,jpg,1755007578000,CAMERA
20250812_150617.jpg,/storage/emulated/0/DCIM/Camera/20250812_150617.jpg,1552766,jpg,1755007577000,CAMERA
20250812_150549.jpg,/storage/emulated/0/DCIM/Camera/20250812_150549.jpg,1428951,jpg,1755007549000,CAMERA
20250812_150436.jpg,/storage/emulated/0/DCIM/Camera/20250812_150436.jpg,1651469,jpg,1755007477000,CAMERA
20250812_150427.jpg,/storage/emulated/0/DCIM/Camera/20250812_150427.jpg,1240196,jpg,1755007467000,CAMERA
20250812_150413.jpg,/storage/emulated/0/DCIM/Camera/20250812_150413.jpg,2038494,jpg,1755007453000,CAMERA
20250812_150406.jpg,/storage/emulated/0/DCIM/Camera/20250812_150406.jpg,1585070,jpg,1755007446000,CAMERA
20250812_150404.jpg,/storage/emulated/0/DCIM/Camera/20250812_150404.jpg,1646441,jpg,1755007444000,CAMERA
20250812_145036.jpg,/storage/emulated/0/DCIM/Camera/20250812_145036.jpg,1875734,jpg,1755006636000,CAMERA
20250812_145034.jpg,/storage/emulated/0/DCIM/Camera/20250812_145034.jpg,1916523,jpg,1755006635000,CAMERA
20250812_145023.jpg,/storage/emulated/0/DCIM/Camera/20250812_145023.jpg,1645016,jpg,1755006623000,CAMERA
20250812_145022.jpg,/storage/emulated/0/DCIM/Camera/20250812_145022.jpg,1602912,jpg,1755006622000,CAMERA
20250812_145015.jpg,/storage/emulated/0/DCIM/Camera/20250812_145015.jpg,1409867,jpg,1755006615000,CAMERA
20250812_145014.jpg,/storage/emulated/0/DCIM/Camera/20250812_145014.jpg,1347164,jpg,1755006614000,CAMERA
20250812_145012.jpg,/storage/emulated/0/DCIM/Camera/20250812_145012.jpg,1509964,jpg,1755006612000,CAMERA
20250812_145011.jpg,/storage/emulated/0/DCIM/Camera/20250812_145011.jpg,1517824,jpg,1755006611000,CAMERA
20250812_145004(0).jpg,/storage/emulated/0/DCIM/Camera/20250812_145004(0).jpg,2008888,jpg,1755006605000,CAMERA
20250812_145004.jpg,/storage/emulated/0/DCIM/Camera/20250812_145004.jpg,2090149,jpg,1755006604000,CAMERA
20250812_142453.jpg,/storage/emulated/0/DCIM/Camera/20250812_142453.jpg,1319274,jpg,1755005094000,CAMERA
20250812_142450.jpg,/storage/emulated/0/DCIM/Camera/20250812_142450.jpg,1349917,jpg,1755005091000,CAMERA
20250812_141504.jpg,/storage/emulated/0/DCIM/Camera/20250812_141504.jpg,2229992,jpg,1755004504000,CAMERA
20250812_141503.jpg,/storage/emulated/0/DCIM/Camera/20250812_141503.jpg,2091659,jpg,1755004503000,CAMERA
20250812_141457.jpg,/storage/emulated/0/DCIM/Camera/20250812_141457.jpg,2474786,jpg,1755004497000,CAMERA
20250812_141449.jpg,/storage/emulated/0/DCIM/Camera/20250812_141449.jpg,1702635,jpg,1755004489000,CAMERA
20250812_141446.jpg,/storage/emulated/0/DCIM/Camera/20250812_141446.jpg,2118124,jpg,1755004486000,CAMERA
20250812_141346.mp4,/storage/emulated/0/DCIM/Camera/20250812_141346.mp4,49744371,mp4,1755004450000,CAMERA
20250812_141324.mp4,/storage/emulated/0/DCIM/Camera/20250812_141324.mp4,10264759,mp4,1755004410000,CAMERA
20250812_135522.mp4,/storage/emulated/0/DCIM/Camera/20250812_135522.mp4,39538002,mp4,1755003342000,CAMERA
20250812_134856.jpg,/storage/emulated/0/DCIM/Camera/20250812_134856.jpg,1002085,jpg,1755002937000,CAMERA
20250812_134841.jpg,/storage/emulated/0/DCIM/Camera/20250812_134841.jpg,1312473,jpg,1755002923000,CAMERA
20250812_134839.jpg,/storage/emulated/0/DCIM/Camera/20250812_134839.jpg,1389371,jpg,1755002920000,CAMERA
20250812_134833.jpg,/storage/emulated/0/DCIM/Camera/20250812_134833.jpg,1315889,jpg,1755002914000,CAMERA
20250812_134458.jpg,/storage/emulated/0/DCIM/Camera/20250812_134458.jpg,2156202,jpg,1755002698000,CAMERA
20250812_134452.jpg,/storage/emulated/0/DCIM/Camera/20250812_134452.jpg,1389651,jpg,1755002692000,CAMERA
20250812_134433.jpg,/storage/emulated/0/DCIM/Camera/20250812_134433.jpg,2618755,jpg,1755002674000,CAMERA
20250812_134336.jpg,/storage/emulated/0/DCIM/Camera/20250812_134336.jpg,1757888,jpg,1755002617000,CAMERA
20250812_134309.jpg,/storage/emulated/0/DCIM/Camera/20250812_134309.jpg,2683000,jpg,1755002589000,CAMERA
20250812_134305.jpg,/storage/emulated/0/DCIM/Camera/20250812_134305.jpg,2350495,jpg,1755002585000,CAMERA
20250812_134303.jpg,/storage/emulated/0/DCIM/Camera/20250812_134303.jpg,2257434,jpg,1755002583000,CAMERA
20250812_134301.jpg,/storage/emulated/0/DCIM/Camera/20250812_134301.jpg,2323880,jpg,1755002581000,CAMERA
20250812_133940.jpg,/storage/emulated/0/DCIM/Camera/20250812_133940.jpg,2373823,jpg,1755002380000,CAMERA
20250812_133933.jpg,/storage/emulated/0/DCIM/Camera/20250812_133933.jpg,2367814,jpg,1755002374000,CAMERA
20250812_133904.mp4,/storage/emulated/0/DCIM/Camera/20250812_133904.mp4,13647874,mp4,1755002351000,CAMERA
20250812_133849.jpg,/storage/emulated/0/DCIM/Camera/20250812_133849.jpg,2133457,jpg,1755002329000,CAMERA
20250812_133846.jpg,/storage/emulated/0/DCIM/Camera/20250812_133846.jpg,2128622,jpg,1755002326000,CAMERA
20250812_133759.jpg,/storage/emulated/0/DCIM/Camera/20250812_133759.jpg,1878293,jpg,1755002279000,CAMERA
20250812_133755.jpg,/storage/emulated/0/DCIM/Camera/20250812_133755.jpg,2008596,jpg,1755002275000,CAMERA
20250812_133747.jpg,/storage/emulated/0/DCIM/Camera/20250812_133747.jpg,2258064,jpg,1755002267000,CAMERA
20250812_133746.jpg,/storage/emulated/0/DCIM/Camera/20250812_133746.jpg,2258577,jpg,1755002266000,CAMERA
20250812_133744.jpg,/storage/emulated/0/DCIM/Camera/20250812_133744.jpg,2286456,jpg,1755002264000,CAMERA
20250812_133738.jpg,/storage/emulated/0/DCIM/Camera/20250812_133738.jpg,2062218,jpg,1755002259000,CAMERA
20250812_125926.jpg,/storage/emulated/0/DCIM/Camera/20250812_125926.jpg,2104555,jpg,1754999968000,CAMERA
20250812_123023.jpg,/storage/emulated/0/DCIM/Camera/20250812_123023.jpg,2358111,jpg,1754998223000,CAMERA
20250812_123017.jpg,/storage/emulated/0/DCIM/Camera/20250812_123017.jpg,2530330,jpg,1754998217000,CAMERA
20250812_090741.jpg,/storage/emulated/0/DCIM/Camera/20250812_090741.jpg,2052106,jpg,1754986062000,CAMERA
20250812_090735.jpg,/storage/emulated/0/DCIM/Camera/20250812_090735.jpg,1971344,jpg,1754986056000,CAMERA
20250811_133421.jpg,/storage/emulated/0/DCIM/Camera/20250811_133421.jpg,2289406,jpg,1754915663000,CAMERA
20250811_131922.jpg,/storage/emulated/0/DCIM/Camera/20250811_131922.jpg,2995035,jpg,1754914764000,CAMERA
20250811_131921.jpg,/storage/emulated/0/DCIM/Camera/20250811_131921.jpg,2550452,jpg,1754914762000,CAMERA
20250811_131919.jpg,/storage/emulated/0/DCIM/Camera/20250811_131919.jpg,2551090,jpg,1754914760000,CAMERA
20250811_131914.jpg,/storage/emulated/0/DCIM/Camera/20250811_131914.jpg,2705869,jpg,1754914756000,CAMERA
20250811_131839.jpg,/storage/emulated/0/DCIM/Camera/20250811_131839.jpg,2398012,jpg,1754914720000,CAMERA
20250811_131832.jpg,/storage/emulated/0/DCIM/Camera/20250811_131832.jpg,2534782,jpg,1754914713000,CAMERA
20250811_131829.jpg,/storage/emulated/0/DCIM/Camera/20250811_131829.jpg,2497481,jpg,1754914711000,CAMERA
20250810_094003.jpg,/storage/emulated/0/DCIM/Camera/20250810_094003.jpg,2150131,jpg,1754815203000,CAMERA
20250810_094000.jpg,/storage/emulated/0/DCIM/Camera/20250810_094000.jpg,2164585,jpg,1754815201000,CAMERA
c75cf2ad5f64dea67ded1f94a32b5662.mp4,/storage/emulated/0/DCIM/Camera/c75cf2ad5f64dea67ded1f94a32b5662.mp4,2825349,mp4,1754617954000,CAMERA
77e1ebfb5790588be8a18d27d2a0302e.mp4,/storage/emulated/0/DCIM/Camera/77e1ebfb5790588be8a18d27d2a0302e.mp4,1269313,mp4,1754617905000,CAMERA
7952b54df0c8ed9d5005972c9d4dcdc1.mp4,/storage/emulated/0/DCIM/Camera/7952b54df0c8ed9d5005972c9d4dcdc1.mp4,915777,mp4,1754617891000,CAMERA
e7929a253d807c051b056a1738ffebb1.mp4,/storage/emulated/0/DCIM/Camera/e7929a253d807c051b056a1738ffebb1.mp4,8179514,mp4,1754617873000,CAMERA
ddf7309bece5f1329ecfb57a4d622c5b.mp4,/storage/emulated/0/DCIM/Camera/ddf7309bece5f1329ecfb57a4d622c5b.mp4,706565,mp4,1754617833000,CAMERA
dfb622853bd69ed45821e60b75da28d9.mp4,/storage/emulated/0/DCIM/Camera/dfb622853bd69ed45821e60b75da28d9.mp4,1225271,mp4,1754617798000,CAMERA
8a883a9c35f8cb10d8a305ec67828a38.mp4,/storage/emulated/0/DCIM/Camera/8a883a9c35f8cb10d8a305ec67828a38.mp4,1410525,mp4,1754617793000,CAMERA
6c82b7fb6ab8b8e68cf1e1badc4f5122.mp4,/storage/emulated/0/DCIM/Camera/6c82b7fb6ab8b8e68cf1e1badc4f5122.mp4,5228874,mp4,1754617790000,CAMERA
bc283bf8bb1a1fa6dbbb391cc8955de9.mp4,/storage/emulated/0/DCIM/Camera/bc283bf8bb1a1fa6dbbb391cc8955de9.mp4,1950991,mp4,1754617779000,CAMERA
f24e7eeaed263d3c415a374bfa6ddad4.mp4,/storage/emulated/0/DCIM/Camera/f24e7eeaed263d3c415a374bfa6ddad4.mp4,3883142,mp4,1754617774000,CAMERA
437c94fa9d1471d081f77b6b7c9acba0.mp4,/storage/emulated/0/DCIM/Camera/437c94fa9d1471d081f77b6b7c9acba0.mp4,3030200,mp4,1754617765000,CAMERA
20250805_194045.jpg,/storage/emulated/0/DCIM/Camera/20250805_194045.jpg,2915300,jpg,1754419247000,CAMERA
20250802_170432.mp4,/storage/emulated/0/DCIM/Camera/20250802_170432.mp4,21669188,mp4,1754150684000,CAMERA
20250802_170419.jpg,/storage/emulated/0/DCIM/Camera/20250802_170419.jpg,2559012,jpg,1754150661000,CAMERA
20250728_144500.jpg,/storage/emulated/0/DCIM/Camera/20250728_144500.jpg,2023570,jpg,1753710300000,CAMERA
20250728_144433.jpg,/storage/emulated/0/DCIM/Camera/20250728_144433.jpg,2883441,jpg,1753710276000,CAMERA
20250726_002405.jpg,/storage/emulated/0/DCIM/Camera/20250726_002405.jpg,2331970,jpg,1753485846000,CAMERA
20250726_002356.jpg,/storage/emulated/0/DCIM/Camera/20250726_002356.jpg,2368750,jpg,1753485837000,CAMERA
20250726_002349.jpg,/storage/emulated/0/DCIM/Camera/20250726_002349.jpg,3662667,jpg,1753485829000,CAMERA
20250725_133246.jpg,/storage/emulated/0/DCIM/Camera/20250725_133246.jpg,2118084,jpg,1753446768000,CAMERA
20250724_010757.mp4,/storage/emulated/0/DCIM/Camera/20250724_010757.mp4,132470136,mp4,1753315740000,CAMERA
20250723_165301.mp4,/storage/emulated/0/DCIM/Camera/20250723_165301.mp4,204419224,mp4,1753286077000,CAMERA
20250723_165248.mp4,/storage/emulated/0/DCIM/Camera/20250723_165248.mp4,22037060,mp4,1753285979000,CAMERA
20250722_205101.mp4,/storage/emulated/0/DCIM/Camera/20250722_205101.mp4,104864453,mp4,1753213911000,CAMERA
20250722_131900.mp4,/storage/emulated/0/DCIM/Camera/20250722_131900.mp4,7961526,mp4,1753186744000,CAMERA
20250722_131830.mp4,/storage/emulated/0/DCIM/Camera/20250722_131830.mp4,51250960,mp4,1753186735000,CAMERA
20250722_131824.jpg,/storage/emulated/0/DCIM/Camera/20250722_131824.jpg,2133719,jpg,1753186706000,CAMERA
20250716_013235.jpg,/storage/emulated/0/DCIM/Camera/20250716_013235.jpg,4527364,jpg,1752625955000,CAMERA
20250713_131429.mp4,/storage/emulated/0/DCIM/Camera/20250713_131429.mp4,78591763,mp4,1752408906000,CAMERA
2025-07-12-105010503.mp4,/storage/emulated/0/DCIM/Camera/2025-07-12-105010503.mp4,50879338,mp4,1752314065000,CAMERA
20250706_171721.jpg,/storage/emulated/0/DCIM/Camera/20250706_171721.jpg,2585175,jpg,1751818643000,CAMERA
20250628_234417.jpg,/storage/emulated/0/DCIM/Camera/20250628_234417.jpg,1822423,jpg,1751150658000,CAMERA
20250628_234358.jpg,/storage/emulated/0/DCIM/Camera/20250628_234358.jpg,2221162,jpg,1751150641000,CAMERA
20250628_133436.mp4,/storage/emulated/0/DCIM/Camera/20250628_133436.mp4,939777057,mp4,1751114513000,CAMERA
20250627_202145.mp4,/storage/emulated/0/DCIM/Camera/20250627_202145.mp4,550544112,mp4,1751052362000,CAMERA
20250627_201935.mp4,/storage/emulated/0/DCIM/Camera/20250627_201935.mp4,97766355,mp4,1751052021000,CAMERA
20250626_212100.jpg,/storage/emulated/0/DCIM/Camera/20250626_212100.jpg,2734727,jpg,1750969262000,CAMERA
20250626_212058.jpg,/storage/emulated/0/DCIM/Camera/20250626_212058.jpg,2729220,jpg,1750969259000,CAMERA
20250626_212056.jpg,/storage/emulated/0/DCIM/Camera/20250626_212056.jpg,2575672,jpg,1750969257000,CAMERA
20250626_212055.jpg,/storage/emulated/0/DCIM/Camera/20250626_212055.jpg,2560752,jpg,1750969256000,CAMERA
20250626_212046.jpg,/storage/emulated/0/DCIM/Camera/20250626_212046.jpg,2699188,jpg,1750969247000,CAMERA
20250626_212041.jpg,/storage/emulated/0/DCIM/Camera/20250626_212041.jpg,2711131,jpg,1750969243000,CAMERA
20250626_212010.jpg,/storage/emulated/0/DCIM/Camera/20250626_212010.jpg,2833828,jpg,1750969211000,CAMERA
20250626_212004.jpg,/storage/emulated/0/DCIM/Camera/20250626_212004.jpg,3194124,jpg,1750969205000,CAMERA
20250626_212001.jpg,/storage/emulated/0/DCIM/Camera/20250626_212001.jpg,2712655,jpg,1750969203000,CAMERA
20250626_202610.jpg,/storage/emulated/0/DCIM/Camera/20250626_202610.jpg,2159390,jpg,1750965971000,CAMERA
20250626_201656.jpg,/storage/emulated/0/DCIM/Camera/20250626_201656.jpg,3867544,jpg,1750965417000,CAMERA
20250626_201655.jpg,/storage/emulated/0/DCIM/Camera/20250626_201655.jpg,3940221,jpg,1750965415000,CAMERA
20250626_201646.jpg,/storage/emulated/0/DCIM/Camera/20250626_201646.jpg,3237383,jpg,1750965407000,CAMERA
20250626_201633.jpg,/storage/emulated/0/DCIM/Camera/20250626_201633.jpg,2407111,jpg,1750965394000,CAMERA
20250626_201619.jpg,/storage/emulated/0/DCIM/Camera/20250626_201619.jpg,3580640,jpg,1750965379000,CAMERA
20250626_201552.jpg,/storage/emulated/0/DCIM/Camera/20250626_201552.jpg,2537266,jpg,1750965353000,CAMERA
20250626_201550.jpg,/storage/emulated/0/DCIM/Camera/20250626_201550.jpg,2483906,jpg,1750965351000,CAMERA
20250626_201549.jpg,/storage/emulated/0/DCIM/Camera/20250626_201549.jpg,2596320,jpg,1750965350000,CAMERA
20250626_201542.jpg,/storage/emulated/0/DCIM/Camera/20250626_201542.jpg,2520315,jpg,1750965342000,CAMERA
20250626_201539.jpg,/storage/emulated/0/DCIM/Camera/20250626_201539.jpg,2515124,jpg,1750965341000,CAMERA
20250626_201153.jpg,/storage/emulated/0/DCIM/Camera/20250626_201153.jpg,1959157,jpg,1750965113000,CAMERA
20250626_151541.jpg,/storage/emulated/0/DCIM/Camera/20250626_151541.jpg,2079515,jpg,1750947344000,CAMERA
20250626_113813.jpg,/storage/emulated/0/DCIM/Camera/20250626_113813.jpg,2379406,jpg,1750934293000,CAMERA
20250626_113635.jpg,/storage/emulated/0/DCIM/Camera/20250626_113635.jpg,2271867,jpg,1750934195000,CAMERA
20250626_113628.jpg,/storage/emulated/0/DCIM/Camera/20250626_113628.jpg,2262084,jpg,1750934188000,CAMERA
20250626_113616.jpg,/storage/emulated/0/DCIM/Camera/20250626_113616.jpg,1925997,jpg,1750934176000,CAMERA
20250626_113608.jpg,/storage/emulated/0/DCIM/Camera/20250626_113608.jpg,2415262,jpg,1750934168000,CAMERA
20250622_214547.jpg,/storage/emulated/0/DCIM/Camera/20250622_214547.jpg,1914516,jpg,1750625150000,CAMERA
20250619_223340.jpg,/storage/emulated/0/DCIM/Camera/20250619_223340.jpg,2305029,jpg,1750368822000,CAMERA
20250616_203344.jpg,/storage/emulated/0/DCIM/Camera/20250616_203344.jpg,2531064,jpg,1750102425000,CAMERA
20250610_140148.jpg,/storage/emulated/0/DCIM/Camera/20250610_140148.jpg,2000861,jpg,1749560510000,CAMERA
20250610_140048.jpg,/storage/emulated/0/DCIM/Camera/20250610_140048.jpg,2236617,jpg,1749560449000,CAMERA
20250610_140047.jpg,/storage/emulated/0/DCIM/Camera/20250610_140047.jpg,2234479,jpg,1749560447000,CAMERA
20250610_140024.jpg,/storage/emulated/0/DCIM/Camera/20250610_140024.jpg,2191934,jpg,1749560424000,CAMERA
20250610_140022.jpg,/storage/emulated/0/DCIM/Camera/20250610_140022.jpg,2187956,jpg,1749560423000,CAMERA
20250610_135946.jpg,/storage/emulated/0/DCIM/Camera/20250610_135946.jpg,2182175,jpg,1749560387000,CAMERA
20250610_134724.jpg,/storage/emulated/0/DCIM/Camera/20250610_134724.jpg,2049702,jpg,1749559645000,CAMERA
20250610_134649.jpg,/storage/emulated/0/DCIM/Camera/20250610_134649.jpg,1342592,jpg,1749559610000,CAMERA
20250610_134428.jpg,/storage/emulated/0/DCIM/Camera/20250610_134428.jpg,1756412,jpg,1749559470000,CAMERA
20250610_134423.jpg,/storage/emulated/0/DCIM/Camera/20250610_134423.jpg,1614573,jpg,1749559466000,CAMERA
20250610_134331.jpg,/storage/emulated/0/DCIM/Camera/20250610_134331.jpg,2250275,jpg,1749559412000,CAMERA
20250610_124227.jpg,/storage/emulated/0/DCIM/Camera/20250610_124227.jpg,2286667,jpg,1749555749000,CAMERA
20250607_215158.jpg,/storage/emulated/0/DCIM/Camera/20250607_215158.jpg,2662921,jpg,1749329519000,CAMERA
20250607_174414.jpg,/storage/emulated/0/DCIM/Camera/20250607_174414.jpg,2136999,jpg,1749314654000,CAMERA
20250607_174404.jpg,/storage/emulated/0/DCIM/Camera/20250607_174404.jpg,2622665,jpg,1749314644000,CAMERA
20250607_174402.jpg,/storage/emulated/0/DCIM/Camera/20250607_174402.jpg,2395064,jpg,1749314642000,CAMERA
20250606_143230.jpg,/storage/emulated/0/DCIM/Camera/20250606_143230.jpg,2097118,jpg,1749216751000,CAMERA
20250602_193857.jpg,/storage/emulated/0/DCIM/Camera/20250602_193857.jpg,2178371,jpg,1748889538000,CAMERA
20250602_193856.jpg,/storage/emulated/0/DCIM/Camera/20250602_193856.jpg,2196963,jpg,1748889537000,CAMERA
20250602_193854.jpg,/storage/emulated/0/DCIM/Camera/20250602_193854.jpg,2204801,jpg,1748889535000,CAMERA
20250602_193853.jpg,/storage/emulated/0/DCIM/Camera/20250602_193853.jpg,1370831,jpg,1748889534000,CAMERA
20250602_193852.jpg,/storage/emulated/0/DCIM/Camera/20250602_193852.jpg,2016953,jpg,1748889533000,CAMERA
20250602_193851.jpg,/storage/emulated/0/DCIM/Camera/20250602_193851.jpg,2103929,jpg,1748889531000,CAMERA
20250602_193849.jpg,/storage/emulated/0/DCIM/Camera/20250602_193849.jpg,2168346,jpg,1748889530000,CAMERA
20250602_193848.jpg,/storage/emulated/0/DCIM/Camera/20250602_193848.jpg,2177025,jpg,1748889529000,CAMERA
20250602_193847.jpg,/storage/emulated/0/DCIM/Camera/20250602_193847.jpg,1461584,jpg,1748889527000,CAMERA
20250602_193845.jpg,/storage/emulated/0/DCIM/Camera/20250602_193845.jpg,1581248,jpg,1748889526000,CAMERA
20250602_193844.jpg,/storage/emulated/0/DCIM/Camera/20250602_193844.jpg,2092233,jpg,1748889525000,CAMERA
20250602_193843.jpg,/storage/emulated/0/DCIM/Camera/20250602_193843.jpg,1451630,jpg,1748889523000,CAMERA
20250602_193842.jpg,/storage/emulated/0/DCIM/Camera/20250602_193842.jpg,1528480,jpg,1748889523000,CAMERA
20250602_193840.jpg,/storage/emulated/0/DCIM/Camera/20250602_193840.jpg,1476466,jpg,1748889521000,CAMERA
20250602_193754(0).jpg,/storage/emulated/0/DCIM/Camera/20250602_193754(0).jpg,2188492,jpg,1748889476000,CAMERA
20250602_193755.jpg,/storage/emulated/0/DCIM/Camera/20250602_193755.jpg,2177644,jpg,1748889476000,CAMERA
20250602_193754.jpg,/storage/emulated/0/DCIM/Camera/20250602_193754.jpg,2151521,jpg,1748889475000,CAMERA
20250602_193753(0).jpg,/storage/emulated/0/DCIM/Camera/20250602_193753(0).jpg,2151409,jpg,1748889474000,CAMERA
20250602_193753(1).jpg,/storage/emulated/0/DCIM/Camera/20250602_193753(1).jpg,2162277,jpg,1748889474000,CAMERA
20250602_193753.jpg,/storage/emulated/0/DCIM/Camera/20250602_193753.jpg,2156957,jpg,1748889473000,CAMERA
20250602_193750(0).jpg,/storage/emulated/0/DCIM/Camera/20250602_193750(0).jpg,2160364,jpg,1748889471000,CAMERA
20250602_193750.jpg,/storage/emulated/0/DCIM/Camera/20250602_193750.jpg,2143931,jpg,1748889471000,CAMERA
20250602_193749.jpg,/storage/emulated/0/DCIM/Camera/20250602_193749.jpg,2173942,jpg,1748889470000,CAMERA
20250602_193748(0).jpg,/storage/emulated/0/DCIM/Camera/20250602_193748(0).jpg,2166300,jpg,1748889470000,CAMERA
20250602_193748.jpg,/storage/emulated/0/DCIM/Camera/20250602_193748.jpg,2035530,jpg,1748889469000,CAMERA
20250602_193747.jpg,/storage/emulated/0/DCIM/Camera/20250602_193747.jpg,2000481,jpg,1748889468000,CAMERA
20250602_193743(0).jpg,/storage/emulated/0/DCIM/Camera/20250602_193743(0).jpg,2140405,jpg,1748889464000,CAMERA
20250602_193743.jpg,/storage/emulated/0/DCIM/Camera/20250602_193743.jpg,2092749,jpg,1748889464000,CAMERA
20250602_193742.jpg,/storage/emulated/0/DCIM/Camera/20250602_193742.jpg,2096626,jpg,1748889463000,CAMERA
20250602_193740(0).jpg,/storage/emulated/0/DCIM/Camera/20250602_193740(0).jpg,1945700,jpg,1748889461000,CAMERA
20250602_193740.jpg,/storage/emulated/0/DCIM/Camera/20250602_193740.jpg,1923451,jpg,1748889460000,CAMERA
20250602_193739.jpg,/storage/emulated/0/DCIM/Camera/20250602_193739.jpg,1933861,jpg,1748889460000,CAMERA
20250602_193738(0).jpg,/storage/emulated/0/DCIM/Camera/20250602_193738(0).jpg,1953639,jpg,1748889459000,CAMERA
20250602_193738.jpg,/storage/emulated/0/DCIM/Camera/20250602_193738.jpg,2065652,jpg,1748889459000,CAMERA
20250602_193736(1).jpg,/storage/emulated/0/DCIM/Camera/20250602_193736(1).jpg,2136250,jpg,1748889458000,CAMERA
20250602_193737.jpg,/storage/emulated/0/DCIM/Camera/20250602_193737.jpg,2119285,jpg,1748889458000,CAMERA
20250602_193736(0).jpg,/storage/emulated/0/DCIM/Camera/20250602_193736(0).jpg,2122917,jpg,1748889457000,CAMERA
20250602_193736.jpg,/storage/emulated/0/DCIM/Camera/20250602_193736.jpg,2008148,jpg,1748889456000,CAMERA
20250602_193650.jpg,/storage/emulated/0/DCIM/Camera/20250602_193650.jpg,2147115,jpg,1748889410000,CAMERA
20250602_193649.jpg,/storage/emulated/0/DCIM/Camera/20250602_193649.jpg,2066185,jpg,1748889410000,CAMERA
20250602_193648.jpg,/storage/emulated/0/DCIM/Camera/20250602_193648.jpg,1946580,jpg,1748889409000,CAMERA
20250602_193648(0).jpg,/storage/emulated/0/DCIM/Camera/20250602_193648(0).jpg,2129438,jpg,1748889409000,CAMERA
20250602_193647.jpg,/storage/emulated/0/DCIM/Camera/20250602_193647.jpg,2046704,jpg,1748889408000,CAMERA
20250602_193645(0).jpg,/storage/emulated/0/DCIM/Camera/20250602_193645(0).jpg,2125424,jpg,1748889407000,CAMERA
20250602_193644(1).jpg,/storage/emulated/0/DCIM/Camera/20250602_193644(1).jpg,2042203,jpg,1748889407000,CAMERA
20250602_193646.jpg,/storage/emulated/0/DCIM/Camera/20250602_193646.jpg,1985124,jpg,1748889406000,CAMERA
20250602_193645.jpg,/storage/emulated/0/DCIM/Camera/20250602_193645.jpg,2203152,jpg,1748889406000,CAMERA
20250602_193644(0).jpg,/storage/emulated/0/DCIM/Camera/20250602_193644(0).jpg,1998655,jpg,1748889405000,CAMERA
20250602_193643(0).jpg,/storage/emulated/0/DCIM/Camera/20250602_193643(0).jpg,1999329,jpg,1748889404000,CAMERA
20250602_193644.jpg,/storage/emulated/0/DCIM/Camera/20250602_193644.jpg,2097083,jpg,1748889404000,CAMERA
20250602_193643.jpg,/storage/emulated/0/DCIM/Camera/20250602_193643.jpg,2042163,jpg,1748889403000,CAMERA
20250602_193638.jpg,/storage/emulated/0/DCIM/Camera/20250602_193638.jpg,2148596,jpg,1748889398000,CAMERA
20250602_193637.jpg,/storage/emulated/0/DCIM/Camera/20250602_193637.jpg,2164207,jpg,1748889397000,CAMERA
20250602_193635.jpg,/storage/emulated/0/DCIM/Camera/20250602_193635.jpg,2167355,jpg,1748889396000,CAMERA
20250602_193636.jpg,/storage/emulated/0/DCIM/Camera/20250602_193636.jpg,2181732,jpg,1748889396000,CAMERA
20250602_193632.jpg,/storage/emulated/0/DCIM/Camera/20250602_193632.jpg,2112928,jpg,1748889393000,CAMERA
20250602_193631(0).jpg,/storage/emulated/0/DCIM/Camera/20250602_193631(0).jpg,2000808,jpg,1748889392000,CAMERA
20250602_193631.jpg,/storage/emulated/0/DCIM/Camera/20250602_193631.jpg,2057828,jpg,1748889391000,CAMERA
20250602_193628(0).jpg,/storage/emulated/0/DCIM/Camera/20250602_193628(0).jpg,1988457,jpg,1748889389000,CAMERA
20250602_193628.jpg,/storage/emulated/0/DCIM/Camera/20250602_193628.jpg,2073481,jpg,1748889389000,CAMERA
20250602_193625.jpg,/storage/emulated/0/DCIM/Camera/20250602_193625.jpg,2205287,jpg,1748889386000,CAMERA
20250602_193626.jpg,/storage/emulated/0/DCIM/Camera/20250602_193626.jpg,2137077,jpg,1748889386000,CAMERA
20250602_193624.jpg,/storage/emulated/0/DCIM/Camera/20250602_193624.jpg,2140871,jpg,1748889385000,CAMERA
20250602_193520(0).jpg,/storage/emulated/0/DCIM/Camera/20250602_193520(0).jpg,2328079,jpg,1748889333000,CAMERA
20250602_193523.jpg,/storage/emulated/0/DCIM/Camera/20250602_193523.jpg,2340308,jpg,1748889332000,CAMERA
20250602_193528.jpg,/storage/emulated/0/DCIM/Camera/20250602_193528.jpg,2425259,jpg,1748889331000,CAMERA
20250602_193529.jpg,/storage/emulated/0/DCIM/Camera/20250602_193529.jpg,2229762,jpg,1748889330000,CAMERA
20250602_193528(0).jpg,/storage/emulated/0/DCIM/Camera/20250602_193528(0).jpg,2347720,jpg,1748889330000,CAMERA
20250602_193527(0).jpg,/storage/emulated/0/DCIM/Camera/20250602_193527(0).jpg,2285012,jpg,1748889328000,CAMERA
20250602_193527.jpg,/storage/emulated/0/DCIM/Camera/20250602_193527.jpg,2300224,jpg,1748889328000,CAMERA
20250602_193526.jpg,/storage/emulated/0/DCIM/Camera/20250602_193526.jpg,2258483,jpg,1748889327000,CAMERA
20250602_193525.jpg,/storage/emulated/0/DCIM/Camera/20250602_193525.jpg,2300745,jpg,1748889326000,CAMERA
20250602_193524.jpg,/storage/emulated/0/DCIM/Camera/20250602_193524.jpg,2260520,jpg,1748889326000,CAMERA
20250602_193523(0).jpg,/storage/emulated/0/DCIM/Camera/20250602_193523(0).jpg,2305268,jpg,1748889325000,CAMERA
20250602_193522(0).jpg,/storage/emulated/0/DCIM/Camera/20250602_193522(0).jpg,2340356,jpg,1748889324000,CAMERA
20250602_193522.jpg,/storage/emulated/0/DCIM/Camera/20250602_193522.jpg,2257587,jpg,1748889323000,CAMERA
20250602_193521.jpg,/storage/emulated/0/DCIM/Camera/20250602_193521.jpg,2335033,jpg,1748889322000,CAMERA
20250602_193520.jpg,/storage/emulated/0/DCIM/Camera/20250602_193520.jpg,2309726,jpg,1748889321000,CAMERA
20250602_193512(0).jpg,/storage/emulated/0/DCIM/Camera/20250602_193512(0).jpg,2080795,jpg,1748889316000,CAMERA
20250602_193513.jpg,/storage/emulated/0/DCIM/Camera/20250602_193513.jpg,2173241,jpg,1748889315000,CAMERA
20250602_193512.jpg,/storage/emulated/0/DCIM/Camera/20250602_193512.jpg,2306879,jpg,1748889314000,CAMERA
20250602_193509.jpg,/storage/emulated/0/DCIM/Camera/20250602_193509.jpg,2346110,jpg,1748889310000,CAMERA
20250602_193508(0).jpg,/storage/emulated/0/DCIM/Camera/20250602_193508(0).jpg,2340430,jpg,1748889309000,CAMERA
20250602_193508.jpg,/storage/emulated/0/DCIM/Camera/20250602_193508.jpg,1922950,jpg,1748889309000,CAMERA
20250602_193507.jpg,/storage/emulated/0/DCIM/Camera/20250602_193507.jpg,2037980,jpg,1748889308000,CAMERA
20250602_193434.jpg,/storage/emulated/0/DCIM/Camera/20250602_193434.jpg,2300846,jpg,1748889274000,CAMERA
20250602_193432.jpg,/storage/emulated/0/DCIM/Camera/20250602_193432.jpg,2314565,jpg,1748889273000,CAMERA
20250602_193431.jpg,/storage/emulated/0/DCIM/Camera/20250602_193431.jpg,2357960,jpg,1748889272000,CAMERA
20250602_193430.jpg,/storage/emulated/0/DCIM/Camera/20250602_193430.jpg,2348992,jpg,1748889271000,CAMERA
20250602_193428.jpg,/storage/emulated/0/DCIM/Camera/20250602_193428.jpg,2331337,jpg,1748889269000,CAMERA
20250602_193429.jpg,/storage/emulated/0/DCIM/Camera/20250602_193429.jpg,2281330,jpg,1748889269000,CAMERA
20250602_193427.jpg,/storage/emulated/0/DCIM/Camera/20250602_193427.jpg,2326146,jpg,1748889268000,CAMERA
20250602_193426.jpg,/storage/emulated/0/DCIM/Camera/20250602_193426.jpg,2367352,jpg,1748889267000,CAMERA
20250602_193425.jpg,/storage/emulated/0/DCIM/Camera/20250602_193425.jpg,2379379,jpg,1748889266000,CAMERA
20250602_193424.jpg,/storage/emulated/0/DCIM/Camera/20250602_193424.jpg,2385619,jpg,1748889265000,CAMERA
20250602_193423.jpg,/storage/emulated/0/DCIM/Camera/20250602_193423.jpg,2394786,jpg,1748889263000,CAMERA
20250602_193421.jpg,/storage/emulated/0/DCIM/Camera/20250602_193421.jpg,2402211,jpg,1748889262000,CAMERA
20250602_193418.jpg,/storage/emulated/0/DCIM/Camera/20250602_193418.jpg,2394232,jpg,1748889258000,CAMERA
20250602_193417.jpg,/storage/emulated/0/DCIM/Camera/20250602_193417.jpg,2410549,jpg,1748889258000,CAMERA
20250602_193416.jpg,/storage/emulated/0/DCIM/Camera/20250602_193416.jpg,2432849,jpg,1748889257000,CAMERA
20250602_193415.jpg,/storage/emulated/0/DCIM/Camera/20250602_193415.jpg,2390988,jpg,1748889255000,CAMERA
20250602_193413.jpg,/storage/emulated/0/DCIM/Camera/20250602_193413.jpg,2350085,jpg,1748889254000,CAMERA
20250602_193412.jpg,/storage/emulated/0/DCIM/Camera/20250602_193412.jpg,2335364,jpg,1748889253000,CAMERA
20250602_193411.jpg,/storage/emulated/0/DCIM/Camera/20250602_193411.jpg,2331434,jpg,1748889252000,CAMERA
20250602_193312(0).jpg,/storage/emulated/0/DCIM/Camera/20250602_193312(0).jpg,2338702,jpg,1748889193000,CAMERA
20250602_193311.jpg,/storage/emulated/0/DCIM/Camera/20250602_193311.jpg,2332778,jpg,1748889192000,CAMERA
20250602_193312.jpg,/storage/emulated/0/DCIM/Camera/20250602_193312.jpg,2352236,jpg,1748889192000,CAMERA
20250602_193304.jpg,/storage/emulated/0/DCIM/Camera/20250602_193304.jpg,2239012,jpg,1748889185000,CAMERA
20250602_193301.jpg,/storage/emulated/0/DCIM/Camera/20250602_193301.jpg,2308903,jpg,1748889182000,CAMERA
20250602_193258.jpg,/storage/emulated/0/DCIM/Camera/20250602_193258.jpg,2266438,jpg,1748889179000,CAMERA
20250602_193236(0).jpg,/storage/emulated/0/DCIM/Camera/20250602_193236(0).jpg,2358343,jpg,1748889162000,CAMERA
20250602_193237(0).jpg,/storage/emulated/0/DCIM/Camera/20250602_193237(0).jpg,2297854,jpg,1748889162000,CAMERA
20250602_193239(0).jpg,/storage/emulated/0/DCIM/Camera/20250602_193239(0).jpg,2295702,jpg,1748889161000,CAMERA
20250602_193239.jpg,/storage/emulated/0/DCIM/Camera/20250602_193239.jpg,2212755,jpg,1748889160000,CAMERA
20250602_193240.jpg,/storage/emulated/0/DCIM/Camera/20250602_193240.jpg,2265281,jpg,1748889160000,CAMERA
20250602_193238.jpg,/storage/emulated/0/DCIM/Camera/20250602_193238.jpg,2287986,jpg,1748889159000,CAMERA
20250602_193237.jpg,/storage/emulated/0/DCIM/Camera/20250602_193237.jpg,2389238,jpg,1748889158000,CAMERA
20250602_193237(1).jpg,/storage/emulated/0/DCIM/Camera/20250602_193237(1).jpg,2289291,jpg,1748889158000,CAMERA
20250602_193236.jpg,/storage/emulated/0/DCIM/Camera/20250602_193236.jpg,2254029,jpg,1748889157000,CAMERA
20250602_193235.jpg,/storage/emulated/0/DCIM/Camera/20250602_193235.jpg,2238284,jpg,1748889156000,CAMERA
20250602_193234.jpg,/storage/emulated/0/DCIM/Camera/20250602_193234.jpg,2183385,jpg,1748889154000,CAMERA
20250602_193233.jpg,/storage/emulated/0/DCIM/Camera/20250602_193233.jpg,2302934,jpg,1748889153000,CAMERA
20250602_193232.jpg,/storage/emulated/0/DCIM/Camera/20250602_193232.jpg,2264896,jpg,1748889153000,CAMERA
20250602_193231.jpg,/storage/emulated/0/DCIM/Camera/20250602_193231.jpg,2222895,jpg,1748889152000,CAMERA
20250602_193139.jpg,/storage/emulated/0/DCIM/Camera/20250602_193139.jpg,2260953,jpg,1748889100000,CAMERA
20250602_193138.jpg,/storage/emulated/0/DCIM/Camera/20250602_193138.jpg,2152674,jpg,1748889099000,CAMERA
20250602_193137(0).jpg,/storage/emulated/0/DCIM/Camera/20250602_193137(0).jpg,2099818,jpg,1748889099000,CAMERA
20250602_193137.jpg,/storage/emulated/0/DCIM/Camera/20250602_193137.jpg,2204133,jpg,1748889098000,CAMERA
20250602_193135.jpg,/storage/emulated/0/DCIM/Camera/20250602_193135.jpg,2252312,jpg,1748889097000,CAMERA
20250602_193135(0).jpg,/storage/emulated/0/DCIM/Camera/20250602_193135(0).jpg,2252594,jpg,1748889096000,CAMERA
20250602_193134.jpg,/storage/emulated/0/DCIM/Camera/20250602_193134.jpg,2280064,jpg,1748889095000,CAMERA
20250602_193133.jpg,/storage/emulated/0/DCIM/Camera/20250602_193133.jpg,2223128,jpg,1748889095000,CAMERA
20250602_193132.jpg,/storage/emulated/0/DCIM/Camera/20250602_193132.jpg,2228084,jpg,1748889093000,CAMERA
20250602_193131.jpg,/storage/emulated/0/DCIM/Camera/20250602_193131.jpg,2207268,jpg,1748889092000,CAMERA
20250602_193128.jpg,/storage/emulated/0/DCIM/Camera/20250602_193128.jpg,2175607,jpg,1748889089000,CAMERA
20250602_193129.jpg,/storage/emulated/0/DCIM/Camera/20250602_193129.jpg,2134993,jpg,1748889089000,CAMERA
20250602_193127.jpg,/storage/emulated/0/DCIM/Camera/20250602_193127.jpg,1998747,jpg,1748889088000,CAMERA
20250602_193055.jpg,/storage/emulated/0/DCIM/Camera/20250602_193055.jpg,2423373,jpg,1748889055000,CAMERA
20250602_193053.jpg,/storage/emulated/0/DCIM/Camera/20250602_193053.jpg,2420171,jpg,1748889054000,CAMERA
20250602_193051.jpg,/storage/emulated/0/DCIM/Camera/20250602_193051.jpg,2299697,jpg,1748889052000,CAMERA
20250602_193050.jpg,/storage/emulated/0/DCIM/Camera/20250602_193050.jpg,2328014,jpg,1748889051000,CAMERA
20250602_193033.jpg,/storage/emulated/0/DCIM/Camera/20250602_193033.jpg,2177124,jpg,1748889034000,CAMERA
20250602_193032(0).jpg,/storage/emulated/0/DCIM/Camera/20250602_193032(0).jpg,2148539,jpg,1748889033000,CAMERA
20250602_193032.jpg,/storage/emulated/0/DCIM/Camera/20250602_193032.jpg,2187254,jpg,1748889032000,CAMERA
20250602_193027(0).jpg,/storage/emulated/0/DCIM/Camera/20250602_193027(0).jpg,2284998,jpg,1748889028000,CAMERA
20250602_193027.jpg,/storage/emulated/0/DCIM/Camera/20250602_193027.jpg,2257418,jpg,1748889027000,CAMERA
20250602_193026.jpg,/storage/emulated/0/DCIM/Camera/20250602_193026.jpg,2308539,jpg,1748889026000,CAMERA
20250602_193022.jpg,/storage/emulated/0/DCIM/Camera/20250602_193022.jpg,2189506,jpg,1748889023000,CAMERA
20250602_193021.jpg,/storage/emulated/0/DCIM/Camera/20250602_193021.jpg,2174256,jpg,1748889022000,CAMERA
20250602_193020.jpg,/storage/emulated/0/DCIM/Camera/20250602_193020.jpg,2143084,jpg,1748889021000,CAMERA
20250602_193017.jpg,/storage/emulated/0/DCIM/Camera/20250602_193017.jpg,2278647,jpg,1748889018000,CAMERA
20250602_193017(0).jpg,/storage/emulated/0/DCIM/Camera/20250602_193017(0).jpg,2200699,jpg,1748889018000,CAMERA
20250602_192917.jpg,/storage/emulated/0/DCIM/Camera/20250602_192917.jpg,2214357,jpg,1748888958000,CAMERA
20250602_192916.jpg,/storage/emulated/0/DCIM/Camera/20250602_192916.jpg,2242816,jpg,1748888957000,CAMERA
20250602_192915.jpg,/storage/emulated/0/DCIM/Camera/20250602_192915.jpg,2226702,jpg,1748888956000,CAMERA
20250602_192914.jpg,/storage/emulated/0/DCIM/Camera/20250602_192914.jpg,2094586,jpg,1748888955000,CAMERA
20250602_192913(0).jpg,/storage/emulated/0/DCIM/Camera/20250602_192913(0).jpg,2165262,jpg,1748888955000,CAMERA
20250602_192913.jpg,/storage/emulated/0/DCIM/Camera/20250602_192913.jpg,2221873,jpg,1748888954000,CAMERA
20250602_192912.jpg,/storage/emulated/0/DCIM/Camera/20250602_192912.jpg,2203929,jpg,1748888953000,CAMERA
20250602_192912(0).jpg,/storage/emulated/0/DCIM/Camera/20250602_192912(0).jpg,2189676,jpg,1748888953000,CAMERA
20250602_192909.jpg,/storage/emulated/0/DCIM/Camera/20250602_192909.jpg,2107623,jpg,1748888951000,CAMERA
20250602_192909(0).jpg,/storage/emulated/0/DCIM/Camera/20250602_192909(0).jpg,2098630,jpg,1748888950000,CAMERA
20250602_192908(0).jpg,/storage/emulated/0/DCIM/Camera/20250602_192908(0).jpg,2168917,jpg,1748888950000,CAMERA
20250602_192908.jpg,/storage/emulated/0/DCIM/Camera/20250602_192908.jpg,2339903,jpg,1748888949000,CAMERA
20250602_192907.jpg,/storage/emulated/0/DCIM/Camera/20250602_192907.jpg,2233584,jpg,1748888948000,CAMERA
20250602_192621.jpg,/storage/emulated/0/DCIM/Camera/20250602_192621.jpg,2483864,jpg,1748888781000,CAMERA
20250602_192619.jpg,/storage/emulated/0/DCIM/Camera/20250602_192619.jpg,2532950,jpg,1748888779000,CAMERA
20250602_192617.jpg,/storage/emulated/0/DCIM/Camera/20250602_192617.jpg,1890220,jpg,1748888777000,CAMERA
20250602_192533.jpg,/storage/emulated/0/DCIM/Camera/20250602_192533.jpg,2386206,jpg,1748888733000,CAMERA
20250602_192531(0).jpg,/storage/emulated/0/DCIM/Camera/20250602_192531(0).jpg,2197897,jpg,1748888732000,CAMERA
20250602_192532(0).jpg,/storage/emulated/0/DCIM/Camera/20250602_192532(0).jpg,2199100,jpg,1748888732000,CAMERA
20250602_192532.jpg,/storage/emulated/0/DCIM/Camera/20250602_192532.jpg,2238036,jpg,1748888732000,CAMERA
20250602_192531.jpg,/storage/emulated/0/DCIM/Camera/20250602_192531.jpg,2247592,jpg,1748888731000,CAMERA
20250602_192530.jpg,/storage/emulated/0/DCIM/Camera/20250602_192530.jpg,2271759,jpg,1748888730000,CAMERA
20250602_192450.jpg,/storage/emulated/0/DCIM/Camera/20250602_192450.jpg,2094033,jpg,1748888690000,CAMERA
20250602_192449.jpg,/storage/emulated/0/DCIM/Camera/20250602_192449.jpg,2055621,jpg,1748888689000,CAMERA
20250602_192448.jpg,/storage/emulated/0/DCIM/Camera/20250602_192448.jpg,2083408,jpg,1748888688000,CAMERA
20250602_192441.jpg,/storage/emulated/0/DCIM/Camera/20250602_192441.jpg,2113447,jpg,1748888681000,CAMERA
20250602_192440(0).jpg,/storage/emulated/0/DCIM/Camera/20250602_192440(0).jpg,1992764,jpg,1748888681000,CAMERA
20250602_192440.jpg,/storage/emulated/0/DCIM/Camera/20250602_192440.jpg,2207860,jpg,1748888680000,CAMERA
20250602_192439.jpg,/storage/emulated/0/DCIM/Camera/20250602_192439.jpg,2135860,jpg,1748888679000,CAMERA
20250602_192330.jpg,/storage/emulated/0/DCIM/Camera/20250602_192330.jpg,2132728,jpg,1748888611000,CAMERA
20250602_192326.jpg,/storage/emulated/0/DCIM/Camera/20250602_192326.jpg,2140762,jpg,1748888607000,CAMERA
20250602_192323.jpg,/storage/emulated/0/DCIM/Camera/20250602_192323.jpg,2339019,jpg,1748888604000,CAMERA
20250602_192318.jpg,/storage/emulated/0/DCIM/Camera/20250602_192318.jpg,2356689,jpg,1748888599000,CAMERA
20250602_191459.jpg,/storage/emulated/0/DCIM/Camera/20250602_191459.jpg,1792875,jpg,1748888099000,CAMERA
20250602_191457.jpg,/storage/emulated/0/DCIM/Camera/20250602_191457.jpg,1752934,jpg,1748888098000,CAMERA
20250602_191456.jpg,/storage/emulated/0/DCIM/Camera/20250602_191456.jpg,1813688,jpg,1748888096000,CAMERA
20250602_191455.jpg,/storage/emulated/0/DCIM/Camera/20250602_191455.jpg,1852773,jpg,1748888095000,CAMERA
20250602_190645.jpg,/storage/emulated/0/DCIM/Camera/20250602_190645.jpg,2339581,jpg,1748887606000,CAMERA
20250602_190640.jpg,/storage/emulated/0/DCIM/Camera/20250602_190640.jpg,2369694,jpg,1748887601000,CAMERA
20250602_184637.jpg,/storage/emulated/0/DCIM/Camera/20250602_184637.jpg,1949532,jpg,1748886397000,CAMERA
20250602_184549.jpg,/storage/emulated/0/DCIM/Camera/20250602_184549.jpg,1893328,jpg,1748886349000,CAMERA
20250602_184545.jpg,/storage/emulated/0/DCIM/Camera/20250602_184545.jpg,2163348,jpg,1748886346000,CAMERA
20250602_182405.mp4,/storage/emulated/0/DCIM/Camera/20250602_182405.mp4,75771090,mp4,1748885081000,CAMERA
20250602_182321.jpg,/storage/emulated/0/DCIM/Camera/20250602_182321.jpg,2212193,jpg,1748885002000,CAMERA
20250602_182318.jpg,/storage/emulated/0/DCIM/Camera/20250602_182318.jpg,6139718,jpg,1748884998000,CAMERA
20250602_182312.jpg,/storage/emulated/0/DCIM/Camera/20250602_182312.jpg,5980335,jpg,1748884993000,CAMERA
20250602_182303.jpg,/storage/emulated/0/DCIM/Camera/20250602_182303.jpg,2287662,jpg,1748884983000,CAMERA
20250602_182301.jpg,/storage/emulated/0/DCIM/Camera/20250602_182301.jpg,2415800,jpg,1748884981000,CAMERA
20250602_182259.jpg,/storage/emulated/0/DCIM/Camera/20250602_182259.jpg,2445970,jpg,1748884979000,CAMERA
20250602_182159.jpg,/storage/emulated/0/DCIM/Camera/20250602_182159.jpg,2188306,jpg,1748884920000,CAMERA
20250602_182042.jpg,/storage/emulated/0/DCIM/Camera/20250602_182042.jpg,2240163,jpg,1748884843000,CAMERA
20250602_181946.jpg,/storage/emulated/0/DCIM/Camera/20250602_181946.jpg,2735919,jpg,1748884787000,CAMERA
20250602_181944.jpg,/storage/emulated/0/DCIM/Camera/20250602_181944.jpg,2020905,jpg,1748884784000,CAMERA
20250602_181939.jpg,/storage/emulated/0/DCIM/Camera/20250602_181939.jpg,2057424,jpg,1748884780000,CAMERA
20250602_181937.jpg,/storage/emulated/0/DCIM/Camera/20250602_181937.jpg,1860714,jpg,1748884778000,CAMERA
20250529_233222.jpg,/storage/emulated/0/DCIM/Camera/20250529_233222.jpg,2168962,jpg,1748557944000,CAMERA
20250529_232823.jpg,/storage/emulated/0/DCIM/Camera/20250529_232823.jpg,2238070,jpg,1748557704000,CAMERA
20250529_232816.jpg,/storage/emulated/0/DCIM/Camera/20250529_232816.jpg,3007084,jpg,1748557696000,CAMERA
20250527_203734.jpg,/storage/emulated/0/DCIM/Camera/20250527_203734.jpg,2396184,jpg,1748374656000,CAMERA
20250526_213321.jpg,/storage/emulated/0/DCIM/Camera/20250526_213321.jpg,1951093,jpg,1748291604000,CAMERA
20250525_194300.jpg,/storage/emulated/0/DCIM/Camera/20250525_194300.jpg,2423394,jpg,1748198583000,CAMERA
20250525_130428.mp4,/storage/emulated/0/DCIM/Camera/20250525_130428.mp4,19662620,mp4,1748174681000,CAMERA
20250524_201511.jpg,/storage/emulated/0/DCIM/Camera/20250524_201511.jpg,1867803,jpg,1748114112000,CAMERA
20250524_201508.jpg,/storage/emulated/0/DCIM/Camera/20250524_201508.jpg,1558667,jpg,1748114109000,CAMERA
20250524_201506.jpg,/storage/emulated/0/DCIM/Camera/20250524_201506.jpg,1570709,jpg,1748114108000,CAMERA
20250524_201502.jpg,/storage/emulated/0/DCIM/Camera/20250524_201502.jpg,1734779,jpg,1748114103000,CAMERA
20250524_201501.jpg,/storage/emulated/0/DCIM/Camera/20250524_201501.jpg,1953822,jpg,1748114102000,CAMERA
20250524_201454.jpg,/storage/emulated/0/DCIM/Camera/20250524_201454.jpg,1853236,jpg,1748114097000,CAMERA
20250524_201447.jpg,/storage/emulated/0/DCIM/Camera/20250524_201447.jpg,1584300,jpg,1748114088000,CAMERA
20250524_201444.jpg,/storage/emulated/0/DCIM/Camera/20250524_201444.jpg,2047534,jpg,1748114085000,CAMERA
20250524_201442.jpg,/storage/emulated/0/DCIM/Camera/20250524_201442.jpg,1984432,jpg,1748114083000,CAMERA
20250524_201433.jpg,/storage/emulated/0/DCIM/Camera/20250524_201433.jpg,1245469,jpg,1748114075000,CAMERA
20250524_201417.jpg,/storage/emulated/0/DCIM/Camera/20250524_201417.jpg,1344358,jpg,1748114061000,CAMERA
20250522_232703.jpg,/storage/emulated/0/DCIM/Camera/20250522_232703.jpg,2231937,jpg,1747952824000,CAMERA
20250522_232639.jpg,/storage/emulated/0/DCIM/Camera/20250522_232639.jpg,2180048,jpg,1747952800000,CAMERA
20250522_232617.jpg,/storage/emulated/0/DCIM/Camera/20250522_232617.jpg,2222895,jpg,1747952778000,CAMERA
20250522_232608.jpg,/storage/emulated/0/DCIM/Camera/20250522_232608.jpg,2166507,jpg,1747952770000,CAMERA
20250522_232556.jpg,/storage/emulated/0/DCIM/Camera/20250522_232556.jpg,2236380,jpg,1747952757000,CAMERA
20250522_232541.jpg,/storage/emulated/0/DCIM/Camera/20250522_232541.jpg,2158589,jpg,1747952743000,CAMERA
20250522_232529.jpg,/storage/emulated/0/DCIM/Camera/20250522_232529.jpg,2220724,jpg,1747952730000,CAMERA
20250522_232518.jpg,/storage/emulated/0/DCIM/Camera/20250522_232518.jpg,2174916,jpg,1747952719000,CAMERA
20250522_232504.jpg,/storage/emulated/0/DCIM/Camera/20250522_232504.jpg,2165921,jpg,1747952705000,CAMERA
20250521_203922.jpg,/storage/emulated/0/DCIM/Camera/20250521_203922.jpg,1444093,jpg,1747856363000,CAMERA
20250521_203912.jpg,/storage/emulated/0/DCIM/Camera/20250521_203912.jpg,1420491,jpg,1747856353000,CAMERA
20250521_195037.mp4,/storage/emulated/0/DCIM/Camera/20250521_195037.mp4,24391935,mp4,1747853450000,CAMERA
20250518_015633.jpg,/storage/emulated/0/DCIM/Camera/20250518_015633.jpg,1223580,jpg,1747529796000,CAMERA
20250518_015456.jpg,/storage/emulated/0/DCIM/Camera/20250518_015456.jpg,2161545,jpg,1747529697000,CAMERA
20250518_005433.jpg,/storage/emulated/0/DCIM/Camera/20250518_005433.jpg,2434135,jpg,1747526075000,CAMERA
20250516_122331.jpg,/storage/emulated/0/DCIM/Camera/20250516_122331.jpg,4291830,jpg,1747394611000,CAMERA
20250516_122328.jpg,/storage/emulated/0/DCIM/Camera/20250516_122328.jpg,4094599,jpg,1747394608000,CAMERA
20250514_210515.jpg,/storage/emulated/0/DCIM/Camera/20250514_210515.jpg,4869505,jpg,1747253116000,CAMERA
20250513_170926.jpg,/storage/emulated/0/DCIM/Camera/20250513_170926.jpg,4679815,jpg,1747152566000,CAMERA
20250513_155144.jpg,/storage/emulated/0/DCIM/Camera/20250513_155144.jpg,3995686,jpg,1747147904000,CAMERA
20250513_155140.jpg,/storage/emulated/0/DCIM/Camera/20250513_155140.jpg,4003315,jpg,1747147900000,CAMERA
20250513_155132.jpg,/storage/emulated/0/DCIM/Camera/20250513_155132.jpg,4051591,jpg,1747147892000,CAMERA
20250513_155127.jpg,/storage/emulated/0/DCIM/Camera/20250513_155127.jpg,3097391,jpg,1747147887000,CAMERA
20250513_155125.jpg,/storage/emulated/0/DCIM/Camera/20250513_155125.jpg,3056069,jpg,1747147885000,CAMERA
20250513_155114.jpg,/storage/emulated/0/DCIM/Camera/20250513_155114.jpg,6567003,jpg,1747147874000,CAMERA
20250510_150250.jpg,/storage/emulated/0/DCIM/Camera/20250510_150250.jpg,5153950,jpg,1746885770000,CAMERA
20250510_150231.jpg,/storage/emulated/0/DCIM/Camera/20250510_150231.jpg,5156366,jpg,1746885752000,CAMERA
20250508_204822.jpg,/storage/emulated/0/DCIM/Camera/20250508_204822.jpg,5616461,jpg,1746733702000,CAMERA
20250506_144434.jpg,/storage/emulated/0/DCIM/Camera/20250506_144434.jpg,6376962,jpg,1746539074000,CAMERA
20250506_144421.jpg,/storage/emulated/0/DCIM/Camera/20250506_144421.jpg,6471826,jpg,1746539062000,CAMERA
20250506_144416.jpg,/storage/emulated/0/DCIM/Camera/20250506_144416.jpg,6366936,jpg,1746539056000,CAMERA
20250504_215328.jpg,/storage/emulated/0/DCIM/Camera/20250504_215328.jpg,5357712,jpg,1746392009000,CAMERA
20250504_215327.jpg,/storage/emulated/0/DCIM/Camera/20250504_215327.jpg,5106688,jpg,1746392008000,CAMERA
20250504_215318.jpg,/storage/emulated/0/DCIM/Camera/20250504_215318.jpg,6111228,jpg,1746391998000,CAMERA
20250504_215031.jpg,/storage/emulated/0/DCIM/Camera/20250504_215031.jpg,4671251,jpg,1746391831000,CAMERA
20250504_215027.jpg,/storage/emulated/0/DCIM/Camera/20250504_215027.jpg,4713475,jpg,1746391828000,CAMERA
20250504_215013.jpg,/storage/emulated/0/DCIM/Camera/20250504_215013.jpg,2210250,jpg,1746391815000,CAMERA
20250504_215008.jpg,/storage/emulated/0/DCIM/Camera/20250504_215008.jpg,2419486,jpg,1746391809000,CAMERA
20250504_214958.jpg,/storage/emulated/0/DCIM/Camera/20250504_214958.jpg,1800551,jpg,1746391800000,CAMERA
20250504_214955.jpg,/storage/emulated/0/DCIM/Camera/20250504_214955.jpg,1956153,jpg,1746391796000,CAMERA
20250504_214951.jpg,/storage/emulated/0/DCIM/Camera/20250504_214951.jpg,1435333,jpg,1746391793000,CAMERA
20250504_214922.jpg,/storage/emulated/0/DCIM/Camera/20250504_214922.jpg,2188148,jpg,1746391764000,CAMERA
20250504_214914.jpg,/storage/emulated/0/DCIM/Camera/20250504_214914.jpg,2069965,jpg,1746391755000,CAMERA
20250504_214835.jpg,/storage/emulated/0/DCIM/Camera/20250504_214835.jpg,2605919,jpg,1746391716000,CAMERA
20250504_214833.jpg,/storage/emulated/0/DCIM/Camera/20250504_214833.jpg,3020388,jpg,1746391714000,CAMERA
20250504_214830.jpg,/storage/emulated/0/DCIM/Camera/20250504_214830.jpg,2718436,jpg,1746391711000,CAMERA
20250504_214829.jpg,/storage/emulated/0/DCIM/Camera/20250504_214829.jpg,2632188,jpg,1746391710000,CAMERA
20250504_214826.jpg,/storage/emulated/0/DCIM/Camera/20250504_214826.jpg,2650033,jpg,1746391707000,CAMERA
20250504_214823.jpg,/storage/emulated/0/DCIM/Camera/20250504_214823.jpg,2474301,jpg,1746391704000,CAMERA
20250504_214816.jpg,/storage/emulated/0/DCIM/Camera/20250504_214816.jpg,1884070,jpg,1746391696000,CAMERA
20250504_214753.jpg,/storage/emulated/0/DCIM/Camera/20250504_214753.jpg,2407940,jpg,1746391675000,CAMERA
20250504_214750.jpg,/storage/emulated/0/DCIM/Camera/20250504_214750.jpg,2807646,jpg,1746391671000,CAMERA
20250504_214747.jpg,/storage/emulated/0/DCIM/Camera/20250504_214747.jpg,2472372,jpg,1746391668000,CAMERA
20250504_214634.jpg,/storage/emulated/0/DCIM/Camera/20250504_214634.jpg,1944800,jpg,1746391594000,CAMERA
20250504_214631.jpg,/storage/emulated/0/DCIM/Camera/20250504_214631.jpg,1925784,jpg,1746391591000,CAMERA
20250504_214629.jpg,/storage/emulated/0/DCIM/Camera/20250504_214629.jpg,1960319,jpg,1746391589000,CAMERA
20250504_214550.jpg,/storage/emulated/0/DCIM/Camera/20250504_214550.jpg,2817641,jpg,1746391551000,CAMERA
20250504_214443.jpg,/storage/emulated/0/DCIM/Camera/20250504_214443.jpg,1402012,jpg,1746391483000,CAMERA
20250504_214433.jpg,/storage/emulated/0/DCIM/Camera/20250504_214433.jpg,1424497,jpg,1746391473000,CAMERA
20250504_214429.jpg,/storage/emulated/0/DCIM/Camera/20250504_214429.jpg,1462177,jpg,1746391469000,CAMERA
20250504_214415.jpg,/storage/emulated/0/DCIM/Camera/20250504_214415.jpg,1121067,jpg,1746391457000,CAMERA
20250504_214407.jpg,/storage/emulated/0/DCIM/Camera/20250504_214407.jpg,2465999,jpg,1746391448000,CAMERA
20250504_214403.jpg,/storage/emulated/0/DCIM/Camera/20250504_214403.jpg,2072962,jpg,1746391445000,CAMERA
20250504_214352.jpg,/storage/emulated/0/DCIM/Camera/20250504_214352.jpg,2330900,jpg,1746391434000,CAMERA
20250504_212426.jpg,/storage/emulated/0/DCIM/Camera/20250504_212426.jpg,1583973,jpg,1746390269000,CAMERA
20250504_211615.mp4,/storage/emulated/0/DCIM/Camera/20250504_211615.mp4,140786917,mp4,1746389841000,CAMERA
20250503_230032.jpg,/storage/emulated/0/DCIM/Camera/20250503_230032.jpg,2380998,jpg,1746309632000,CAMERA
20250503_230014.jpg,/storage/emulated/0/DCIM/Camera/20250503_230014.jpg,2678632,jpg,1746309615000,CAMERA
20250503_230003.jpg,/storage/emulated/0/DCIM/Camera/20250503_230003.jpg,6640760,jpg,1746309604000,CAMERA
20250503_150841.mp4,/storage/emulated/0/DCIM/Camera/20250503_150841.mp4,788842188,mp4,1746281687000,CAMERA
20250502_220353.jpg,/storage/emulated/0/DCIM/Camera/20250502_220353.jpg,4582111,jpg,1746219833000,CAMERA
20250502_220317.jpg,/storage/emulated/0/DCIM/Camera/20250502_220317.jpg,2332189,jpg,1746219798000,CAMERA
20250502_220257.jpg,/storage/emulated/0/DCIM/Camera/20250502_220257.jpg,2710523,jpg,1746219779000,CAMERA
20250502_092457.jpg,/storage/emulated/0/DCIM/Camera/20250502_092457.jpg,2746093,jpg,1746174297000,CAMERA
20250502_092453.jpg,/storage/emulated/0/DCIM/Camera/20250502_092453.jpg,2442324,jpg,1746174293000,CAMERA
20250502_092447.jpg,/storage/emulated/0/DCIM/Camera/20250502_092447.jpg,2568656,jpg,1746174287000,CAMERA
20250502_092440.jpg,/storage/emulated/0/DCIM/Camera/20250502_092440.jpg,2460590,jpg,1746174280000,CAMERA
20250502_092433.jpg,/storage/emulated/0/DCIM/Camera/20250502_092433.jpg,2436098,jpg,1746174273000,CAMERA
20250502_091337.jpg,/storage/emulated/0/DCIM/Camera/20250502_091337.jpg,1546896,jpg,1746173618000,CAMERA
20250502_091336.jpg,/storage/emulated/0/DCIM/Camera/20250502_091336.jpg,1590134,jpg,1746173617000,CAMERA
20250502_091104.jpg,/storage/emulated/0/DCIM/Camera/20250502_091104.jpg,1656222,jpg,1746173465000,CAMERA
20250502_091059.jpg,/storage/emulated/0/DCIM/Camera/20250502_091059.jpg,1529722,jpg,1746173460000,CAMERA
20250502_091054.jpg,/storage/emulated/0/DCIM/Camera/20250502_091054.jpg,2535072,jpg,1746173455000,CAMERA
20250501_224834.jpg,/storage/emulated/0/DCIM/Camera/20250501_224834.jpg,2540472,jpg,1746136117000,CAMERA
20250430_234626.jpg,/storage/emulated/0/DCIM/Camera/20250430_234626.jpg,2432169,jpg,1746053187000,CAMERA
20250430_234602.jpg,/storage/emulated/0/DCIM/Camera/20250430_234602.jpg,3083599,jpg,1746053164000,CAMERA
20250430_130101.jpg,/storage/emulated/0/DCIM/Camera/20250430_130101.jpg,1282794,jpg,1746014462000,CAMERA
20250430_130037.jpg,/storage/emulated/0/DCIM/Camera/20250430_130037.jpg,1325772,jpg,1746014438000,CAMERA
20250430_120037.jpg,/storage/emulated/0/DCIM/Camera/20250430_120037.jpg,2485467,jpg,1746010839000,CAMERA
20250430_120034.jpg,/storage/emulated/0/DCIM/Camera/20250430_120034.jpg,2268625,jpg,1746010836000,CAMERA
20250429_132705.jpg,/storage/emulated/0/DCIM/Camera/20250429_132705.jpg,2345299,jpg,1745929627000,CAMERA
20250429_132655.jpg,/storage/emulated/0/DCIM/Camera/20250429_132655.jpg,2378348,jpg,1745929616000,CAMERA
20250429_132636.jpg,/storage/emulated/0/DCIM/Camera/20250429_132636.jpg,2349380,jpg,1745929598000,CAMERA
20250429_120814.jpg,/storage/emulated/0/DCIM/Camera/20250429_120814.jpg,2399973,jpg,1745924895000,CAMERA
20250429_120809.jpg,/storage/emulated/0/DCIM/Camera/20250429_120809.jpg,2324390,jpg,1745924890000,CAMERA
20250429_120745.jpg,/storage/emulated/0/DCIM/Camera/20250429_120745.jpg,2386514,jpg,1745924866000,CAMERA
20250429_120740.jpg,/storage/emulated/0/DCIM/Camera/20250429_120740.jpg,2374966,jpg,1745924861000,CAMERA
20250429_120738.jpg,/storage/emulated/0/DCIM/Camera/20250429_120738.jpg,2352412,jpg,1745924859000,CAMERA
20250429_120735.jpg,/storage/emulated/0/DCIM/Camera/20250429_120735.jpg,2325538,jpg,1745924856000,CAMERA
20250429_120643.jpg,/storage/emulated/0/DCIM/Camera/20250429_120643.jpg,2277119,jpg,1745924804000,CAMERA
20250429_120638.jpg,/storage/emulated/0/DCIM/Camera/20250429_120638.jpg,2470133,jpg,1745924799000,CAMERA
20250429_120633.jpg,/storage/emulated/0/DCIM/Camera/20250429_120633.jpg,2274240,jpg,1745924794000,CAMERA
20250429_120521.jpg,/storage/emulated/0/DCIM/Camera/20250429_120521.jpg,2198442,jpg,1745924722000,CAMERA
20250429_120517.jpg,/storage/emulated/0/DCIM/Camera/20250429_120517.jpg,2365070,jpg,1745924718000,CAMERA
20250429_120515.jpg,/storage/emulated/0/DCIM/Camera/20250429_120515.jpg,2297469,jpg,1745924716000,CAMERA
20250429_090643.jpg,/storage/emulated/0/DCIM/Camera/20250429_090643.jpg,2195301,jpg,1745914005000,CAMERA
20250429_090641.jpg,/storage/emulated/0/DCIM/Camera/20250429_090641.jpg,2223034,jpg,1745914004000,CAMERA
20250428_205213.jpg,/storage/emulated/0/DCIM/Camera/20250428_205213.jpg,2820565,jpg,1745869933000,CAMERA
20250428_162608.jpg,/storage/emulated/0/DCIM/Camera/20250428_162608.jpg,1355935,jpg,1745853968000,CAMERA
20250428_162602.jpg,/storage/emulated/0/DCIM/Camera/20250428_162602.jpg,1598348,jpg,1745853963000,CAMERA
20250428_161622.jpg,/storage/emulated/0/DCIM/Camera/20250428_161622.jpg,2095237,jpg,1745853382000,CAMERA
20250428_161621.jpg,/storage/emulated/0/DCIM/Camera/20250428_161621.jpg,2085966,jpg,1745853381000,CAMERA
20250426_010247.jpg,/storage/emulated/0/DCIM/Camera/20250426_010247.jpg,2271178,jpg,1745625768000,CAMERA
20250426_010223.jpg,/storage/emulated/0/DCIM/Camera/20250426_010223.jpg,2030920,jpg,1745625745000,CAMERA
20250426_010220.jpg,/storage/emulated/0/DCIM/Camera/20250426_010220.jpg,1588263,jpg,1745625741000,CAMERA
20250426_010216.jpg,/storage/emulated/0/DCIM/Camera/20250426_010216.jpg,2103679,jpg,1745625738000,CAMERA
20250426_010213.jpg,/storage/emulated/0/DCIM/Camera/20250426_010213.jpg,2614553,jpg,1745625736000,CAMERA
20250426_010205.jpg,/storage/emulated/0/DCIM/Camera/20250426_010205.jpg,2684018,jpg,1745625728000,CAMERA
20250422_100052.jpg,/storage/emulated/0/DCIM/Camera/20250422_100052.jpg,2586937,jpg,1745312452000,CAMERA
20250422_100044.jpg,/storage/emulated/0/DCIM/Camera/20250422_100044.jpg,1844910,jpg,1745312446000,CAMERA
20250420_120802.jpg,/storage/emulated/0/DCIM/Camera/20250420_120802.jpg,1287042,jpg,1745147283000,CAMERA
20250420_120746.jpg,/storage/emulated/0/DCIM/Camera/20250420_120746.jpg,1277156,jpg,1745147267000,CAMERA
20250420_120722.jpg,/storage/emulated/0/DCIM/Camera/20250420_120722.jpg,1292432,jpg,1745147243000,CAMERA
20250420_120652.jpg,/storage/emulated/0/DCIM/Camera/20250420_120652.jpg,1182536,jpg,1745147214000,CAMERA
20250420_112624.jpg,/storage/emulated/0/DCIM/Camera/20250420_112624.jpg,2052585,jpg,1745144785000,CAMERA
20250420_112620.jpg,/storage/emulated/0/DCIM/Camera/20250420_112620.jpg,1935169,jpg,1745144780000,CAMERA
20250419_170752.jpg,/storage/emulated/0/DCIM/Camera/20250419_170752.jpg,1842175,jpg,1745078873000,CAMERA
20250419_170744.jpg,/storage/emulated/0/DCIM/Camera/20250419_170744.jpg,2169312,jpg,1745078866000,CAMERA
20250419_170730.jpg,/storage/emulated/0/DCIM/Camera/20250419_170730.jpg,2169495,jpg,1745078852000,CAMERA
20250418_191048.jpg,/storage/emulated/0/DCIM/Camera/20250418_191048.jpg,2369692,jpg,1744999850000,CAMERA
20250418_191039.jpg,/storage/emulated/0/DCIM/Camera/20250418_191039.jpg,2165131,jpg,1744999841000,CAMERA
20250418_191037.jpg,/storage/emulated/0/DCIM/Camera/20250418_191037.jpg,2675737,jpg,1744999840000,CAMERA
20250417_200323.mp4,/storage/emulated/0/DCIM/Camera/20250417_200323.mp4,17619929,mp4,1744916613000,CAMERA
20250417_200203.mp4,/storage/emulated/0/DCIM/Camera/20250417_200203.mp4,56562308,mp4,1744916551000,CAMERA
20250417_133149.jpg,/storage/emulated/0/DCIM/Camera/20250417_133149.jpg,1314843,jpg,1744893110000,CAMERA
20250417_133116.jpg,/storage/emulated/0/DCIM/Camera/20250417_133116.jpg,1353124,jpg,1744893077000,CAMERA
20250417_133110.jpg,/storage/emulated/0/DCIM/Camera/20250417_133110.jpg,1357727,jpg,1744893072000,CAMERA
20250416_232224.jpg,/storage/emulated/0/DCIM/Camera/20250416_232224.jpg,2459061,jpg,1744842145000,CAMERA
20250416_232218.jpg,/storage/emulated/0/DCIM/Camera/20250416_232218.jpg,2910576,jpg,1744842139000,CAMERA
20250416_232213.jpg,/storage/emulated/0/DCIM/Camera/20250416_232213.jpg,2336504,jpg,1744842133000,CAMERA
20250414_201950.jpg,/storage/emulated/0/DCIM/Camera/20250414_201950.jpg,1908233,jpg,1744658393000,CAMERA
20250414_201947.jpg,/storage/emulated/0/DCIM/Camera/20250414_201947.jpg,2299619,jpg,1744658388000,CAMERA
20250414_201931.jpg,/storage/emulated/0/DCIM/Camera/20250414_201931.jpg,2285493,jpg,1744658373000,CAMERA
20250414_201801.jpg,/storage/emulated/0/DCIM/Camera/20250414_201801.jpg,2302059,jpg,1744658281000,CAMERA
20250414_201754.jpg,/storage/emulated/0/DCIM/Camera/20250414_201754.jpg,2292183,jpg,1744658274000,CAMERA
20250414_132753.jpg,/storage/emulated/0/DCIM/Camera/20250414_132753.jpg,3105745,jpg,1744633675000,CAMERA
20250414_132750.jpg,/storage/emulated/0/DCIM/Camera/20250414_132750.jpg,2520640,jpg,1744633672000,CAMERA
20250412_000224.jpg,/storage/emulated/0/DCIM/Camera/20250412_000224.jpg,2010657,jpg,1744412545000,CAMERA
20250410_200654.mp4,/storage/emulated/0/DCIM/Camera/20250410_200654.mp4,33948406,mp4,1744312031000,CAMERA
20250410_200614.jpg,/storage/emulated/0/DCIM/Camera/20250410_200614.jpg,3117871,jpg,1744311976000,CAMERA
20250410_200547.jpg,/storage/emulated/0/DCIM/Camera/20250410_200547.jpg,2539898,jpg,1744311948000,CAMERA
20250410_200539.jpg,/storage/emulated/0/DCIM/Camera/20250410_200539.jpg,2963600,jpg,1744311941000,CAMERA
20250410_200530.jpg,/storage/emulated/0/DCIM/Camera/20250410_200530.jpg,3022799,jpg,1744311933000,CAMERA
20250409_192733.mp4,/storage/emulated/0/DCIM/Camera/20250409_192733.mp4,19028490,mp4,1744223264000,CAMERA
20250409_120515.jpg,/storage/emulated/0/DCIM/Camera/20250409_120515.jpg,1783776,jpg,1744196716000,CAMERA
20250409_120511.jpg,/storage/emulated/0/DCIM/Camera/20250409_120511.jpg,2573448,jpg,1744196713000,CAMERA
20250409_120505.jpg,/storage/emulated/0/DCIM/Camera/20250409_120505.jpg,2388557,jpg,1744196705000,CAMERA
20250409_120457.jpg,/storage/emulated/0/DCIM/Camera/20250409_120457.jpg,2524549,jpg,1744196699000,CAMERA
20250407_234938.jpg,/storage/emulated/0/DCIM/Camera/20250407_234938.jpg,2206809,jpg,1744066181000,CAMERA
20250407_234931.jpg,/storage/emulated/0/DCIM/Camera/20250407_234931.jpg,2497321,jpg,1744066172000,CAMERA
20250407_234400.jpg,/storage/emulated/0/DCIM/Camera/20250407_234400.jpg,2779187,jpg,1744065842000,CAMERA
20250407_234350.jpg,/storage/emulated/0/DCIM/Camera/20250407_234350.jpg,2598300,jpg,1744065831000,CAMERA
20250407_234346.jpg,/storage/emulated/0/DCIM/Camera/20250407_234346.jpg,2745870,jpg,1744065828000,CAMERA
20250407_234332.jpg,/storage/emulated/0/DCIM/Camera/20250407_234332.jpg,2490567,jpg,1744065816000,CAMERA
20250407_164612(0).jpg,/storage/emulated/0/DCIM/Camera/20250407_164612(0).jpg,2501357,jpg,1744040773000,CAMERA
20250407_164612.jpg,/storage/emulated/0/DCIM/Camera/20250407_164612.jpg,2512949,jpg,1744040772000,CAMERA
20250407_164609.jpg,/storage/emulated/0/DCIM/Camera/20250407_164609.jpg,2536234,jpg,1744040769000,CAMERA
20250407_164605.jpg,/storage/emulated/0/DCIM/Camera/20250407_164605.jpg,2498065,jpg,1744040765000,CAMERA
20250406_234409.jpg,/storage/emulated/0/DCIM/Camera/20250406_234409.jpg,2290988,jpg,1743979451000,CAMERA
2025-02-12-221629901 (1).mp4,/storage/emulated/0/DCIM/Camera/2025-02-12-221629901 (1).mp4,27376487,mp4,1743964221000,CAMERA
20250406_115648.mp4,/storage/emulated/0/DCIM/Camera/20250406_115648.mp4,16152597,mp4,1743937017000,CAMERA
20250405_223142.jpg,/storage/emulated/0/DCIM/Camera/20250405_223142.jpg,2237324,jpg,1743898928000,CAMERA
20250405_223159.jpg,/storage/emulated/0/DCIM/Camera/20250405_223159.jpg,2187402,jpg,1743892319000,CAMERA
20250405_223136.jpg,/storage/emulated/0/DCIM/Camera/20250405_223136.jpg,2390546,jpg,1743892296000,CAMERA
20250405_223037.jpg,/storage/emulated/0/DCIM/Camera/20250405_223037.jpg,2096103,jpg,1743892237000,CAMERA
20250402_185959.jpg,/storage/emulated/0/DCIM/Camera/20250402_185959.jpg,2507168,jpg,1743620399000,CAMERA
20250402_185957.jpg,/storage/emulated/0/DCIM/Camera/20250402_185957.jpg,1957880,jpg,1743620397000,CAMERA
20250402_185955.jpg,/storage/emulated/0/DCIM/Camera/20250402_185955.jpg,2108097,jpg,1743620395000,CAMERA
20250402_185953.jpg,/storage/emulated/0/DCIM/Camera/20250402_185953.jpg,2015744,jpg,1743620393000,CAMERA
20250402_185951.jpg,/storage/emulated/0/DCIM/Camera/20250402_185951.jpg,1954642,jpg,1743620392000,CAMERA
20250402_182421(0).jpg,/storage/emulated/0/DCIM/Camera/20250402_182421(0).jpg,1870479,jpg,1743618262000,CAMERA
20250402_182421.jpg,/storage/emulated/0/DCIM/Camera/20250402_182421.jpg,1879466,jpg,1743618261000,CAMERA
20250402_182415.jpg,/storage/emulated/0/DCIM/Camera/20250402_182415.jpg,1885078,jpg,1743618256000,CAMERA
20250402_182347.jpg,/storage/emulated/0/DCIM/Camera/20250402_182347.jpg,1907724,jpg,1743618227000,CAMERA
20250402_182339.jpg,/storage/emulated/0/DCIM/Camera/20250402_182339.jpg,1463099,jpg,1743618220000,CAMERA
20250402_182329.jpg,/storage/emulated/0/DCIM/Camera/20250402_182329.jpg,2005345,jpg,1743618210000,CAMERA
20250402_175900.jpg,/storage/emulated/0/DCIM/Camera/20250402_175900.jpg,2050298,jpg,1743616740000,CAMERA
20250402_175854.jpg,/storage/emulated/0/DCIM/Camera/20250402_175854.jpg,1916579,jpg,1743616734000,CAMERA
20250402_175852.jpg,/storage/emulated/0/DCIM/Camera/20250402_175852.jpg,1978830,jpg,1743616732000,CAMERA
20250402_175846.jpg,/storage/emulated/0/DCIM/Camera/20250402_175846.jpg,2039364,jpg,1743616727000,CAMERA
20250402_175834(0).jpg,/storage/emulated/0/DCIM/Camera/20250402_175834(0).jpg,1998572,jpg,1743616714000,CAMERA
20250402_175834.jpg,/storage/emulated/0/DCIM/Camera/20250402_175834.jpg,1998255,jpg,1743616714000,CAMERA
20250402_175832.jpg,/storage/emulated/0/DCIM/Camera/20250402_175832.jpg,2088642,jpg,1743616712000,CAMERA
20250402_175828.jpg,/storage/emulated/0/DCIM/Camera/20250402_175828.jpg,1997544,jpg,1743616708000,CAMERA
20250402_175825.jpg,/storage/emulated/0/DCIM/Camera/20250402_175825.jpg,2024295,jpg,1743616705000,CAMERA
20250402_175742.jpg,/storage/emulated/0/DCIM/Camera/20250402_175742.jpg,2054446,jpg,1743616662000,CAMERA
20250402_175740.jpg,/storage/emulated/0/DCIM/Camera/20250402_175740.jpg,2268613,jpg,1743616660000,CAMERA
20250402_175719.jpg,/storage/emulated/0/DCIM/Camera/20250402_175719.jpg,2146218,jpg,1743616639000,CAMERA
20250402_175717.jpg,/storage/emulated/0/DCIM/Camera/20250402_175717.jpg,2158373,jpg,1743616637000,CAMERA
20250402_175712.jpg,/storage/emulated/0/DCIM/Camera/20250402_175712.jpg,2140028,jpg,1743616633000,CAMERA
20250401_153243.jpg,/storage/emulated/0/DCIM/Camera/20250401_153243.jpg,2485323,jpg,1743521565000,CAMERA
20250401_153204.jpg,/storage/emulated/0/DCIM/Camera/20250401_153204.jpg,2062776,jpg,1743521526000,CAMERA
20250401_153145.jpg,/storage/emulated/0/DCIM/Camera/20250401_153145.jpg,2219399,jpg,1743521506000,CAMERA
20250401_153143.jpg,/storage/emulated/0/DCIM/Camera/20250401_153143.jpg,2044974,jpg,1743521505000,CAMERA
20250331_194209.jpg,/storage/emulated/0/DCIM/Camera/20250331_194209.jpg,938592,jpg,1743450130000,CAMERA
20250331_194204.jpg,/storage/emulated/0/DCIM/Camera/20250331_194204.jpg,2562288,jpg,1743450125000,CAMERA
20250331_194151.jpg,/storage/emulated/0/DCIM/Camera/20250331_194151.jpg,1145495,jpg,1743450114000,CAMERA
20250331_185101.jpg,/storage/emulated/0/DCIM/Camera/20250331_185101.jpg,1965696,jpg,1743447063000,CAMERA
20250331_185056.jpg,/storage/emulated/0/DCIM/Camera/20250331_185056.jpg,1618321,jpg,1743447056000,CAMERA
20250331_185054.jpg,/storage/emulated/0/DCIM/Camera/20250331_185054.jpg,1717274,jpg,1743447054000,CAMERA
20250331_185051.jpg,/storage/emulated/0/DCIM/Camera/20250331_185051.jpg,2255498,jpg,1743447053000,CAMERA
20250331_185012.jpg,/storage/emulated/0/DCIM/Camera/20250331_185012.jpg,1142334,jpg,1743447013000,CAMERA
20250331_185008.jpg,/storage/emulated/0/DCIM/Camera/20250331_185008.jpg,689032,jpg,1743447011000,CAMERA
20250331_180130.jpg,/storage/emulated/0/DCIM/Camera/20250331_180130.jpg,646566,jpg,1743444092000,CAMERA
20250331_163113.jpg,/storage/emulated/0/DCIM/Camera/20250331_163113.jpg,2212706,jpg,1743438673000,CAMERA
20250331_162639.jpg,/storage/emulated/0/DCIM/Camera/20250331_162639.jpg,2285857,jpg,1743438399000,CAMERA
20250331_162633.jpg,/storage/emulated/0/DCIM/Camera/20250331_162633.jpg,1989921,jpg,1743438395000,CAMERA
20250331_161023.jpg,/storage/emulated/0/DCIM/Camera/20250331_161023.jpg,2411316,jpg,1743437423000,CAMERA
20250331_160759.jpg,/storage/emulated/0/DCIM/Camera/20250331_160759.jpg,1871732,jpg,1743437279000,CAMERA
20250331_160752.jpg,/storage/emulated/0/DCIM/Camera/20250331_160752.jpg,1539536,jpg,1743437273000,CAMERA
20250331_160749.jpg,/storage/emulated/0/DCIM/Camera/20250331_160749.jpg,1513581,jpg,1743437270000,CAMERA
20250331_160744.jpg,/storage/emulated/0/DCIM/Camera/20250331_160744.jpg,2286058,jpg,1743437264000,CAMERA
20250331_160740.jpg,/storage/emulated/0/DCIM/Camera/20250331_160740.jpg,1839102,jpg,1743437260000,CAMERA
20250331_160735.jpg,/storage/emulated/0/DCIM/Camera/20250331_160735.jpg,2422889,jpg,1743437255000,CAMERA
20250331_160734.jpg,/storage/emulated/0/DCIM/Camera/20250331_160734.jpg,2404733,jpg,1743437254000,CAMERA
20250331_160356.jpg,/storage/emulated/0/DCIM/Camera/20250331_160356.jpg,1791675,jpg,1743437038000,CAMERA
20250331_160357.jpg,/storage/emulated/0/DCIM/Camera/20250331_160357.jpg,1862900,jpg,1743437038000,CAMERA
20250331_082248.jpg,/storage/emulated/0/DCIM/Camera/20250331_082248.jpg,2469098,jpg,1743409369000,CAMERA
20250331_082242.jpg,/storage/emulated/0/DCIM/Camera/20250331_082242.jpg,2104249,jpg,1743409363000,CAMERA
20250330_193658.jpg,/storage/emulated/0/DCIM/Camera/20250330_193658.jpg,2175315,jpg,1743363418000,CAMERA
20250330_193657.jpg,/storage/emulated/0/DCIM/Camera/20250330_193657.jpg,1973884,jpg,1743363417000,CAMERA
20250330_193652.jpg,/storage/emulated/0/DCIM/Camera/20250330_193652.jpg,2076587,jpg,1743363412000,CAMERA
20250330_193648.jpg,/storage/emulated/0/DCIM/Camera/20250330_193648.jpg,1856865,jpg,1743363408000,CAMERA
20250330_193629.jpg,/storage/emulated/0/DCIM/Camera/20250330_193629.jpg,1940687,jpg,1743363389000,CAMERA
20250330_193618.jpg,/storage/emulated/0/DCIM/Camera/20250330_193618.jpg,1985075,jpg,1743363378000,CAMERA
20250330_193518.jpg,/storage/emulated/0/DCIM/Camera/20250330_193518.jpg,2093700,jpg,1743363318000,CAMERA
20250330_193515.jpg,/storage/emulated/0/DCIM/Camera/20250330_193515.jpg,1956731,jpg,1743363315000,CAMERA
20250330_193509.jpg,/storage/emulated/0/DCIM/Camera/20250330_193509.jpg,2032600,jpg,1743363309000,CAMERA
20250330_193454.jpg,/storage/emulated/0/DCIM/Camera/20250330_193454.jpg,2023756,jpg,1743363294000,CAMERA
20250330_193448.jpg,/storage/emulated/0/DCIM/Camera/20250330_193448.jpg,2024199,jpg,1743363288000,CAMERA
20250330_193439.jpg,/storage/emulated/0/DCIM/Camera/20250330_193439.jpg,2048849,jpg,1743363279000,CAMERA
20250330_193419.jpg,/storage/emulated/0/DCIM/Camera/20250330_193419.jpg,2683677,jpg,1743363261000,CAMERA
20250330_193413.jpg,/storage/emulated/0/DCIM/Camera/20250330_193413.jpg,2316524,jpg,1743363254000,CAMERA
20250330_193410.jpg,/storage/emulated/0/DCIM/Camera/20250330_193410.jpg,2699538,jpg,1743363251000,CAMERA
20250330_193400.jpg,/storage/emulated/0/DCIM/Camera/20250330_193400.jpg,2535542,jpg,1743363243000,CAMERA
20250330_193115.jpg,/storage/emulated/0/DCIM/Camera/20250330_193115.jpg,2556151,jpg,1743363076000,CAMERA
20250330_193101.jpg,/storage/emulated/0/DCIM/Camera/20250330_193101.jpg,2262907,jpg,1743363061000,CAMERA
20250330_193044.jpg,/storage/emulated/0/DCIM/Camera/20250330_193044.jpg,1985125,jpg,1743363044000,CAMERA
20250330_192906.jpg,/storage/emulated/0/DCIM/Camera/20250330_192906.jpg,1466707,jpg,1743362946000,CAMERA
20250330_192856.jpg,/storage/emulated/0/DCIM/Camera/20250330_192856.jpg,1215451,jpg,1743362940000,CAMERA
20250330_192736.jpg,/storage/emulated/0/DCIM/Camera/20250330_192736.jpg,2753751,jpg,1743362859000,CAMERA
20250330_192731.jpg,/storage/emulated/0/DCIM/Camera/20250330_192731.jpg,1498331,jpg,1743362851000,CAMERA
20250330_192722.jpg,/storage/emulated/0/DCIM/Camera/20250330_192722.jpg,1541177,jpg,1743362842000,CAMERA
20250330_192714.jpg,/storage/emulated/0/DCIM/Camera/20250330_192714.jpg,1373439,jpg,1743362837000,CAMERA
20250330_192621.jpg,/storage/emulated/0/DCIM/Camera/20250330_192621.jpg,2531027,jpg,1743362782000,CAMERA
20250330_192604.jpg,/storage/emulated/0/DCIM/Camera/20250330_192604.jpg,1397911,jpg,1743362764000,CAMERA
20250330_192549.jpg,/storage/emulated/0/DCIM/Camera/20250330_192549.jpg,2037252,jpg,1743362751000,CAMERA
20250330_192545.jpg,/storage/emulated/0/DCIM/Camera/20250330_192545.jpg,2374959,jpg,1743362747000,CAMERA
20250330_190938.jpg,/storage/emulated/0/DCIM/Camera/20250330_190938.jpg,1832765,jpg,1743361778000,CAMERA
20250330_190934.jpg,/storage/emulated/0/DCIM/Camera/20250330_190934.jpg,1864203,jpg,1743361774000,CAMERA
20250330_190921.jpg,/storage/emulated/0/DCIM/Camera/20250330_190921.jpg,1857743,jpg,1743361761000,CAMERA
20250330_190441.jpg,/storage/emulated/0/DCIM/Camera/20250330_190441.jpg,2051051,jpg,1743361481000,CAMERA
20250330_190436.jpg,/storage/emulated/0/DCIM/Camera/20250330_190436.jpg,1916114,jpg,1743361476000,CAMERA
20250330_190434.jpg,/storage/emulated/0/DCIM/Camera/20250330_190434.jpg,1934404,jpg,1743361474000,CAMERA
20250330_190420.jpg,/storage/emulated/0/DCIM/Camera/20250330_190420.jpg,1915778,jpg,1743361460000,CAMERA
20250330_190418.jpg,/storage/emulated/0/DCIM/Camera/20250330_190418.jpg,1886807,jpg,1743361458000,CAMERA
20250330_190345.jpg,/storage/emulated/0/DCIM/Camera/20250330_190345.jpg,2219580,jpg,1743361426000,CAMERA
20250330_190341.jpg,/storage/emulated/0/DCIM/Camera/20250330_190341.jpg,2263451,jpg,1743361422000,CAMERA
20250330_185525.jpg,/storage/emulated/0/DCIM/Camera/20250330_185525.jpg,2988898,jpg,1743360925000,CAMERA
20250330_185421.jpg,/storage/emulated/0/DCIM/Camera/20250330_185421.jpg,2588921,jpg,1743360861000,CAMERA
20250330_185415.jpg,/storage/emulated/0/DCIM/Camera/20250330_185415.jpg,1912190,jpg,1743360855000,CAMERA
20250330_183232.jpg,/storage/emulated/0/DCIM/Camera/20250330_183232.jpg,2034844,jpg,1743359552000,CAMERA
20250330_183229.jpg,/storage/emulated/0/DCIM/Camera/20250330_183229.jpg,1992577,jpg,1743359549000,CAMERA
20250330_183227.jpg,/storage/emulated/0/DCIM/Camera/20250330_183227.jpg,1986934,jpg,1743359547000,CAMERA
20250330_183209.jpg,/storage/emulated/0/DCIM/Camera/20250330_183209.jpg,1886970,jpg,1743359530000,CAMERA
20250330_183207.jpg,/storage/emulated/0/DCIM/Camera/20250330_183207.jpg,1773821,jpg,1743359528000,CAMERA
20250330_181147.jpg,/storage/emulated/0/DCIM/Camera/20250330_181147.jpg,2021848,jpg,1743358307000,CAMERA
20250330_181128.jpg,/storage/emulated/0/DCIM/Camera/20250330_181128.jpg,1613922,jpg,1743358288000,CAMERA
20250330_181059.jpg,/storage/emulated/0/DCIM/Camera/20250330_181059.jpg,1788471,jpg,1743358260000,CAMERA
20250330_181056.jpg,/storage/emulated/0/DCIM/Camera/20250330_181056.jpg,1916049,jpg,1743358256000,CAMERA
20250330_181027.jpg,/storage/emulated/0/DCIM/Camera/20250330_181027.jpg,1570414,jpg,1743358228000,CAMERA
20250330_181020.jpg,/storage/emulated/0/DCIM/Camera/20250330_181020.jpg,1873261,jpg,1743358221000,CAMERA
20250330_181018.jpg,/storage/emulated/0/DCIM/Camera/20250330_181018.jpg,1986616,jpg,1743358220000,CAMERA
20250330_180950.jpg,/storage/emulated/0/DCIM/Camera/20250330_180950.jpg,782048,jpg,1743358190000,CAMERA
20250330_180920.jpg,/storage/emulated/0/DCIM/Camera/20250330_180920.jpg,1300230,jpg,1743358161000,CAMERA
20250330_180908.jpg,/storage/emulated/0/DCIM/Camera/20250330_180908.jpg,1275664,jpg,1743358149000,CAMERA
20250330_180841.jpg,/storage/emulated/0/DCIM/Camera/20250330_180841.jpg,1144964,jpg,1743358122000,CAMERA
20250330_180827.jpg,/storage/emulated/0/DCIM/Camera/20250330_180827.jpg,1147849,jpg,1743358109000,CAMERA
20250330_180817.jpg,/storage/emulated/0/DCIM/Camera/20250330_180817.jpg,5465300,jpg,1743358097000,CAMERA
20250330_180813.jpg,/storage/emulated/0/DCIM/Camera/20250330_180813.jpg,5415045,jpg,1743358093000,CAMERA
20250330_180652.jpg,/storage/emulated/0/DCIM/Camera/20250330_180652.jpg,815114,jpg,1743358012000,CAMERA
20250330_180650.jpg,/storage/emulated/0/DCIM/Camera/20250330_180650.jpg,783607,jpg,1743358010000,CAMERA
20250330_180635.jpg,/storage/emulated/0/DCIM/Camera/20250330_180635.jpg,5687370,jpg,1743357995000,CAMERA
20250330_180626.jpg,/storage/emulated/0/DCIM/Camera/20250330_180626.jpg,772389,jpg,1743357987000,CAMERA
20250330_180624.jpg,/storage/emulated/0/DCIM/Camera/20250330_180624.jpg,1223839,jpg,1743357985000,CAMERA
20250330_180618.jpg,/storage/emulated/0/DCIM/Camera/20250330_180618.jpg,898154,jpg,1743357979000,CAMERA
20250330_171005.jpg,/storage/emulated/0/DCIM/Camera/20250330_171005.jpg,5394107,jpg,1743354605000,CAMERA
20250330_170933.jpg,/storage/emulated/0/DCIM/Camera/20250330_170933.jpg,5592289,jpg,1743354574000,CAMERA
20250330_170931.jpg,/storage/emulated/0/DCIM/Camera/20250330_170931.jpg,5869055,jpg,1743354571000,CAMERA
20250330_165459.jpg,/storage/emulated/0/DCIM/Camera/20250330_165459.jpg,5093007,jpg,1743353699000,CAMERA
20250330_165452.jpg,/storage/emulated/0/DCIM/Camera/20250330_165452.jpg,5129798,jpg,1743353693000,CAMERA
20250330_165449.jpg,/storage/emulated/0/DCIM/Camera/20250330_165449.jpg,4991297,jpg,1743353689000,CAMERA
20250330_165431.jpg,/storage/emulated/0/DCIM/Camera/20250330_165431.jpg,2766235,jpg,1743353671000,CAMERA
20250330_165404.jpg,/storage/emulated/0/DCIM/Camera/20250330_165404.jpg,5387477,jpg,1743353645000,CAMERA
20250330_165328.jpg,/storage/emulated/0/DCIM/Camera/20250330_165328.jpg,5548050,jpg,1743353608000,CAMERA
20250330_165232.jpg,/storage/emulated/0/DCIM/Camera/20250330_165232.jpg,5950025,jpg,1743353553000,CAMERA
20250330_165225.jpg,/storage/emulated/0/DCIM/Camera/20250330_165225.jpg,5582469,jpg,1743353545000,CAMERA
20250330_165222.jpg,/storage/emulated/0/DCIM/Camera/20250330_165222.jpg,6154301,jpg,1743353543000,CAMERA
20250330_164725.jpg,/storage/emulated/0/DCIM/Camera/20250330_164725.jpg,7079027,jpg,1743353245000,CAMERA
20250330_164719.jpg,/storage/emulated/0/DCIM/Camera/20250330_164719.jpg,6700945,jpg,1743353239000,CAMERA
20250330_164716.jpg,/storage/emulated/0/DCIM/Camera/20250330_164716.jpg,7216448,jpg,1743353236000,CAMERA
20250330_164354.jpg,/storage/emulated/0/DCIM/Camera/20250330_164354.jpg,5781291,jpg,1743353034000,CAMERA
20250330_164352.jpg,/storage/emulated/0/DCIM/Camera/20250330_164352.jpg,5784411,jpg,1743353032000,CAMERA
20250330_164340.jpg,/storage/emulated/0/DCIM/Camera/20250330_164340.jpg,1583677,jpg,1743353021000,CAMERA
20250330_164334.jpg,/storage/emulated/0/DCIM/Camera/20250330_164334.jpg,1640763,jpg,1743353014000,CAMERA
20250330_164332.jpg,/storage/emulated/0/DCIM/Camera/20250330_164332.jpg,1768569,jpg,1743353013000,CAMERA
20250330_164248.jpg,/storage/emulated/0/DCIM/Camera/20250330_164248.jpg,2013848,jpg,1743352970000,CAMERA
20250330_164247.jpg,/storage/emulated/0/DCIM/Camera/20250330_164247.jpg,1682664,jpg,1743352969000,CAMERA
20250330_164238.jpg,/storage/emulated/0/DCIM/Camera/20250330_164238.jpg,1618777,jpg,1743352960000,CAMERA
20250330_164204.jpg,/storage/emulated/0/DCIM/Camera/20250330_164204.jpg,4044205,jpg,1743352925000,CAMERA
20250328_221109.jpg,/storage/emulated/0/DCIM/Camera/20250328_221109.jpg,1950177,jpg,1743199870000,CAMERA
20250328_221104.jpg,/storage/emulated/0/DCIM/Camera/20250328_221104.jpg,2065561,jpg,1743199865000,CAMERA
20250328_221052.jpg,/storage/emulated/0/DCIM/Camera/20250328_221052.jpg,1887879,jpg,1743199853000,CAMERA
20250328_215752.mp4,/storage/emulated/0/DCIM/Camera/20250328_215752.mp4,46841609,mp4,1743199095000,CAMERA
20250328_215743.jpg,/storage/emulated/0/DCIM/Camera/20250328_215743.jpg,6559619,jpg,1743199063000,CAMERA
20250328_215741.jpg,/storage/emulated/0/DCIM/Camera/20250328_215741.jpg,6755325,jpg,1743199061000,CAMERA
20250328_215738.jpg,/storage/emulated/0/DCIM/Camera/20250328_215738.jpg,6822578,jpg,1743199058000,CAMERA
20250328_215731.jpg,/storage/emulated/0/DCIM/Camera/20250328_215731.jpg,1970735,jpg,1743199052000,CAMERA
20250328_215726.jpg,/storage/emulated/0/DCIM/Camera/20250328_215726.jpg,2330723,jpg,1743199047000,CAMERA
20250328_215723.jpg,/storage/emulated/0/DCIM/Camera/20250328_215723.jpg,1958247,jpg,1743199045000,CAMERA
20250328_215718.jpg,/storage/emulated/0/DCIM/Camera/20250328_215718.jpg,1939286,jpg,1743199040000,CAMERA
20250328_171350.jpg,/storage/emulated/0/DCIM/Camera/20250328_171350.jpg,2232554,jpg,1743182030000,CAMERA
20250327_142422.jpg,/storage/emulated/0/DCIM/Camera/20250327_142422.jpg,2388246,jpg,1743085462000,CAMERA
20250326_163320.jpg,/storage/emulated/0/DCIM/Camera/20250326_163320.jpg,5447300,jpg,1743006800000,CAMERA
20250326_163317.jpg,/storage/emulated/0/DCIM/Camera/20250326_163317.jpg,9391417,jpg,1743006797000,CAMERA
20250324_000742.jpg,/storage/emulated/0/DCIM/Camera/20250324_000742.jpg,5145926,jpg,1742774862000,CAMERA
20250324_000716.jpg,/storage/emulated/0/DCIM/Camera/20250324_000716.jpg,5097558,jpg,1742774836000,CAMERA
20250324_000707.jpg,/storage/emulated/0/DCIM/Camera/20250324_000707.jpg,5804579,jpg,1742774827000,CAMERA
20250323_174635.jpg,/storage/emulated/0/DCIM/Camera/20250323_174635.jpg,5433203,jpg,1742751996000,CAMERA
20250323_174241.jpg,/storage/emulated/0/DCIM/Camera/20250323_174241.jpg,2050488,jpg,1742751761000,CAMERA
20250323_170007_001.jpg,/storage/emulated/0/DCIM/Camera/20250323_170007_001.jpg,2276307,jpg,1742749207000,CAMERA
20250323_165956_001.jpg,/storage/emulated/0/DCIM/Camera/20250323_165956_001.jpg,2051541,jpg,1742749196000,CAMERA
20250323_165949.jpg,/storage/emulated/0/DCIM/Camera/20250323_165949.jpg,1836574,jpg,1742749189000,CAMERA
20250323_165943.jpg,/storage/emulated/0/DCIM/Camera/20250323_165943.jpg,1750256,jpg,1742749183000,CAMERA
20250323_140431.jpg,/storage/emulated/0/DCIM/Camera/20250323_140431.jpg,2484402,jpg,1742738672000,CAMERA
20250323_140427.jpg,/storage/emulated/0/DCIM/Camera/20250323_140427.jpg,2120507,jpg,1742738668000,CAMERA
20250323_140412.jpg,/storage/emulated/0/DCIM/Camera/20250323_140412.jpg,2443484,jpg,1742738653000,CAMERA
20250323_140407.jpg,/storage/emulated/0/DCIM/Camera/20250323_140407.jpg,2407888,jpg,1742738648000,CAMERA
20250323_140358.mp4,/storage/emulated/0/DCIM/Camera/20250323_140358.mp4,3646958,mp4,1742738641000,CAMERA
20250323_140316.jpg,/storage/emulated/0/DCIM/Camera/20250323_140316.jpg,2316579,jpg,1742738598000,CAMERA
20250322_232004.jpg,/storage/emulated/0/DCIM/Camera/20250322_232004.jpg,1993519,jpg,1742685605000,CAMERA
20250322_231957.jpg,/storage/emulated/0/DCIM/Camera/20250322_231957.jpg,2611852,jpg,1742685597000,CAMERA
20250322_231952.jpg,/storage/emulated/0/DCIM/Camera/20250322_231952.jpg,2458241,jpg,1742685594000,CAMERA
20250321_215313.jpg,/storage/emulated/0/DCIM/Camera/20250321_215313.jpg,2790427,jpg,1742593994000,CAMERA
20250321_215310.jpg,/storage/emulated/0/DCIM/Camera/20250321_215310.jpg,2980666,jpg,1742593991000,CAMERA
20250321_215301.jpg,/storage/emulated/0/DCIM/Camera/20250321_215301.jpg,3448474,jpg,1742593984000,CAMERA
20250321_173239.mp4,/storage/emulated/0/DCIM/Camera/20250321_173239.mp4,214537111,mp4,1742578460000,CAMERA
20250320_231949.jpg,/storage/emulated/0/DCIM/Camera/20250320_231949.jpg,2175289,jpg,1742512791000,CAMERA
20250320_231948.jpg,/storage/emulated/0/DCIM/Camera/20250320_231948.jpg,2144592,jpg,1742512790000,CAMERA
20250320_231843.jpg,/storage/emulated/0/DCIM/Camera/20250320_231843.jpg,2027709,jpg,1742512724000,CAMERA
20250320_231831.jpg,/storage/emulated/0/DCIM/Camera/20250320_231831.jpg,1960461,jpg,1742512715000,CAMERA
20250320_230118.jpg,/storage/emulated/0/DCIM/Camera/20250320_230118.jpg,1972820,jpg,1742511679000,CAMERA
20250320_230109.jpg,/storage/emulated/0/DCIM/Camera/20250320_230109.jpg,1969612,jpg,1742511671000,CAMERA
20250320_225021.jpg,/storage/emulated/0/DCIM/Camera/20250320_225021.jpg,2324425,jpg,1742511021000,CAMERA
20250320_215108.jpg,/storage/emulated/0/DCIM/Camera/20250320_215108.jpg,1837586,jpg,1742507469000,CAMERA
20250320_215051.jpg,/storage/emulated/0/DCIM/Camera/20250320_215051.jpg,2672019,jpg,1742507453000,CAMERA
20250319_010359.jpg,/storage/emulated/0/DCIM/Camera/20250319_010359.jpg,2297864,jpg,1742346241000,CAMERA
20250319_005212.jpg,/storage/emulated/0/DCIM/Camera/20250319_005212.jpg,2302019,jpg,1742345533000,CAMERA
20250319_005209.jpg,/storage/emulated/0/DCIM/Camera/20250319_005209.jpg,2210030,jpg,1742345531000,CAMERA
20250319_003602.jpg,/storage/emulated/0/DCIM/Camera/20250319_003602.jpg,5714681,jpg,1742344562000,CAMERA
20250319_000858.jpg,/storage/emulated/0/DCIM/Camera/20250319_000858.jpg,2394254,jpg,1742342940000,CAMERA
20250319_000847.jpg,/storage/emulated/0/DCIM/Camera/20250319_000847.jpg,2427232,jpg,1742342928000,CAMERA
20250318_222050.jpg,/storage/emulated/0/DCIM/Camera/20250318_222050.jpg,1357211,jpg,1742336451000,CAMERA
20250318_175700.jpg,/storage/emulated/0/DCIM/Camera/20250318_175700.jpg,2390930,jpg,1742320624000,CAMERA
20250318_151450.mp4,/storage/emulated/0/DCIM/Camera/20250318_151450.mp4,123867405,mp4,1742310948000,CAMERA
20250317_234653.jpg,/storage/emulated/0/DCIM/Camera/20250317_234653.jpg,1492910,jpg,1742255216000,CAMERA
20250317_234648.jpg,/storage/emulated/0/DCIM/Camera/20250317_234648.jpg,2146996,jpg,1742255211000,CAMERA
20250317_224317.jpg,/storage/emulated/0/DCIM/Camera/20250317_224317.jpg,1918157,jpg,1742251398000,CAMERA
20250317_224313.jpg,/storage/emulated/0/DCIM/Camera/20250317_224313.jpg,1943877,jpg,1742251395000,CAMERA
20250317_224258.jpg,/storage/emulated/0/DCIM/Camera/20250317_224258.jpg,1865508,jpg,1742251379000,CAMERA
20250317_224255.jpg,/storage/emulated/0/DCIM/Camera/20250317_224255.jpg,2125291,jpg,1742251376000,CAMERA
20250317_224241.jpg,/storage/emulated/0/DCIM/Camera/20250317_224241.jpg,1810064,jpg,1742251361000,CAMERA
20250317_224241(0).jpg,/storage/emulated/0/DCIM/Camera/20250317_224241(0).jpg,1820625,jpg,1742251361000,CAMERA
20250317_224240(0).jpg,/storage/emulated/0/DCIM/Camera/20250317_224240(0).jpg,1821381,jpg,1742251360000,CAMERA
20250317_224240.jpg,/storage/emulated/0/DCIM/Camera/20250317_224240.jpg,1834878,jpg,1742251360000,CAMERA
20250317_224237.jpg,/storage/emulated/0/DCIM/Camera/20250317_224237.jpg,2229222,jpg,1742251358000,CAMERA
20250317_215511.jpg,/storage/emulated/0/DCIM/Camera/20250317_215511.jpg,5032107,jpg,1742248511000,CAMERA
20250317_215506.jpg,/storage/emulated/0/DCIM/Camera/20250317_215506.jpg,4759171,jpg,1742248507000,CAMERA
20250317_022322.mp4,/storage/emulated/0/DCIM/Camera/20250317_022322.mp4,30608834,mp4,1742178217000,CAMERA
20250317_022057.jpg,/storage/emulated/0/DCIM/Camera/20250317_022057.jpg,8480983,jpg,1742178057000,CAMERA
20250317_022035.jpg,/storage/emulated/0/DCIM/Camera/20250317_022035.jpg,7322514,jpg,1742178035000,CAMERA
20250317_022027.jpg,/storage/emulated/0/DCIM/Camera/20250317_022027.jpg,8313064,jpg,1742178027000,CAMERA
20250317_020253.jpg,/storage/emulated/0/DCIM/Camera/20250317_020253.jpg,9593021,jpg,1742176973000,CAMERA
20250317_020248.jpg,/storage/emulated/0/DCIM/Camera/20250317_020248.jpg,8022247,jpg,1742176968000,CAMERA
20250317_020246.jpg,/storage/emulated/0/DCIM/Camera/20250317_020246.jpg,9108994,jpg,1742176966000,CAMERA
20250316_011207.mp4,/storage/emulated/0/DCIM/Camera/20250316_011207.mp4,22754834,mp4,1742087539000,CAMERA
20250316_011141.mp4,/storage/emulated/0/DCIM/Camera/20250316_011141.mp4,35257442,mp4,1742087519000,CAMERA
20250316_011027.jpg,/storage/emulated/0/DCIM/Camera/20250316_011027.jpg,7002908,jpg,1742087428000,CAMERA
20250316_011024.jpg,/storage/emulated/0/DCIM/Camera/20250316_011024.jpg,6734942,jpg,1742087425000,CAMERA
20250316_011012.mp4,/storage/emulated/0/DCIM/Camera/20250316_011012.mp4,4954579,mp4,1742087415000,CAMERA
20250316_011004.jpg,/storage/emulated/0/DCIM/Camera/20250316_011004.jpg,6900697,jpg,1742087404000,CAMERA
20250316_011000.jpg,/storage/emulated/0/DCIM/Camera/20250316_011000.jpg,6631687,jpg,1742087401000,CAMERA
20250316_010810.jpg,/storage/emulated/0/DCIM/Camera/20250316_010810.jpg,7015264,jpg,1742087291000,CAMERA
20250316_010800.jpg,/storage/emulated/0/DCIM/Camera/20250316_010800.jpg,6763512,jpg,1742087281000,CAMERA
20250316_010750.jpg,/storage/emulated/0/DCIM/Camera/20250316_010750.jpg,5946365,jpg,1742087270000,CAMERA
20250316_010745.jpg,/storage/emulated/0/DCIM/Camera/20250316_010745.jpg,5777415,jpg,1742087265000,CAMERA
20250316_010736.jpg,/storage/emulated/0/DCIM/Camera/20250316_010736.jpg,6015699,jpg,1742087256000,CAMERA
20250316_010731.jpg,/storage/emulated/0/DCIM/Camera/20250316_010731.jpg,5248208,jpg,1742087251000,CAMERA
20250316_005532.jpg,/storage/emulated/0/DCIM/Camera/20250316_005532.jpg,10256262,jpg,1742086532000,CAMERA
20250315_231219.jpg,/storage/emulated/0/DCIM/Camera/20250315_231219.jpg,7049204,jpg,1742080339000,CAMERA
20250315_222447.jpg,/storage/emulated/0/DCIM/Camera/20250315_222447.jpg,6138604,jpg,1742077487000,CAMERA
20250314_221253.jpg,/storage/emulated/0/DCIM/Camera/20250314_221253.jpg,4839220,jpg,1741990373000,CAMERA
20250314_221233.jpg,/storage/emulated/0/DCIM/Camera/20250314_221233.jpg,3124617,jpg,1741990353000,CAMERA
20250314_161209.jpg,/storage/emulated/0/DCIM/Camera/20250314_161209.jpg,2625272,jpg,1741968729000,CAMERA
20250314_161143.jpg,/storage/emulated/0/DCIM/Camera/20250314_161143.jpg,2979350,jpg,1741968703000,CAMERA
20250314_004158.jpg,/storage/emulated/0/DCIM/Camera/20250314_004158.jpg,3014394,jpg,1741912918000,CAMERA
20250314_004135.jpg,/storage/emulated/0/DCIM/Camera/20250314_004135.jpg,3165501,jpg,1741912895000,CAMERA
20250314_000545.jpg,/storage/emulated/0/DCIM/Camera/20250314_000545.jpg,3539757,jpg,1741910748000,CAMERA
20250313_233724.jpg,/storage/emulated/0/DCIM/Camera/20250313_233724.jpg,4875873,jpg,1741909045000,CAMERA
20250313_233045.jpg,/storage/emulated/0/DCIM/Camera/20250313_233045.jpg,4441189,jpg,1741908646000,CAMERA
20250313_233038.jpg,/storage/emulated/0/DCIM/Camera/20250313_233038.jpg,3768682,jpg,1741908639000,CAMERA
20250313_233032.jpg,/storage/emulated/0/DCIM/Camera/20250313_233032.jpg,7915631,jpg,1741908632000,CAMERA
20250313_231617.mp4,/storage/emulated/0/DCIM/Camera/20250313_231617.mp4,22547238,mp4,1741907788000,CAMERA
20250313_193543.jpg,/storage/emulated/0/DCIM/Camera/20250313_193543.jpg,7355246,jpg,1741894543000,CAMERA
20250313_193526.jpg,/storage/emulated/0/DCIM/Camera/20250313_193526.jpg,6371403,jpg,1741894526000,CAMERA
20250313_193349.jpg,/storage/emulated/0/DCIM/Camera/20250313_193349.jpg,6354996,jpg,1741894429000,CAMERA
20250313_193335.jpg,/storage/emulated/0/DCIM/Camera/20250313_193335.jpg,5825549,jpg,1741894415000,CAMERA
20250313_011816.jpg,/storage/emulated/0/DCIM/Camera/20250313_011816.jpg,570737,jpg,1741888011000,CAMERA
20250313_011847.jpg,/storage/emulated/0/DCIM/Camera/20250313_011847.jpg,3240554,jpg,1741830094000,CAMERA
20250312_231705.jpg,/storage/emulated/0/DCIM/Camera/20250312_231705.jpg,2140596,jpg,1741821427000,CAMERA
20250312_231652.jpg,/storage/emulated/0/DCIM/Camera/20250312_231652.jpg,1867169,jpg,1741821414000,CAMERA
20250312_231510.jpg,/storage/emulated/0/DCIM/Camera/20250312_231510.jpg,1255052,jpg,1741821310000,CAMERA
20250312_231439.jpg,/storage/emulated/0/DCIM/Camera/20250312_231439.jpg,1912415,jpg,1741821281000,CAMERA
20250312_095032.jpg,/storage/emulated/0/DCIM/Camera/20250312_095032.jpg,6080907,jpg,1741773032000,CAMERA
20250312_095014.jpg,/storage/emulated/0/DCIM/Camera/20250312_095014.jpg,6526459,jpg,1741773015000,CAMERA
20250311_223548.jpg,/storage/emulated/0/DCIM/Camera/20250311_223548.jpg,6659301,jpg,1741732548000,CAMERA
20250311_223519.jpg,/storage/emulated/0/DCIM/Camera/20250311_223519.jpg,6494381,jpg,1741732519000,CAMERA
20250311_223502.jpg,/storage/emulated/0/DCIM/Camera/20250311_223502.jpg,6500936,jpg,1741732502000,CAMERA
20250311_223448.jpg,/storage/emulated/0/DCIM/Camera/20250311_223448.jpg,5727963,jpg,1741732488000,CAMERA
20250311_223358.jpg,/storage/emulated/0/DCIM/Camera/20250311_223358.jpg,4520606,jpg,1741732439000,CAMERA
20250311_140626.jpg,/storage/emulated/0/DCIM/Camera/20250311_140626.jpg,2254738,jpg,1741701986000,CAMERA
20250311_140624.jpg,/storage/emulated/0/DCIM/Camera/20250311_140624.jpg,2275088,jpg,1741701985000,CAMERA
20250311_122606.jpg,/storage/emulated/0/DCIM/Camera/20250311_122606.jpg,1796478,jpg,1741695968000,CAMERA
20250311_122558.jpg,/storage/emulated/0/DCIM/Camera/20250311_122558.jpg,4523087,jpg,1741695958000,CAMERA
20250310_172513.jpg,/storage/emulated/0/DCIM/Camera/20250310_172513.jpg,9017774,jpg,1741627513000,CAMERA
20250310_172449.jpg,/storage/emulated/0/DCIM/Camera/20250310_172449.jpg,11033336,jpg,1741627489000,CAMERA
20250310_172430.jpg,/storage/emulated/0/DCIM/Camera/20250310_172430.jpg,10148404,jpg,1741627471000,CAMERA
20250310_133452.jpg,/storage/emulated/0/DCIM/Camera/20250310_133452.jpg,6143773,jpg,1741614098000,CAMERA
20250310_130106.jpg,/storage/emulated/0/DCIM/Camera/20250310_130106.jpg,5698709,jpg,1741611666000,CAMERA
20250310_130032.jpg,/storage/emulated/0/DCIM/Camera/20250310_130032.jpg,2722521,jpg,1741611634000,CAMERA
20250310_005309.jpg,/storage/emulated/0/DCIM/Camera/20250310_005309.jpg,2356263,jpg,1741567990000,CAMERA
20250310_005222.jpg,/storage/emulated/0/DCIM/Camera/20250310_005222.jpg,2356841,jpg,1741567944000,CAMERA
20250310_003702.jpg,/storage/emulated/0/DCIM/Camera/20250310_003702.jpg,2312568,jpg,1741567024000,CAMERA
20250308_101528.mp4,/storage/emulated/0/DCIM/Camera/20250308_101528.mp4,12556579,mp4,1741428935000,CAMERA
20250308_101503.jpg,/storage/emulated/0/DCIM/Camera/20250308_101503.jpg,6142573,jpg,1741428903000,CAMERA
20250308_101459.jpg,/storage/emulated/0/DCIM/Camera/20250308_101459.jpg,4192872,jpg,1741428899000,CAMERA
20250306_000917.jpg,/storage/emulated/0/DCIM/Camera/20250306_000917.jpg,5801802,jpg,1741219757000,CAMERA
20250306_000907.jpg,/storage/emulated/0/DCIM/Camera/20250306_000907.jpg,3802447,jpg,1741219748000,CAMERA
20250306_000903.jpg,/storage/emulated/0/DCIM/Camera/20250306_000903.jpg,4003116,jpg,1741219743000,CAMERA
20250303_221144.jpg,/storage/emulated/0/DCIM/Camera/20250303_221144.jpg,5165401,jpg,1741039904000,CAMERA
20250303_221042.heic,/storage/emulated/0/DCIM/Camera/20250303_221042.heic,2099930,heic,1741039842000,CAMERA
20250302_220151.heic,/storage/emulated/0/DCIM/Camera/20250302_220151.heic,1984183,heic,1740952911000,CAMERA
20250302_220124.heic,/storage/emulated/0/DCIM/Camera/20250302_220124.heic,2104016,heic,1740952885000,CAMERA
20250302_215851.heic,/storage/emulated/0/DCIM/Camera/20250302_215851.heic,1566688,heic,1740952733000,CAMERA
20250302_215756.heic,/storage/emulated/0/DCIM/Camera/20250302_215756.heic,2012969,heic,1740952676000,CAMERA
20250302_215746.heic,/storage/emulated/0/DCIM/Camera/20250302_215746.heic,1777287,heic,1740952666000,CAMERA
20250302_215719.heic,/storage/emulated/0/DCIM/Camera/20250302_215719.heic,1705910,heic,1740952639000,CAMERA
20250301_224941.mp4,/storage/emulated/0/DCIM/Camera/20250301_224941.mp4,55601894,mp4,1740869408000,CAMERA
20250301_123957.heic,/storage/emulated/0/DCIM/Camera/20250301_123957.heic,1387845,heic,1740832797000,CAMERA
20250301_123946.heic,/storage/emulated/0/DCIM/Camera/20250301_123946.heic,860468,heic,1740832786000,CAMERA
20250301_123939.heic,/storage/emulated/0/DCIM/Camera/20250301_123939.heic,1729935,heic,1740832779000,CAMERA
20250301_123931.heic,/storage/emulated/0/DCIM/Camera/20250301_123931.heic,789001,heic,1740832772000,CAMERA
20250301_123928.heic,/storage/emulated/0/DCIM/Camera/20250301_123928.heic,1260008,heic,1740832768000,CAMERA
20250228_202029.heic,/storage/emulated/0/DCIM/Camera/20250228_202029.heic,2929797,heic,1740774030000,CAMERA
20250228_200032.heic,/storage/emulated/0/DCIM/Camera/20250228_200032.heic,2370799,heic,1740772832000,CAMERA
20250228_143603.mp4,/storage/emulated/0/DCIM/Camera/20250228_143603.mp4,7685765,mp4,1740753368000,CAMERA
20250228_143556.heic,/storage/emulated/0/DCIM/Camera/20250228_143556.heic,1510292,heic,1740753357000,CAMERA
20250227_204457.heic,/storage/emulated/0/DCIM/Camera/20250227_204457.heic,1351077,heic,1740689099000,CAMERA
20250227_191715.heic,/storage/emulated/0/DCIM/Camera/20250227_191715.heic,2699728,heic,1740683835000,CAMERA
20250227_191706.heic,/storage/emulated/0/DCIM/Camera/20250227_191706.heic,3706816,heic,1740683826000,CAMERA
20250227_191648.heic,/storage/emulated/0/DCIM/Camera/20250227_191648.heic,2712836,heic,1740683808000,CAMERA
20250227_191638.heic,/storage/emulated/0/DCIM/Camera/20250227_191638.heic,3630444,heic,1740683798000,CAMERA
20250227_191628.heic,/storage/emulated/0/DCIM/Camera/20250227_191628.heic,2677965,heic,1740683788000,CAMERA
20250227_191610.heic,/storage/emulated/0/DCIM/Camera/20250227_191610.heic,2862754,heic,1740683770000,CAMERA
20250227_191544.heic,/storage/emulated/0/DCIM/Camera/20250227_191544.heic,2762708,heic,1740683745000,CAMERA
20250227_191532.heic,/storage/emulated/0/DCIM/Camera/20250227_191532.heic,2521070,heic,1740683733000,CAMERA
20250227_125341.heic,/storage/emulated/0/DCIM/Camera/20250227_125341.heic,2364326,heic,1740660822000,CAMERA
20250227_092302.heic,/storage/emulated/0/DCIM/Camera/20250227_092302.heic,1940114,heic,1740648182000,CAMERA
20250225_193009.heic,/storage/emulated/0/DCIM/Camera/20250225_193009.heic,894436,heic,1740511809000,CAMERA
20250225_192956.heic,/storage/emulated/0/DCIM/Camera/20250225_192956.heic,803669,heic,1740511798000,CAMERA
20250225_192939.heic,/storage/emulated/0/DCIM/Camera/20250225_192939.heic,1150652,heic,1740511781000,CAMERA
20250225_164040.heic,/storage/emulated/0/DCIM/Camera/20250225_164040.heic,962762,heic,1740501640000,CAMERA
20250225_164038.heic,/storage/emulated/0/DCIM/Camera/20250225_164038.heic,1009356,heic,1740501638000,CAMERA
20250225_164032.heic,/storage/emulated/0/DCIM/Camera/20250225_164032.heic,2146922,heic,1740501632000,CAMERA
20250225_164025.heic,/storage/emulated/0/DCIM/Camera/20250225_164025.heic,2283139,heic,1740501626000,CAMERA
20250224_210105.mp4,/storage/emulated/0/DCIM/Camera/20250224_210105.mp4,92848408,mp4,1740430910000,CAMERA
20250223_203202.jpg,/storage/emulated/0/DCIM/Camera/20250223_203202.jpg,8803481,jpg,1740342747000,CAMERA
20250223_121833.heic,/storage/emulated/0/DCIM/Camera/20250223_121833.heic,790691,heic,1740313113000,CAMERA
20250223_121829.heic,/storage/emulated/0/DCIM/Camera/20250223_121829.heic,1433879,heic,1740313109000,CAMERA
20250223_121329.heic,/storage/emulated/0/DCIM/Camera/20250223_121329.heic,1068534,heic,1740312809000,CAMERA
20250223_121321.heic,/storage/emulated/0/DCIM/Camera/20250223_121321.heic,835963,heic,1740312801000,CAMERA
20250223_113747.heic,/storage/emulated/0/DCIM/Camera/20250223_113747.heic,1872673,heic,1740310667000,CAMERA
20250223_113745.heic,/storage/emulated/0/DCIM/Camera/20250223_113745.heic,1476222,heic,1740310665000,CAMERA
20250222_215223.heic,/storage/emulated/0/DCIM/Camera/20250222_215223.heic,1136512,heic,1740257544000,CAMERA
20250222_214118.heic,/storage/emulated/0/DCIM/Camera/20250222_214118.heic,738183,heic,1740256878000,CAMERA
20250222_214115.heic,/storage/emulated/0/DCIM/Camera/20250222_214115.heic,733753,heic,1740256876000,CAMERA
20250221_222947.heic,/storage/emulated/0/DCIM/Camera/20250221_222947.heic,1220168,heic,1740173388000,CAMERA
20250221_222921.heic,/storage/emulated/0/DCIM/Camera/20250221_222921.heic,1258221,heic,1740173362000,CAMERA
20250221_222851.heic,/storage/emulated/0/DCIM/Camera/20250221_222851.heic,1267055,heic,1740173333000,CAMERA
20250221_154559.heic,/storage/emulated/0/DCIM/Camera/20250221_154559.heic,1333070,heic,1740149159000,CAMERA
20250221_154555.heic,/storage/emulated/0/DCIM/Camera/20250221_154555.heic,1242388,heic,1740149155000,CAMERA
20250221_154552.heic,/storage/emulated/0/DCIM/Camera/20250221_154552.heic,1240077,heic,1740149152000,CAMERA
20250221_132026.mp4,/storage/emulated/0/DCIM/Camera/20250221_132026.mp4,35547101,mp4,1740140444000,CAMERA
20250220_154637.mp4,/storage/emulated/0/DCIM/Camera/20250220_154637.mp4,224989475,mp4,1740062903000,CAMERA
20250219_233651.heic,/storage/emulated/0/DCIM/Camera/20250219_233651.heic,2021819,heic,1740004613000,CAMERA
20250219_231925.heic,/storage/emulated/0/DCIM/Camera/20250219_231925.heic,6584979,heic,1740003565000,CAMERA
20250218_164952.heic,/storage/emulated/0/DCIM/Camera/20250218_164952.heic,4251215,heic,1739893792000,CAMERA
20250218_164947.heic,/storage/emulated/0/DCIM/Camera/20250218_164947.heic,4651366,heic,1739893787000,CAMERA
20250218_164902.mp4,/storage/emulated/0/DCIM/Camera/20250218_164902.mp4,68809945,mp4,1739893776000,CAMERA
20250217_224710.heic,/storage/emulated/0/DCIM/Camera/20250217_224710.heic,1731864,heic,1739828830000,CAMERA
20250217_224647.heic,/storage/emulated/0/DCIM/Camera/20250217_224647.heic,1461455,heic,1739828807000,CAMERA
20250213_220701.heic,/storage/emulated/0/DCIM/Camera/20250213_220701.heic,1699905,heic,1739480821000,CAMERA
20250213_220645.heic,/storage/emulated/0/DCIM/Camera/20250213_220645.heic,1849735,heic,1739480805000,CAMERA
20250213_220632.heic,/storage/emulated/0/DCIM/Camera/20250213_220632.heic,1780524,heic,1739480792000,CAMERA
20250213_153624.heic,/storage/emulated/0/DCIM/Camera/20250213_153624.heic,5848095,heic,1739457384000,CAMERA
20250213_144324.heic,/storage/emulated/0/DCIM/Camera/20250213_144324.heic,5143006,heic,1739454204000,CAMERA
20250212_224236.heic,/storage/emulated/0/DCIM/Camera/20250212_224236.heic,2258912,heic,1739396556000,CAMERA
20250212_224231.heic,/storage/emulated/0/DCIM/Camera/20250212_224231.heic,3083676,heic,1739396551000,CAMERA
20250212_224225.heic,/storage/emulated/0/DCIM/Camera/20250212_224225.heic,2593040,heic,1739396545000,CAMERA
2025-02-12-221629901.mp4,/storage/emulated/0/DCIM/Camera/2025-02-12-221629901.mp4,13607928,mp4,1739395033000,CAMERA
d31d4d672334832ec9af6caef57b421c_0.jpeg,/storage/emulated/0/DCIM/Camera/d31d4d672334832ec9af6caef57b421c_0.jpeg,33838,jpeg,1739364294000,CAMERA
20250211_155933.heic,/storage/emulated/0/DCIM/Camera/20250211_155933.heic,1261503,heic,1739285973000,CAMERA
20250211_155929.heic,/storage/emulated/0/DCIM/Camera/20250211_155929.heic,1736089,heic,1739285969000,CAMERA
20250211_155926.heic,/storage/emulated/0/DCIM/Camera/20250211_155926.heic,1636223,heic,1739285966000,CAMERA
20250211_155921.heic,/storage/emulated/0/DCIM/Camera/20250211_155921.heic,1624787,heic,1739285962000,CAMERA
20250211_155917.heic,/storage/emulated/0/DCIM/Camera/20250211_155917.heic,1207777,heic,1739285957000,CAMERA
20250211_155913.heic,/storage/emulated/0/DCIM/Camera/20250211_155913.heic,1633990,heic,1739285953000,CAMERA
2025-02-04-170829259.mp4,/storage/emulated/0/DCIM/Camera/2025-02-04-170829259.mp4,14154091,mp4,1738685545000,CAMERA
20250202_144505.heic,/storage/emulated/0/DCIM/Camera/20250202_144505.heic,2712318,heic,1738503905000,CAMERA
20250202_144453.heic,/storage/emulated/0/DCIM/Camera/20250202_144453.heic,1729446,heic,1738503894000,CAMERA
20250202_144058.heic,/storage/emulated/0/DCIM/Camera/20250202_144058.heic,2158390,heic,1738503658000,CAMERA
20250202_144031.heic,/storage/emulated/0/DCIM/Camera/20250202_144031.heic,2690283,heic,1738503631000,CAMERA
20250202_143908.heic,/storage/emulated/0/DCIM/Camera/20250202_143908.heic,3271583,heic,1738503548000,CAMERA
20250202_143832.heic,/storage/emulated/0/DCIM/Camera/20250202_143832.heic,2323968,heic,1738503513000,CAMERA
e9d514a34296f68985390d11381d01a4_0.jpeg,/storage/emulated/0/DCIM/Camera/e9d514a34296f68985390d11381d01a4_0.jpeg,40648,jpeg,1738456705000,CAMERA
20250201_193202.heic,/storage/emulated/0/DCIM/Camera/20250201_193202.heic,921859,heic,1738434723000,CAMERA
20250201_192940.heic,/storage/emulated/0/DCIM/Camera/20250201_192940.heic,1496007,heic,1738434580000,CAMERA
20250201_175003.heic,/storage/emulated/0/DCIM/Camera/20250201_175003.heic,1919237,heic,1738428603000,CAMERA
20250201_155137.heic,/storage/emulated/0/DCIM/Camera/20250201_155137.heic,1787481,heic,1738421497000,CAMERA
20250201_155133.heic,/storage/emulated/0/DCIM/Camera/20250201_155133.heic,1930112,heic,1738421493000,CAMERA
20250201_155130.heic,/storage/emulated/0/DCIM/Camera/20250201_155130.heic,1350919,heic,1738421492000,CAMERA
20250201_155121.heic,/storage/emulated/0/DCIM/Camera/20250201_155121.heic,1560351,heic,1738421482000,CAMERA
20250201_155058.heic,/storage/emulated/0/DCIM/Camera/20250201_155058.heic,1923104,heic,1738421458000,CAMERA
20250201_155054.heic,/storage/emulated/0/DCIM/Camera/20250201_155054.heic,2094433,heic,1738421454000,CAMERA
20250201_114533.heic,/storage/emulated/0/DCIM/Camera/20250201_114533.heic,3070720,heic,1738406734000,CAMERA
2025-01-31-182630278.mp4,/storage/emulated/0/DCIM/Camera/2025-01-31-182630278.mp4,6765243,mp4,1738344507000,CAMERA
20250131_182433.heic,/storage/emulated/0/DCIM/Camera/20250131_182433.heic,993301,heic,1738344273000,CAMERA
20250131_173445.heic,/storage/emulated/0/DCIM/Camera/20250131_173445.heic,2114531,heic,1738341285000,CAMERA
20250131_173434.heic,/storage/emulated/0/DCIM/Camera/20250131_173434.heic,1927690,heic,1738341274000,CAMERA
20250131_170558.mp4,/storage/emulated/0/DCIM/Camera/20250131_170558.mp4,18496416,mp4,1738339568000,CAMERA
20250131_170507.heic,/storage/emulated/0/DCIM/Camera/20250131_170507.heic,1090459,heic,1738339509000,CAMERA
20250131_160927.heic,/storage/emulated/0/DCIM/Camera/20250131_160927.heic,1076856,heic,1738336168000,CAMERA
IMG_20250131_131703.jpg,/storage/emulated/0/DCIM/Camera/IMG_20250131_131703.jpg,730759,jpg,1738325823000,CAMERA
IMG_20250131_131515.jpg,/storage/emulated/0/DCIM/Camera/IMG_20250131_131515.jpg,1152273,jpg,1738325715000,CAMERA
20250131_115330.heic,/storage/emulated/0/DCIM/Camera/20250131_115330.heic,1671003,heic,1738320810000,CAMERA
PXL_20250131_001328999.mp4,/storage/emulated/0/DCIM/Camera/PXL_20250131_001328999.mp4,122945,mp4,1738278810000,CAMERA
IMG_2025-01-30-23-56-11-163.jpg,/storage/emulated/0/DCIM/Camera/IMG_2025-01-30-23-56-11-163.jpg,4381461,jpg,1738277772000,CAMERA
PXL_20250130_233149936.mp4,/storage/emulated/0/DCIM/Camera/PXL_20250130_233149936.mp4,10256593,mp4,1738276319000,CAMERA
20250130_232408.mp4,/storage/emulated/0/DCIM/Camera/20250130_232408.mp4,20238594,mp4,1738275858000,CAMERA
20250130_231932.mp4,/storage/emulated/0/DCIM/Camera/20250130_231932.mp4,28650085,mp4,1738275586000,CAMERA
20250129_133434.heic,/storage/emulated/0/DCIM/Camera/20250129_133434.heic,579432,heic,1738154074000,CAMERA
20250129_133432.heic,/storage/emulated/0/DCIM/Camera/20250129_133432.heic,739135,heic,1738154072000,CAMERA
20250129_133425.heic,/storage/emulated/0/DCIM/Camera/20250129_133425.heic,1619872,heic,1738154067000,CAMERA
20250129_133413.heic,/storage/emulated/0/DCIM/Camera/20250129_133413.heic,2540002,heic,1738154055000,CAMERA
20250129_133409.heic,/storage/emulated/0/DCIM/Camera/20250129_133409.heic,1227058,heic,1738154051000,CAMERA
20250129_131709.heic,/storage/emulated/0/DCIM/Camera/20250129_131709.heic,1541439,heic,1738153031000,CAMERA
20250129_123018.heic,/storage/emulated/0/DCIM/Camera/20250129_123018.heic,1030385,heic,1738150218000,CAMERA
20250129_123014.heic,/storage/emulated/0/DCIM/Camera/20250129_123014.heic,1195686,heic,1738150214000,CAMERA
20250129_123009.heic,/storage/emulated/0/DCIM/Camera/20250129_123009.heic,1151766,heic,1738150211000,CAMERA
20250129_120813.heic,/storage/emulated/0/DCIM/Camera/20250129_120813.heic,965365,heic,1738148894000,CAMERA
20250129_120801.heic,/storage/emulated/0/DCIM/Camera/20250129_120801.heic,609681,heic,1738148881000,CAMERA
20250129_091722.heic,/storage/emulated/0/DCIM/Camera/20250129_091722.heic,869239,heic,1738138643000,CAMERA
20250129_091720.heic,/storage/emulated/0/DCIM/Camera/20250129_091720.heic,1026541,heic,1738138641000,CAMERA
20250129_091323.heic,/storage/emulated/0/DCIM/Camera/20250129_091323.heic,889331,heic,1738138404000,CAMERA
20250128_185003.heic,/storage/emulated/0/DCIM/Camera/20250128_185003.heic,1033117,heic,1738086604000,CAMERA
20250128_185001.heic,/storage/emulated/0/DCIM/Camera/20250128_185001.heic,914478,heic,1738086602000,CAMERA
20250128_184959.heic,/storage/emulated/0/DCIM/Camera/20250128_184959.heic,1132608,heic,1738086600000,CAMERA
20250128_184954.heic,/storage/emulated/0/DCIM/Camera/20250128_184954.heic,1162044,heic,1738086595000,CAMERA
20250128_184951.heic,/storage/emulated/0/DCIM/Camera/20250128_184951.heic,1480283,heic,1738086592000,CAMERA
20250128_184843.heic,/storage/emulated/0/DCIM/Camera/20250128_184843.heic,1329763,heic,1738086523000,CAMERA
20250128_184836.heic,/storage/emulated/0/DCIM/Camera/20250128_184836.heic,838900,heic,1738086517000,CAMERA
20250128_184834.heic,/storage/emulated/0/DCIM/Camera/20250128_184834.heic,720829,heic,1738086515000,CAMERA
20250128_184827.heic,/storage/emulated/0/DCIM/Camera/20250128_184827.heic,822306,heic,1738086508000,CAMERA
20250128_184816.heic,/storage/emulated/0/DCIM/Camera/20250128_184816.heic,1972694,heic,1738086496000,CAMERA
20250128_182910.mp4,/storage/emulated/0/DCIM/Camera/20250128_182910.mp4,91542826,mp4,1738085394000,CAMERA
20250128_182904.heic,/storage/emulated/0/DCIM/Camera/20250128_182904.heic,1686961,heic,1738085346000,CAMERA
20250128_150402.heic,/storage/emulated/0/DCIM/Camera/20250128_150402.heic,622587,heic,1738073043000,CAMERA
20250127_210912.heic,/storage/emulated/0/DCIM/Camera/20250127_210912.heic,1250825,heic,1738008555000,CAMERA
20250127_190147.heic,/storage/emulated/0/DCIM/Camera/20250127_190147.heic,1792149,heic,1738000909000,CAMERA
20250127_162738.heic,/storage/emulated/0/DCIM/Camera/20250127_162738.heic,1315309,heic,1737991658000,CAMERA
20250127_162729.heic,/storage/emulated/0/DCIM/Camera/20250127_162729.heic,2866621,heic,1737991649000,CAMERA
20250127_162721.heic,/storage/emulated/0/DCIM/Camera/20250127_162721.heic,2824076,heic,1737991641000,CAMERA
20250127_115420.heic,/storage/emulated/0/DCIM/Camera/20250127_115420.heic,1289850,heic,1737975261000,CAMERA
20250127_000332.heic,/storage/emulated/0/DCIM/Camera/20250127_000332.heic,3040076,heic,1737932612000,CAMERA
20250125_151212.heic,/storage/emulated/0/DCIM/Camera/20250125_151212.heic,2840036,heic,1737814332000,CAMERA
20250125_151205.heic,/storage/emulated/0/DCIM/Camera/20250125_151205.heic,1466980,heic,1737814325000,CAMERA
20250125_133352.heic,/storage/emulated/0/DCIM/Camera/20250125_133352.heic,977870,heic,1737808432000,CAMERA
20250124_143908.heic,/storage/emulated/0/DCIM/Camera/20250124_143908.heic,1844840,heic,1737725949000,CAMERA
20250123_163719.mp4,/storage/emulated/0/DCIM/Camera/20250123_163719.mp4,14133905,mp4,1737646647000,CAMERA
20250123_163712.heic,/storage/emulated/0/DCIM/Camera/20250123_163712.heic,1444198,heic,1737646632000,CAMERA
20250123_145413.mp4,/storage/emulated/0/DCIM/Camera/20250123_145413.mp4,4071675,mp4,1737640456000,CAMERA
20250119_173534.heic,/storage/emulated/0/DCIM/Camera/20250119_173534.heic,1039092,heic,1737304535000,CAMERA
20250118_211925.heic,/storage/emulated/0/DCIM/Camera/20250118_211925.heic,554305,heic,1737231567000,CAMERA
2025-01-18-182019702.mp4,/storage/emulated/0/DCIM/Camera/2025-01-18-182019702.mp4,5503672,mp4,1737221320000,CAMERA
2025-01-16-222015094.mp4,/storage/emulated/0/DCIM/Camera/2025-01-16-222015094.mp4,53713577,mp4,1737062622000,CAMERA
20250116_182835.heic,/storage/emulated/0/DCIM/Camera/20250116_182835.heic,3137062,heic,1737048515000,CAMERA
20250116_182834.heic,/storage/emulated/0/DCIM/Camera/20250116_182834.heic,3345023,heic,1737048514000,CAMERA
20250116_182801.heic,/storage/emulated/0/DCIM/Camera/20250116_182801.heic,1840686,heic,1737048481000,CAMERA
20250116_182758.heic,/storage/emulated/0/DCIM/Camera/20250116_182758.heic,1873937,heic,1737048478000,CAMERA
2025-01-15-200705346.mp4,/storage/emulated/0/DCIM/Camera/2025-01-15-200705346.mp4,6310281,mp4,1736968366000,CAMERA
20250114_190633_001_001_001.mp4,/storage/emulated/0/DCIM/Camera/20250114_190633_001_001_001.mp4,33547442,mp4,1736882915000,CAMERA
20250114_190633_001_001.mp4,/storage/emulated/0/DCIM/Camera/20250114_190633_001_001.mp4,35700988,mp4,1736882877000,CAMERA
20250114_190633_001.mp4,/storage/emulated/0/DCIM/Camera/20250114_190633_001.mp4,37866811,mp4,1736882848000,CAMERA
20250114_190959.heic,/storage/emulated/0/DCIM/Camera/20250114_190959.heic,809433,heic,1736878199000,CAMERA
20250114_190944.heic,/storage/emulated/0/DCIM/Camera/20250114_190944.heic,1635534,heic,1736878184000,CAMERA
20250114_190937.heic,/storage/emulated/0/DCIM/Camera/20250114_190937.heic,712780,heic,1736878177000,CAMERA
20250114_190930.heic,/storage/emulated/0/DCIM/Camera/20250114_190930.heic,1016207,heic,1736878170000,CAMERA
20250114_190927.heic,/storage/emulated/0/DCIM/Camera/20250114_190927.heic,1105999,heic,1736878167000,CAMERA
20250114_190922.heic,/storage/emulated/0/DCIM/Camera/20250114_190922.heic,2277777,heic,1736878162000,CAMERA
20250114_190811.heic,/storage/emulated/0/DCIM/Camera/20250114_190811.heic,1453084,heic,1736878093000,CAMERA
20250114_190751.heic,/storage/emulated/0/DCIM/Camera/20250114_190751.heic,1449029,heic,1736878073000,CAMERA
20250114_190711.heic,/storage/emulated/0/DCIM/Camera/20250114_190711.heic,2769199,heic,1736878031000,CAMERA
20250114_190706.heic,/storage/emulated/0/DCIM/Camera/20250114_190706.heic,2840177,heic,1736878026000,CAMERA
20250114_190633.mp4,/storage/emulated/0/DCIM/Camera/20250114_190633.mp4,40090103,mp4,1736878013000,CAMERA
20250114_190629.heic,/storage/emulated/0/DCIM/Camera/20250114_190629.heic,3034462,heic,1736877989000,CAMERA
20250114_190625.heic,/storage/emulated/0/DCIM/Camera/20250114_190625.heic,1224608,heic,1736877985000,CAMERA
20250114_190613.heic,/storage/emulated/0/DCIM/Camera/20250114_190613.heic,2907090,heic,1736877974000,CAMERA
20250114_190130.heic,/storage/emulated/0/DCIM/Camera/20250114_190130.heic,786017,heic,1736877690000,CAMERA
20250114_190124.heic,/storage/emulated/0/DCIM/Camera/20250114_190124.heic,762562,heic,1736877684000,CAMERA
20250114_190045.heic,/storage/emulated/0/DCIM/Camera/20250114_190045.heic,952405,heic,1736877645000,CAMERA
20250114_190042.heic,/storage/emulated/0/DCIM/Camera/20250114_190042.heic,1086560,heic,1736877642000,CAMERA
20250114_185958.heic,/storage/emulated/0/DCIM/Camera/20250114_185958.heic,1093127,heic,1736877598000,CAMERA
20250114_185957.heic,/storage/emulated/0/DCIM/Camera/20250114_185957.heic,1010076,heic,1736877597000,CAMERA
20250114_185952.heic,/storage/emulated/0/DCIM/Camera/20250114_185952.heic,851972,heic,1736877592000,CAMERA
20250114_185932.heic,/storage/emulated/0/DCIM/Camera/20250114_185932.heic,615467,heic,1736877572000,CAMERA
20250114_185929.heic,/storage/emulated/0/DCIM/Camera/20250114_185929.heic,612682,heic,1736877569000,CAMERA
20250114_185703.heic,/storage/emulated/0/DCIM/Camera/20250114_185703.heic,1289707,heic,1736877425000,CAMERA
20250114_185524.heic,/storage/emulated/0/DCIM/Camera/20250114_185524.heic,609834,heic,1736877325000,CAMERA
20250114_185501.heic,/storage/emulated/0/DCIM/Camera/20250114_185501.heic,1222448,heic,1736877302000,CAMERA
20250114_185450.heic,/storage/emulated/0/DCIM/Camera/20250114_185450.heic,472374,heic,1736877291000,CAMERA
20250114_185437.heic,/storage/emulated/0/DCIM/Camera/20250114_185437.heic,1006542,heic,1736877278000,CAMERA
20250114_185427.heic,/storage/emulated/0/DCIM/Camera/20250114_185427.heic,919784,heic,1736877268000,CAMERA
20250114_185401.heic,/storage/emulated/0/DCIM/Camera/20250114_185401.heic,935639,heic,1736877242000,CAMERA
20250114_185358.heic,/storage/emulated/0/DCIM/Camera/20250114_185358.heic,1107397,heic,1736877239000,CAMERA
20250114_185351.heic,/storage/emulated/0/DCIM/Camera/20250114_185351.heic,674104,heic,1736877232000,CAMERA
20250114_185349.heic,/storage/emulated/0/DCIM/Camera/20250114_185349.heic,819591,heic,1736877230000,CAMERA
20250114_185321.heic,/storage/emulated/0/DCIM/Camera/20250114_185321.heic,713628,heic,1736877202000,CAMERA
20250114_185318.heic,/storage/emulated/0/DCIM/Camera/20250114_185318.heic,943212,heic,1736877199000,CAMERA
20250114_185241.heic,/storage/emulated/0/DCIM/Camera/20250114_185241.heic,922116,heic,1736877163000,CAMERA
20250114_185238.heic,/storage/emulated/0/DCIM/Camera/20250114_185238.heic,1145993,heic,1736877159000,CAMERA
20250114_185227.heic,/storage/emulated/0/DCIM/Camera/20250114_185227.heic,1010470,heic,1736877148000,CAMERA
20250114_185203.heic,/storage/emulated/0/DCIM/Camera/20250114_185203.heic,1089467,heic,1736877125000,CAMERA
20250114_185202.heic,/storage/emulated/0/DCIM/Camera/20250114_185202.heic,1208683,heic,1736877124000,CAMERA
20250114_185124.heic,/storage/emulated/0/DCIM/Camera/20250114_185124.heic,1073337,heic,1736877086000,CAMERA
20250114_185119.heic,/storage/emulated/0/DCIM/Camera/20250114_185119.heic,1347984,heic,1736877081000,CAMERA
20250114_185109.heic,/storage/emulated/0/DCIM/Camera/20250114_185109.heic,1040552,heic,1736877071000,CAMERA
20250114_185021.heic,/storage/emulated/0/DCIM/Camera/20250114_185021.heic,802291,heic,1736877023000,CAMERA
20250114_185012.heic,/storage/emulated/0/DCIM/Camera/20250114_185012.heic,833476,heic,1736877015000,CAMERA
20250113_164036.heic,/storage/emulated/0/DCIM/Camera/20250113_164036.heic,3311171,heic,1736782837000,CAMERA
20250113_155321.heic,/storage/emulated/0/DCIM/Camera/20250113_155321.heic,1577764,heic,1736780001000,CAMERA
20250113_155316.heic,/storage/emulated/0/DCIM/Camera/20250113_155316.heic,1114438,heic,1736779996000,CAMERA
43d8649f0adb0c3cff6acf44c0187447_1736776606539_0.webp.jpg,/storage/emulated/0/DCIM/Camera/43d8649f0adb0c3cff6acf44c0187447_1736776606539_0.webp.jpg,25596,jpg,1736776714000,CAMERA
20250111_210251.mp4,/storage/emulated/0/DCIM/Camera/20250111_210251.mp4,117011481,mp4,1736625828000,CAMERA
b34f61034eb49a2d13e23c5b21146a1e_1736601928287_0.webp.jpg,/storage/emulated/0/DCIM/Camera/b34f61034eb49a2d13e23c5b21146a1e_1736601928287_0.webp.jpg,128650,jpg,1736601989000,CAMERA
20250110_212349.heic,/storage/emulated/0/DCIM/Camera/20250110_212349.heic,1046052,heic,1736540631000,CAMERA
20250110_212347.heic,/storage/emulated/0/DCIM/Camera/20250110_212347.heic,1036933,heic,1736540629000,CAMERA
20250110_212340.heic,/storage/emulated/0/DCIM/Camera/20250110_212340.heic,1073512,heic,1736540623000,CAMERA
20250109_203218.heic,/storage/emulated/0/DCIM/Camera/20250109_203218.heic,1240251,heic,1736451139000,CAMERA
20250109_203213.heic,/storage/emulated/0/DCIM/Camera/20250109_203213.heic,1146572,heic,1736451135000,CAMERA
20250109_203109.heic,/storage/emulated/0/DCIM/Camera/20250109_203109.heic,1294510,heic,1736451071000,CAMERA
20250109_203105.heic,/storage/emulated/0/DCIM/Camera/20250109_203105.heic,1318840,heic,1736451068000,CAMERA
20250109_160226.heic,/storage/emulated/0/DCIM/Camera/20250109_160226.heic,1249468,heic,1736434948000,CAMERA
IMG_2025-01-08-21-40-03-691.jpg,/storage/emulated/0/DCIM/Camera/IMG_2025-01-08-21-40-03-691.jpg,4226134,jpg,1736368805000,CAMERA
20250108_192146.heic,/storage/emulated/0/DCIM/Camera/20250108_192146.heic,828002,heic,1736360508000,CAMERA
2025-01-07-225002521.mp4,/storage/emulated/0/DCIM/Camera/2025-01-07-225002521.mp4,158550778,mp4,1736286928000,CAMERA
2025-01-05-233808204.mp4,/storage/emulated/0/DCIM/Camera/2025-01-05-233808204.mp4,32047104,mp4,1736116732000,CAMERA
2025-01-05-001048755.mp4,/storage/emulated/0/DCIM/Camera/2025-01-05-001048755.mp4,33666686,mp4,1736032287000,CAMERA
20250104_225356.heic,/storage/emulated/0/DCIM/Camera/20250104_225356.heic,1169386,heic,1736027637000,CAMERA
20250104_225349.heic,/storage/emulated/0/DCIM/Camera/20250104_225349.heic,276594,heic,1736027630000,CAMERA
20250104_225342.heic,/storage/emulated/0/DCIM/Camera/20250104_225342.heic,288143,heic,1736027624000,CAMERA
20250104_224615.heic,/storage/emulated/0/DCIM/Camera/20250104_224615.heic,1028442,heic,1736027176000,CAMERA
20250104_224612.heic,/storage/emulated/0/DCIM/Camera/20250104_224612.heic,1093325,heic,1736027173000,CAMERA
20250104_224556.heic,/storage/emulated/0/DCIM/Camera/20250104_224556.heic,1390667,heic,1736027158000,CAMERA
2025-01-04-073713726.mp4,/storage/emulated/0/DCIM/Camera/2025-01-04-073713726.mp4,30513279,mp4,1735972669000,CAMERA
20250103_174833.heic,/storage/emulated/0/DCIM/Camera/20250103_174833.heic,812410,heic,1735922914000,CAMERA
20250103_174823.heic,/storage/emulated/0/DCIM/Camera/20250103_174823.heic,407336,heic,1735922903000,CAMERA
20250103_003516.heic,/storage/emulated/0/DCIM/Camera/20250103_003516.heic,938818,heic,1735860918000,CAMERA
2025-01-03-002652740.mp4,/storage/emulated/0/DCIM/Camera/2025-01-03-002652740.mp4,19082743,mp4,1735860452000,CAMERA
20250102_221717.heic,/storage/emulated/0/DCIM/Camera/20250102_221717.heic,844531,heic,1735852639000,CAMERA
20250102_221706.heic,/storage/emulated/0/DCIM/Camera/20250102_221706.heic,892551,heic,1735852628000,CAMERA
20250102_221521.heic,/storage/emulated/0/DCIM/Camera/20250102_221521.heic,836808,heic,1735852522000,CAMERA
1702042e083412896912fd348d3a1650.mp4,/storage/emulated/0/DCIM/Camera/1702042e083412896912fd348d3a1650.mp4,580143,mp4,1735808762000,CAMERA
dd27834917eb11a6db95aa3f6d8dc69a_1735773362656_0.webp.jpg,/storage/emulated/0/DCIM/Camera/dd27834917eb11a6db95aa3f6d8dc69a_1735773362656_0.webp.jpg,42202,jpg,1735773431000,CAMERA
2025-01-01-120612471.mp4,/storage/emulated/0/DCIM/Camera/2025-01-01-120612471.mp4,51120272,mp4,1735729631000,CAMERA
20250101_113326.mp4,/storage/emulated/0/DCIM/Camera/20250101_113326.mp4,83873538,mp4,1735727647000,CAMERA
20250101_103012.mp4,/storage/emulated/0/DCIM/Camera/20250101_103012.mp4,153108324,mp4,1735723884000,CAMERA
20241231_203848.heic,/storage/emulated/0/DCIM/Camera/20241231_203848.heic,1280889,heic,1735673932000,CAMERA
20241231_202729.heic,/storage/emulated/0/DCIM/Camera/20241231_202729.heic,765107,heic,1735673251000,CAMERA
20241231_202712.heic,/storage/emulated/0/DCIM/Camera/20241231_202712.heic,731948,heic,1735673233000,CAMERA
20241231_202711.heic,/storage/emulated/0/DCIM/Camera/20241231_202711.heic,689354,heic,1735673232000,CAMERA
20241231_202659.heic,/storage/emulated/0/DCIM/Camera/20241231_202659.heic,776259,heic,1735673220000,CAMERA
20241231_202657.heic,/storage/emulated/0/DCIM/Camera/20241231_202657.heic,746949,heic,1735673218000,CAMERA
20241231_202650.heic,/storage/emulated/0/DCIM/Camera/20241231_202650.heic,827161,heic,1735673211000,CAMERA
2024-12-31-183102495.mp4,/storage/emulated/0/DCIM/Camera/2024-12-31-183102495.mp4,26790653,mp4,1735666295000,CAMERA
2024-12-29-201230673.mp4,/storage/emulated/0/DCIM/Camera/2024-12-29-201230673.mp4,16817495,mp4,1735499591000,CAMERA
2024-12-28-144124219.mp4,/storage/emulated/0/DCIM/Camera/2024-12-28-144124219.mp4,24742732,mp4,1735393447000,CAMERA
2024-12-27-194203360.mp4,/storage/emulated/0/DCIM/Camera/2024-12-27-194203360.mp4,34019920,mp4,1735324986000,CAMERA
2024-12-26-133051818.mp4,/storage/emulated/0/DCIM/Camera/2024-12-26-133051818.mp4,30850084,mp4,1735216289000,CAMERA
20241225_234053.mp4,/storage/emulated/0/DCIM/Camera/20241225_234053.mp4,87133713,mp4,1735166495000,CAMERA
20241225_233202.mp4,/storage/emulated/0/DCIM/Camera/20241225_233202.mp4,42390986,mp4,1735165943000,CAMERA
20241225_233110.mp4,/storage/emulated/0/DCIM/Camera/20241225_233110.mp4,26848954,mp4,1735165884000,CAMERA
20241225_232011.heic,/storage/emulated/0/DCIM/Camera/20241225_232011.heic,2669448,heic,1735165213000,CAMERA
20241225_232005.heic,/storage/emulated/0/DCIM/Camera/20241225_232005.heic,1158515,heic,1735165207000,CAMERA
20241225_232000.heic,/storage/emulated/0/DCIM/Camera/20241225_232000.heic,890944,heic,1735165203000,CAMERA
20241225_135235.heic,/storage/emulated/0/DCIM/Camera/20241225_135235.heic,767628,heic,1735131156000,CAMERA
20241225_135224.heic,/storage/emulated/0/DCIM/Camera/20241225_135224.heic,806730,heic,1735131146000,CAMERA
20241225_135213.heic,/storage/emulated/0/DCIM/Camera/20241225_135213.heic,1669360,heic,1735131134000,CAMERA
20241225_135207.heic,/storage/emulated/0/DCIM/Camera/20241225_135207.heic,1781984,heic,1735131129000,CAMERA
3c678737330c215eaa651a975b170c3d_1735128700323_0.webp.jpg,/storage/emulated/0/DCIM/Camera/3c678737330c215eaa651a975b170c3d_1735128700323_0.webp.jpg,204690,jpg,1735128705000,CAMERA
20241225_112139.jpg,/storage/emulated/0/DCIM/Camera/20241225_112139.jpg,3871716,jpg,1735122106000,CAMERA
20241225_112133.heic,/storage/emulated/0/DCIM/Camera/20241225_112133.heic,1480165,heic,1735122095000,CAMERA
20241225_112125.heic,/storage/emulated/0/DCIM/Camera/20241225_112125.heic,1397952,heic,1735122090000,CAMERA
2024-12-25-103755895.mp4,/storage/emulated/0/DCIM/Camera/2024-12-25-103755895.mp4,29003419,mp4,1735119541000,CAMERA
2024-12-24-170520030.mp4,/storage/emulated/0/DCIM/Camera/2024-12-24-170520030.mp4,28709128,mp4,1735056369000,CAMERA
20241224_162600.heic,/storage/emulated/0/DCIM/Camera/20241224_162600.heic,1435940,heic,1735053960000,CAMERA
20241224_162556.heic,/storage/emulated/0/DCIM/Camera/20241224_162556.heic,868398,heic,1735053956000,CAMERA
20241224_162553.heic,/storage/emulated/0/DCIM/Camera/20241224_162553.heic,1653516,heic,1735053953000,CAMERA
20241223_154359.heic,/storage/emulated/0/DCIM/Camera/20241223_154359.heic,1446151,heic,1734965039000,CAMERA
20241223_154348.heic,/storage/emulated/0/DCIM/Camera/20241223_154348.heic,1940517,heic,1734965030000,CAMERA
20241223_154339.heic,/storage/emulated/0/DCIM/Camera/20241223_154339.heic,1331264,heic,1734965019000,CAMERA
20241223_154326.heic,/storage/emulated/0/DCIM/Camera/20241223_154326.heic,1846233,heic,1734965006000,CAMERA
2024-12-20-002709603.mp4,/storage/emulated/0/DCIM/Camera/2024-12-20-002709603.mp4,21540934,mp4,1734955190000,CAMERA
20241222_204256.jpg,/storage/emulated/0/DCIM/Camera/20241222_204256.jpg,2328804,jpg,1734896576000,CAMERA
20241222_204242.jpg,/storage/emulated/0/DCIM/Camera/20241222_204242.jpg,2481691,jpg,1734896562000,CAMERA
20241222_204225.jpg,/storage/emulated/0/DCIM/Camera/20241222_204225.jpg,2529155,jpg,1734896546000,CAMERA
20241222_141630.heic,/storage/emulated/0/DCIM/Camera/20241222_141630.heic,1135239,heic,1734873391000,CAMERA
20241222_141622.heic,/storage/emulated/0/DCIM/Camera/20241222_141622.heic,1346939,heic,1734873382000,CAMERA
20241222_141614.heic,/storage/emulated/0/DCIM/Camera/20241222_141614.heic,1938933,heic,1734873374000,CAMERA
2024-12-22-120657976.mp4,/storage/emulated/0/DCIM/Camera/2024-12-22-120657976.mp4,19002303,mp4,1734865650000,CAMERA
20241221_121814.heic,/storage/emulated/0/DCIM/Camera/20241221_121814.heic,805975,heic,1734779894000,CAMERA
2024-12-20-200438426.mp4,/storage/emulated/0/DCIM/Camera/2024-12-20-200438426.mp4,6619915,mp4,1734762981000,CAMERA
20241220_181846.jpg,/storage/emulated/0/DCIM/Camera/20241220_181846.jpg,666590,jpg,1734715143000,CAMERA
20241220_181341.jpg,/storage/emulated/0/DCIM/Camera/20241220_181341.jpg,1385621,jpg,1734714880000,CAMERA
2024-12-20-074613030.mp4,/storage/emulated/0/DCIM/Camera/2024-12-20-074613030.mp4,4186925,mp4,1734677187000,CAMERA
20241219_115353.heic,/storage/emulated/0/DCIM/Camera/20241219_115353.heic,1021591,heic,1734605634000,CAMERA
20241219_101102.mp4,/storage/emulated/0/DCIM/Camera/20241219_101102.mp4,29407180,mp4,1734599477000,CAMERA
20241219_101058.heic,/storage/emulated/0/DCIM/Camera/20241219_101058.heic,1129074,heic,1734599459000,CAMERA
20241219_101053.heic,/storage/emulated/0/DCIM/Camera/20241219_101053.heic,988659,heic,1734599456000,CAMERA
2024-12-18-094125262.mp4,/storage/emulated/0/DCIM/Camera/2024-12-18-094125262.mp4,13437685,mp4,1734597462000,CAMERA
2024-12-18-095848703.mp4,/storage/emulated/0/DCIM/Camera/2024-12-18-095848703.mp4,33798705,mp4,1734512920000,CAMERA
2024-12-17-215356633.mp4,/storage/emulated/0/DCIM/Camera/2024-12-17-215356633.mp4,4500168,mp4,1734469473000,CAMERA
59bab2999cc6ff48c05a6aea455f503b.mp4,/storage/emulated/0/DCIM/Camera/59bab2999cc6ff48c05a6aea455f503b.mp4,1008630,mp4,1734468704000,CAMERA
370ab773dd55c143d08f09605a1eba2e.mp4,/storage/emulated/0/DCIM/Camera/370ab773dd55c143d08f09605a1eba2e.mp4,29099690,mp4,1734468682000,CAMERA
20241216_154846.heic,/storage/emulated/0/DCIM/Camera/20241216_154846.heic,1271973,heic,1734360526000,CAMERA
20241216_154841.heic,/storage/emulated/0/DCIM/Camera/20241216_154841.heic,1092707,heic,1734360522000,CAMERA
20241215_205114.heic,/storage/emulated/0/DCIM/Camera/20241215_205114.heic,2331779,heic,1734292276000,CAMERA
20241215_204843.heic,/storage/emulated/0/DCIM/Camera/20241215_204843.heic,1875130,heic,1734292125000,CAMERA
20241214_211456.heic,/storage/emulated/0/DCIM/Camera/20241214_211456.heic,1500597,heic,1734207298000,CAMERA
20241213_215022.heic,/storage/emulated/0/DCIM/Camera/20241213_215022.heic,849066,heic,1734123025000,CAMERA
20241213_195906.heic,/storage/emulated/0/DCIM/Camera/20241213_195906.heic,1642891,heic,1734116348000,CAMERA
20241213_195859.heic,/storage/emulated/0/DCIM/Camera/20241213_195859.heic,1709956,heic,1734116343000,CAMERA
20241213_123902.heic,/storage/emulated/0/DCIM/Camera/20241213_123902.heic,1355946,heic,1734089954000,CAMERA
20241213_123903.heic,/storage/emulated/0/DCIM/Camera/20241213_123903.heic,1608116,heic,1734089952000,CAMERA
20241213_123858.heic,/storage/emulated/0/DCIM/Camera/20241213_123858.heic,1270366,heic,1734089945000,CAMERA
20241209_183429.heic,/storage/emulated/0/DCIM/Camera/20241209_183429.heic,868941,heic,1733765670000,CAMERA
20241209_183420.heic,/storage/emulated/0/DCIM/Camera/20241209_183420.heic,812350,heic,1733765665000,CAMERA
20241209_183419.heic,/storage/emulated/0/DCIM/Camera/20241209_183419.heic,841396,heic,1733765663000,CAMERA
20241208_164710.heic,/storage/emulated/0/DCIM/Camera/20241208_164710.heic,968336,heic,1733672831000,CAMERA
20241205_214330.heic,/storage/emulated/0/DCIM/Camera/20241205_214330.heic,1243940,heic,1733431411000,CAMERA
20241205_214319.heic,/storage/emulated/0/DCIM/Camera/20241205_214319.heic,1693596,heic,1733431402000,CAMERA
20241204_193242.heic,/storage/emulated/0/DCIM/Camera/20241204_193242.heic,1928199,heic,1733337164000,CAMERA
20241204_193232.heic,/storage/emulated/0/DCIM/Camera/20241204_193232.heic,1936313,heic,1733337154000,CAMERA
20241204_193221.heic,/storage/emulated/0/DCIM/Camera/20241204_193221.heic,1748979,heic,1733337144000,CAMERA
20241204_193210.heic,/storage/emulated/0/DCIM/Camera/20241204_193210.heic,2158440,heic,1733337132000,CAMERA
20241204_193204.jpg,/storage/emulated/0/DCIM/Camera/20241204_193204.jpg,4168575,jpg,1733337128000,CAMERA
20241203_131729.mp4,/storage/emulated/0/DCIM/Camera/20241203_131729.mp4,245192055,mp4,1733228364000,CAMERA
20241203_131711.heic,/storage/emulated/0/DCIM/Camera/20241203_131711.heic,632093,heic,1733228235000,CAMERA
20241130_162615.heic,/storage/emulated/0/DCIM/Camera/20241130_162615.heic,1285570,heic,1732980375000,CAMERA
20241130_162613.heic,/storage/emulated/0/DCIM/Camera/20241130_162613.heic,1304321,heic,1732980373000,CAMERA
20241130_162607.heic,/storage/emulated/0/DCIM/Camera/20241130_162607.heic,1389108,heic,1732980367000,CAMERA
20241129_212426.heic,/storage/emulated/0/DCIM/Camera/20241129_212426.heic,991325,heic,1732911868000,CAMERA
20241124_165732.heic,/storage/emulated/0/DCIM/Camera/20241124_165732.heic,1028205,heic,1732463854000,CAMERA
20241124_165730.heic,/storage/emulated/0/DCIM/Camera/20241124_165730.heic,1025250,heic,1732463852000,CAMERA
20241124_165727.heic,/storage/emulated/0/DCIM/Camera/20241124_165727.heic,1031622,heic,1732463850000,CAMERA
20241123_221227.mp4,/storage/emulated/0/DCIM/Camera/20241123_221227.mp4,91150753,mp4,1732396390000,CAMERA
20241123_221220.heic,/storage/emulated/0/DCIM/Camera/20241123_221220.heic,1373259,heic,1732396342000,CAMERA
20241123_221216.heic,/storage/emulated/0/DCIM/Camera/20241123_221216.heic,1497346,heic,1732396339000,CAMERA
20241123_221214.heic,/storage/emulated/0/DCIM/Camera/20241123_221214.heic,1480012,heic,1732396338000,CAMERA
20241123_143941.heic,/storage/emulated/0/DCIM/Camera/20241123_143941.heic,1153576,heic,1732369182000,CAMERA
20241123_143937.heic,/storage/emulated/0/DCIM/Camera/20241123_143937.heic,902924,heic,1732369179000,CAMERA
20241123_143931.heic,/storage/emulated/0/DCIM/Camera/20241123_143931.heic,749791,heic,1732369173000,CAMERA
20241123_143921.heic,/storage/emulated/0/DCIM/Camera/20241123_143921.heic,1104638,heic,1732369163000,CAMERA
20241123_143913.heic,/storage/emulated/0/DCIM/Camera/20241123_143913.heic,1034657,heic,1732369154000,CAMERA
20241123_143900.heic,/storage/emulated/0/DCIM/Camera/20241123_143900.heic,1127879,heic,1732369141000,CAMERA
20241123_143857.heic,/storage/emulated/0/DCIM/Camera/20241123_143857.heic,1031704,heic,1732369137000,CAMERA
20241123_143851.heic,/storage/emulated/0/DCIM/Camera/20241123_143851.heic,1049082,heic,1732369132000,CAMERA
20241123_143848.heic,/storage/emulated/0/DCIM/Camera/20241123_143848.heic,949575,heic,1732369130000,CAMERA
20241123_143846.heic,/storage/emulated/0/DCIM/Camera/20241123_143846.heic,906447,heic,1732369126000,CAMERA
20241123_143757.heic,/storage/emulated/0/DCIM/Camera/20241123_143757.heic,880246,heic,1732369078000,CAMERA
20241121_193816.heic,/storage/emulated/0/DCIM/Camera/20241121_193816.heic,1672813,heic,1732214297000,CAMERA
20241121_193812.heic,/storage/emulated/0/DCIM/Camera/20241121_193812.heic,1504972,heic,1732214293000,CAMERA
20241121_193807.heic,/storage/emulated/0/DCIM/Camera/20241121_193807.heic,1273602,heic,1732214288000,CAMERA
20241121_193803.heic,/storage/emulated/0/DCIM/Camera/20241121_193803.heic,1628589,heic,1732214285000,CAMERA
20241121_193759.heic,/storage/emulated/0/DCIM/Camera/20241121_193759.heic,1413024,heic,1732214281000,CAMERA
1733261555 (1).mp4,/storage/emulated/0/DCIM/Camera/1733261555 (1).mp4,17288049,mp4,1732054990000,CAMERA
20241119_204726.heic,/storage/emulated/0/DCIM/Camera/20241119_204726.heic,1150949,heic,1732045648000,CAMERA
20241119_204724.heic,/storage/emulated/0/DCIM/Camera/20241119_204724.heic,1069574,heic,1732045645000,CAMERA
20241119_204712.heic,/storage/emulated/0/DCIM/Camera/20241119_204712.heic,931978,heic,1732045634000,CAMERA
20241119_204701.mp4,/storage/emulated/0/DCIM/Camera/20241119_204701.mp4,2945759,mp4,1732045624000,CAMERA
20241118_121921.mp4,/storage/emulated/0/DCIM/Camera/20241118_121921.mp4,40897656,mp4,1731928782000,CAMERA
20241118_121538.mp4,/storage/emulated/0/DCIM/Camera/20241118_121538.mp4,132161734,mp4,1731928601000,CAMERA
20241118_121529.heic,/storage/emulated/0/DCIM/Camera/20241118_121529.heic,1106773,heic,1731928531000,CAMERA
20241118_121524.heic,/storage/emulated/0/DCIM/Camera/20241118_121524.heic,794030,heic,1731928528000,CAMERA
20241118_121507.mp4,/storage/emulated/0/DCIM/Camera/20241118_121507.mp4,3298534,mp4,1731928510000,CAMERA
20241115_163342.mp4,/storage/emulated/0/DCIM/Camera/20241115_163342.mp4,98958152,mp4,1731684869000,CAMERA
20241115_162635.mp4,/storage/emulated/0/DCIM/Camera/20241115_162635.mp4,141824207,mp4,1731684462000,CAMERA
20241115_161808.heic,/storage/emulated/0/DCIM/Camera/20241115_161808.heic,1213460,heic,1731683888000,CAMERA
20241115_161726.heic,/storage/emulated/0/DCIM/Camera/20241115_161726.heic,925032,heic,1731683850000,CAMERA
20241114_185305.heic,/storage/emulated/0/DCIM/Camera/20241114_185305.heic,1425281,heic,1731606788000,CAMERA
20241114_114747.heic,/storage/emulated/0/DCIM/Camera/20241114_114747.heic,1037336,heic,1731581268000,CAMERA
20241114_114741.heic,/storage/emulated/0/DCIM/Camera/20241114_114741.heic,966263,heic,1731581261000,CAMERA
20241114_114606.heic,/storage/emulated/0/DCIM/Camera/20241114_114606.heic,142905,heic,1731581169000,CAMERA
20241111_163019.heic,/storage/emulated/0/DCIM/Camera/20241111_163019.heic,1066914,heic,1731339019000,CAMERA
20241111_163013.heic,/storage/emulated/0/DCIM/Camera/20241111_163013.heic,829864,heic,1731339014000,CAMERA
20241111_163010.heic,/storage/emulated/0/DCIM/Camera/20241111_163010.heic,792448,heic,1731339011000,CAMERA
20241111_162955.heic,/storage/emulated/0/DCIM/Camera/20241111_162955.heic,998101,heic,1731338995000,CAMERA
20241110_144303.heic,/storage/emulated/0/DCIM/Camera/20241110_144303.heic,704798,heic,1731246186000,CAMERA
20241110_144300.heic,/storage/emulated/0/DCIM/Camera/20241110_144300.heic,564906,heic,1731246181000,CAMERA
20241110_144253.heic,/storage/emulated/0/DCIM/Camera/20241110_144253.heic,389054,heic,1731246173000,CAMERA
20241110_144243.heic,/storage/emulated/0/DCIM/Camera/20241110_144243.heic,417894,heic,1731246165000,CAMERA
20241110_143759.mp4,/storage/emulated/0/DCIM/Camera/20241110_143759.mp4,24388982,mp4,1731245891000,CAMERA
20241110_143755.heic,/storage/emulated/0/DCIM/Camera/20241110_143755.heic,1034121,heic,1731245876000,CAMERA
20241109_211813.heic,/storage/emulated/0/DCIM/Camera/20241109_211813.heic,1037032,heic,1731183496000,CAMERA
20241108_092644.heic,/storage/emulated/0/DCIM/Camera/20241108_092644.heic,1076110,heic,1731054405000,CAMERA
20241108_092640.heic,/storage/emulated/0/DCIM/Camera/20241108_092640.heic,664900,heic,1731054402000,CAMERA
20241108_092636.heic,/storage/emulated/0/DCIM/Camera/20241108_092636.heic,1120034,heic,1731054396000,CAMERA
20241106_154138.heic,/storage/emulated/0/DCIM/Camera/20241106_154138.heic,1407627,heic,1730904099000,CAMERA
20241106_154040.heic,/storage/emulated/0/DCIM/Camera/20241106_154040.heic,1784166,heic,1730904043000,CAMERA
20241106_153553.heic,/storage/emulated/0/DCIM/Camera/20241106_153553.heic,1909360,heic,1730903756000,CAMERA
20241105_202854.heic,/storage/emulated/0/DCIM/Camera/20241105_202854.heic,1457041,heic,1730834935000,CAMERA
20241105_202831.heic,/storage/emulated/0/DCIM/Camera/20241105_202831.heic,1632600,heic,1730834912000,CAMERA
20241105_195221.mp4,/storage/emulated/0/DCIM/Camera/20241105_195221.mp4,27617715,mp4,1730832764000,CAMERA
20241105_195207.heic,/storage/emulated/0/DCIM/Camera/20241105_195207.heic,1272756,heic,1730832728000,CAMERA
20241105_195202.heic,/storage/emulated/0/DCIM/Camera/20241105_195202.heic,1314757,heic,1730832725000,CAMERA
20241105_191101.heic,/storage/emulated/0/DCIM/Camera/20241105_191101.heic,467559,heic,1730830262000,CAMERA
20241105_191057.heic,/storage/emulated/0/DCIM/Camera/20241105_191057.heic,484492,heic,1730830258000,CAMERA
20241105_191041.heic,/storage/emulated/0/DCIM/Camera/20241105_191041.heic,485011,heic,1730830243000,CAMERA
20241104_150147.jpg,/storage/emulated/0/DCIM/Camera/20241104_150147.jpg,5817360,jpg,1730728913000,CAMERA
20241104_150145.jpg,/storage/emulated/0/DCIM/Camera/20241104_150145.jpg,5652217,jpg,1730728910000,CAMERA
20241104_150143.jpg,/storage/emulated/0/DCIM/Camera/20241104_150143.jpg,5922006,jpg,1730728906000,CAMERA
20241104_150140.jpg,/storage/emulated/0/DCIM/Camera/20241104_150140.jpg,5779585,jpg,1730728903000,CAMERA
20241104_150135.jpg,/storage/emulated/0/DCIM/Camera/20241104_150135.jpg,5056746,jpg,1730728899000,CAMERA
20241104_150133.jpg,/storage/emulated/0/DCIM/Camera/20241104_150133.jpg,5381628,jpg,1730728896000,CAMERA
20241104_150127.jpg,/storage/emulated/0/DCIM/Camera/20241104_150127.jpg,6220522,jpg,1730728891000,CAMERA
20241104_150125.jpg,/storage/emulated/0/DCIM/Camera/20241104_150125.jpg,6361291,jpg,1730728889000,CAMERA
20241104_143139.mp4,/storage/emulated/0/DCIM/Camera/20241104_143139.mp4,10204105,mp4,1730727109000,CAMERA
20241103_204549.mp4,/storage/emulated/0/DCIM/Camera/20241103_204549.mp4,7186572,mp4,1730663159000,CAMERA
20241103_204512.mp4,/storage/emulated/0/DCIM/Camera/20241103_204512.mp4,37597903,mp4,1730663142000,CAMERA
20241103_163740.heic,/storage/emulated/0/DCIM/Camera/20241103_163740.heic,979547,heic,1730648260000,CAMERA
20241103_154347.jpg,/storage/emulated/0/DCIM/Camera/20241103_154347.jpg,2048280,jpg,1730645027000,CAMERA
20241103_153546.heic,/storage/emulated/0/DCIM/Camera/20241103_153546.heic,1307700,heic,1730644547000,CAMERA
20241103_153541.heic,/storage/emulated/0/DCIM/Camera/20241103_153541.heic,1111231,heic,1730644543000,CAMERA
20241102_230536.heic,/storage/emulated/0/DCIM/Camera/20241102_230536.heic,993382,heic,1730585137000,CAMERA
20241102_230533.heic,/storage/emulated/0/DCIM/Camera/20241102_230533.heic,1380011,heic,1730585135000,CAMERA
20241102_230522.heic,/storage/emulated/0/DCIM/Camera/20241102_230522.heic,1065872,heic,1730585125000,CAMERA
20241102_225326.heic,/storage/emulated/0/DCIM/Camera/20241102_225326.heic,747884,heic,1730584407000,CAMERA
20241102_225319.heic,/storage/emulated/0/DCIM/Camera/20241102_225319.heic,741692,heic,1730584401000,CAMERA
20241102_225307.heic,/storage/emulated/0/DCIM/Camera/20241102_225307.heic,1143776,heic,1730584390000,CAMERA
20241101_223607.heic,/storage/emulated/0/DCIM/Camera/20241101_223607.heic,1095444,heic,1730496970000,CAMERA
20241101_223533.heic,/storage/emulated/0/DCIM/Camera/20241101_223533.heic,1285750,heic,1730496936000,CAMERA
20241101_223515.mp4,/storage/emulated/0/DCIM/Camera/20241101_223515.mp4,2263428,mp4,1730496918000,CAMERA
20241101_200834.mp4,/storage/emulated/0/DCIM/Camera/20241101_200834.mp4,2282082,mp4,1730488117000,CAMERA
20241101_200811.mp4,/storage/emulated/0/DCIM/Camera/20241101_200811.mp4,22939737,mp4,1730488110000,CAMERA
20241101_085225.heic,/storage/emulated/0/DCIM/Camera/20241101_085225.heic,1102445,heic,1730447545000,CAMERA
20241101_085222.heic,/storage/emulated/0/DCIM/Camera/20241101_085222.heic,896692,heic,1730447542000,CAMERA
20241021_191430.heic,/storage/emulated/0/DCIM/Camera/20241021_191430.heic,672168,heic,1729534474000,CAMERA
20241021_135839.heic,/storage/emulated/0/DCIM/Camera/20241021_135839.heic,983084,heic,1729515521000,CAMERA
20241021_135836.heic,/storage/emulated/0/DCIM/Camera/20241021_135836.heic,1366206,heic,1729515518000,CAMERA
20241021_135831.heic,/storage/emulated/0/DCIM/Camera/20241021_135831.heic,1107312,heic,1729515513000,CAMERA
20241021_135829.heic,/storage/emulated/0/DCIM/Camera/20241021_135829.heic,1101670,heic,1729515511000,CAMERA
20241021_135826.heic,/storage/emulated/0/DCIM/Camera/20241021_135826.heic,1173728,heic,1729515508000,CAMERA
20241021_135822.heic,/storage/emulated/0/DCIM/Camera/20241021_135822.heic,1121246,heic,1729515504000,CAMERA
20241021_135818.heic,/storage/emulated/0/DCIM/Camera/20241021_135818.heic,1226348,heic,1729515502000,CAMERA
20241021_135817.heic,/storage/emulated/0/DCIM/Camera/20241021_135817.heic,1162479,heic,1729515500000,CAMERA
20241021_135812.heic,/storage/emulated/0/DCIM/Camera/20241021_135812.heic,1408560,heic,1729515497000,CAMERA
20241021_135804.heic,/storage/emulated/0/DCIM/Camera/20241021_135804.heic,1014115,heic,1729515488000,CAMERA
20241021_135753.jpg,/storage/emulated/0/DCIM/Camera/20241021_135753.jpg,2267788,jpg,1729515473000,CAMERA
20241021_102735.jpg,/storage/emulated/0/DCIM/Camera/20241021_102735.jpg,2319126,jpg,1729502855000,CAMERA
20241020_210211.heic,/storage/emulated/0/DCIM/Camera/20241020_210211.heic,1840638,heic,1729454532000,CAMERA
20241020_210154.heic,/storage/emulated/0/DCIM/Camera/20241020_210154.heic,1478623,heic,1729454515000,CAMERA
20241020_210141.heic,/storage/emulated/0/DCIM/Camera/20241020_210141.heic,1503458,heic,1729454503000,CAMERA
20241020_155349.heic,/storage/emulated/0/DCIM/Camera/20241020_155349.heic,1186920,heic,1729436029000,CAMERA
20241020_155347.heic,/storage/emulated/0/DCIM/Camera/20241020_155347.heic,1095509,heic,1729436027000,CAMERA
20241020_155346.heic,/storage/emulated/0/DCIM/Camera/20241020_155346.heic,1029262,heic,1729436026000,CAMERA
20241020_151323.mp4,/storage/emulated/0/DCIM/Camera/20241020_151323.mp4,22481835,mp4,1729433621000,CAMERA
20241020_151300.mp4,/storage/emulated/0/DCIM/Camera/20241020_151300.mp4,15471059,mp4,1729433593000,CAMERA
20241020_151253.heic,/storage/emulated/0/DCIM/Camera/20241020_151253.heic,774506,heic,1729433574000,CAMERA
20241020_151251.heic,/storage/emulated/0/DCIM/Camera/20241020_151251.heic,748144,heic,1729433573000,CAMERA
20241020_151246.heic,/storage/emulated/0/DCIM/Camera/20241020_151246.heic,882607,heic,1729433568000,CAMERA
20241020_151235.heic,/storage/emulated/0/DCIM/Camera/20241020_151235.heic,758810,heic,1729433559000,CAMERA
20241014_113327.heic,/storage/emulated/0/DCIM/Camera/20241014_113327.heic,1269191,heic,1728902009000,CAMERA
20241014_113322.heic,/storage/emulated/0/DCIM/Camera/20241014_113322.heic,1166513,heic,1728902006000,CAMERA
20241013_165617.heic,/storage/emulated/0/DCIM/Camera/20241013_165617.heic,871943,heic,1728834977000,CAMERA
20241013_165616.heic,/storage/emulated/0/DCIM/Camera/20241013_165616.heic,773235,heic,1728834976000,CAMERA
20241013_165614.heic,/storage/emulated/0/DCIM/Camera/20241013_165614.heic,848435,heic,1728834975000,CAMERA
20241013_165613.heic,/storage/emulated/0/DCIM/Camera/20241013_165613.heic,971791,heic,1728834973000,CAMERA
20241013_165611.heic,/storage/emulated/0/DCIM/Camera/20241013_165611.heic,663438,heic,1728834971000,CAMERA
20241013_165603.heic,/storage/emulated/0/DCIM/Camera/20241013_165603.heic,808177,heic,1728834963000,CAMERA
20241013_165602.heic,/storage/emulated/0/DCIM/Camera/20241013_165602.heic,786596,heic,1728834962000,CAMERA
20241012_121427.heic,/storage/emulated/0/DCIM/Camera/20241012_121427.heic,665184,heic,1728731671000,CAMERA
20241012_103213.heic,/storage/emulated/0/DCIM/Camera/20241012_103213.heic,968775,heic,1728725533000,CAMERA
20241012_103212.heic,/storage/emulated/0/DCIM/Camera/20241012_103212.heic,780244,heic,1728725532000,CAMERA
20241012_103209.heic,/storage/emulated/0/DCIM/Camera/20241012_103209.heic,654391,heic,1728725529000,CAMERA
20241011_163059.heic,/storage/emulated/0/DCIM/Camera/20241011_163059.heic,774669,heic,1728660659000,CAMERA
20241011_163055.heic,/storage/emulated/0/DCIM/Camera/20241011_163055.heic,900287,heic,1728660655000,CAMERA
20241009_165024.mp4,/storage/emulated/0/DCIM/Camera/20241009_165024.mp4,2601086,mp4,1728489027000,CAMERA
20241009_165015.mp4,/storage/emulated/0/DCIM/Camera/20241009_165015.mp4,7655601,mp4,1728489022000,CAMERA
20241008_190546.mp4,/storage/emulated/0/DCIM/Camera/20241008_190546.mp4,13932512,mp4,1728410758000,CAMERA
20241008_190522.heic,/storage/emulated/0/DCIM/Camera/20241008_190522.heic,843624,heic,1728410724000,CAMERA
20241008_190512.heic,/storage/emulated/0/DCIM/Camera/20241008_190512.heic,841431,heic,1728410715000,CAMERA
20241007_220949.heic,/storage/emulated/0/DCIM/Camera/20241007_220949.heic,335190,heic,1728335391000,CAMERA
20241007_220942.heic,/storage/emulated/0/DCIM/Camera/20241007_220942.heic,345114,heic,1728335383000,CAMERA
20241007_220916.heic,/storage/emulated/0/DCIM/Camera/20241007_220916.heic,769183,heic,1728335357000,CAMERA
20241007_220914.heic,/storage/emulated/0/DCIM/Camera/20241007_220914.heic,773538,heic,1728335355000,CAMERA
20241007_220908.heic,/storage/emulated/0/DCIM/Camera/20241007_220908.heic,623631,heic,1728335349000,CAMERA
20241007_220843.heic,/storage/emulated/0/DCIM/Camera/20241007_220843.heic,283532,heic,1728335325000,CAMERA
20241007_220835.heic,/storage/emulated/0/DCIM/Camera/20241007_220835.heic,532577,heic,1728335317000,CAMERA
20241007_220834.heic,/storage/emulated/0/DCIM/Camera/20241007_220834.heic,517776,heic,1728335316000,CAMERA
20241007_220816.heic,/storage/emulated/0/DCIM/Camera/20241007_220816.heic,648164,heic,1728335298000,CAMERA
20241007_220734.heic,/storage/emulated/0/DCIM/Camera/20241007_220734.heic,1868393,heic,1728335255000,CAMERA
20241007_220731.heic,/storage/emulated/0/DCIM/Camera/20241007_220731.heic,1799798,heic,1728335252000,CAMERA
20241007_220725.heic,/storage/emulated/0/DCIM/Camera/20241007_220725.heic,1833695,heic,1728335246000,CAMERA
20241007_220722.heic,/storage/emulated/0/DCIM/Camera/20241007_220722.heic,1733679,heic,1728335244000,CAMERA
20241007_220720.heic,/storage/emulated/0/DCIM/Camera/20241007_220720.heic,1793600,heic,1728335242000,CAMERA
20241007_220700.heic,/storage/emulated/0/DCIM/Camera/20241007_220700.heic,1598408,heic,1728335223000,CAMERA
20241007_220653.heic,/storage/emulated/0/DCIM/Camera/20241007_220653.heic,1357325,heic,1728335216000,CAMERA
20241007_220419.mp4,/storage/emulated/0/DCIM/Camera/20241007_220419.mp4,33943410,mp4,1728335087000,CAMERA
20241007_191938.mp4,/storage/emulated/0/DCIM/Camera/20241007_191938.mp4,54144792,mp4,1728325221000,CAMERA
20241006_153654.heic,/storage/emulated/0/DCIM/Camera/20241006_153654.heic,822352,heic,1728225414000,CAMERA
20241006_153649.heic,/storage/emulated/0/DCIM/Camera/20241006_153649.heic,770286,heic,1728225409000,CAMERA
20241006_153644.heic,/storage/emulated/0/DCIM/Camera/20241006_153644.heic,799820,heic,1728225404000,CAMERA
20241006_125129.heic,/storage/emulated/0/DCIM/Camera/20241006_125129.heic,1360973,heic,1728215491000,CAMERA
20241006_125124.heic,/storage/emulated/0/DCIM/Camera/20241006_125124.heic,1491054,heic,1728215486000,CAMERA
20241006_125115.heic,/storage/emulated/0/DCIM/Camera/20241006_125115.heic,769289,heic,1728215478000,CAMERA
20241005_214633.mp4,/storage/emulated/0/DCIM/Camera/20241005_214633.mp4,15742122,mp4,1728161206000,CAMERA
20241005_214544.mp4,/storage/emulated/0/DCIM/Camera/20241005_214544.mp4,56993269,mp4,1728161189000,CAMERA
20241005_214527.mp4,/storage/emulated/0/DCIM/Camera/20241005_214527.mp4,14370000,mp4,1728161139000,CAMERA
20241005_152750.mp4,/storage/emulated/0/DCIM/Camera/20241005_152750.mp4,32010755,mp4,1728138496000,CAMERA
20241005_002301.jpg,/storage/emulated/0/DCIM/Camera/20241005_002301.jpg,1647819,jpg,1728084181000,CAMERA
20241005_002245.jpg,/storage/emulated/0/DCIM/Camera/20241005_002245.jpg,1713259,jpg,1728084165000,CAMERA
20241004_230048.mp4,/storage/emulated/0/DCIM/Camera/20241004_230048.mp4,94070455,mp4,1728079340000,CAMERA
20241004_135159.heic,/storage/emulated/0/DCIM/Camera/20241004_135159.heic,472314,heic,1728046321000,CAMERA
20241004_135154.heic,/storage/emulated/0/DCIM/Camera/20241004_135154.heic,535585,heic,1728046316000,CAMERA
20241004_135121.jpg,/storage/emulated/0/DCIM/Camera/20241004_135121.jpg,3318801,jpg,1728046293000,CAMERA
20241004_135122.jpg,/storage/emulated/0/DCIM/Camera/20241004_135122.jpg,3513794,jpg,1728046289000,CAMERA
20241004_135120.jpg,/storage/emulated/0/DCIM/Camera/20241004_135120.jpg,3257225,jpg,1728046286000,CAMERA
20241004_090723.mp4,/storage/emulated/0/DCIM/Camera/20241004_090723.mp4,6047991,mp4,1728029249000,CAMERA
20241004_090616.mp4,/storage/emulated/0/DCIM/Camera/20241004_090616.mp4,23939958,mp4,1728029196000,CAMERA
20241004_090608.heic,/storage/emulated/0/DCIM/Camera/20241004_090608.heic,1893319,heic,1728029169000,CAMERA
20241004_090558.heic,/storage/emulated/0/DCIM/Camera/20241004_090558.heic,1969534,heic,1728029162000,CAMERA
20241003_203826.mp4,/storage/emulated/0/DCIM/Camera/20241003_203826.mp4,3125874,mp4,1727984310000,CAMERA
20241001_113047.heic,/storage/emulated/0/DCIM/Camera/20241001_113047.heic,631406,heic,1727778647000,CAMERA
20241001_113046.heic,/storage/emulated/0/DCIM/Camera/20241001_113046.heic,608111,heic,1727778646000,CAMERA
20241001_113045.heic,/storage/emulated/0/DCIM/Camera/20241001_113045.heic,630922,heic,1727778645000,CAMERA
20241001_113044.heic,/storage/emulated/0/DCIM/Camera/20241001_113044.heic,628915,heic,1727778644000,CAMERA
20241001_113041.heic,/storage/emulated/0/DCIM/Camera/20241001_113041.heic,556609,heic,1727778641000,CAMERA
IMG_20240930212012055.jpg,/storage/emulated/0/DCIM/Camera/IMG_20240930212012055.jpg,0,jpg,1727727612000,CAMERA
IMG_20240930212010758.jpg,/storage/emulated/0/DCIM/Camera/IMG_20240930212010758.jpg,3980434,jpg,1727727611000,CAMERA
IMG_20240930212001846.jpg,/storage/emulated/0/DCIM/Camera/IMG_20240930212001846.jpg,5289501,jpg,1727727603000,CAMERA
IMG_20240930212003242.jpg,/storage/emulated/0/DCIM/Camera/IMG_20240930212003242.jpg,0,jpg,1727727603000,CAMERA
IMG_20240930211956159.jpg,/storage/emulated/0/DCIM/Camera/IMG_20240930211956159.jpg,3977719,jpg,1727727597000,CAMERA
IMG_20240930211957108.jpg,/storage/emulated/0/DCIM/Camera/IMG_20240930211957108.jpg,0,jpg,1727727597000,CAMERA
20240929_181951.mp4,/storage/emulated/0/DCIM/Camera/20240929_181951.mp4,79505153,mp4,1727630454000,CAMERA
20240929_153305.mp4,/storage/emulated/0/DCIM/Camera/20240929_153305.mp4,21411004,mp4,1727620403000,CAMERA
IMG_20240929101810130.jpg,/storage/emulated/0/DCIM/Camera/IMG_20240929101810130.jpg,0,jpg,1727601490000,CAMERA
IMG_20240929101809142.jpg,/storage/emulated/0/DCIM/Camera/IMG_20240929101809142.jpg,2898083,jpg,1727601490000,CAMERA
IMG_20240928232231876.jpg,/storage/emulated/0/DCIM/Camera/IMG_20240928232231876.jpg,0,jpg,1727562151000,CAMERA
IMG_20240928232231024.jpg,/storage/emulated/0/DCIM/Camera/IMG_20240928232231024.jpg,5028018,jpg,1727562151000,CAMERA
IMG_20240928232224015.jpg,/storage/emulated/0/DCIM/Camera/IMG_20240928232224015.jpg,5275898,jpg,1727562145000,CAMERA
IMG_20240928232225372.jpg,/storage/emulated/0/DCIM/Camera/IMG_20240928232225372.jpg,0,jpg,1727562145000,CAMERA
IMG_20240928203344046.jpg,/storage/emulated/0/DCIM/Camera/IMG_20240928203344046.jpg,5371531,jpg,1727552024000,CAMERA
IMG_20240928203344970.jpg,/storage/emulated/0/DCIM/Camera/IMG_20240928203344970.jpg,0,jpg,1727552024000,CAMERA
IMG_20240928203340381.jpg,/storage/emulated/0/DCIM/Camera/IMG_20240928203340381.jpg,0,jpg,1727552020000,CAMERA
IMG_20240928203339140.jpg,/storage/emulated/0/DCIM/Camera/IMG_20240928203339140.jpg,5112678,jpg,1727552020000,CAMERA
20240928_202103.heic,/storage/emulated/0/DCIM/Camera/20240928_202103.heic,942788,heic,1727551265000,CAMERA
20240928_131735(0).heic,/storage/emulated/0/DCIM/Camera/20240928_131735(0).heic,1694481,heic,1727525859000,CAMERA
20240928_131736.heic,/storage/emulated/0/DCIM/Camera/20240928_131736.heic,1669446,heic,1727525858000,CAMERA
20240928_131735.heic,/storage/emulated/0/DCIM/Camera/20240928_131735.heic,1697802,heic,1727525856000,CAMERA
20240928_131716.heic,/storage/emulated/0/DCIM/Camera/20240928_131716.heic,1625174,heic,1727525838000,CAMERA
20240928_131658.mp4,/storage/emulated/0/DCIM/Camera/20240928_131658.mp4,2264456,mp4,1727525821000,CAMERA
lv_0_20240927230042.mp4,/storage/emulated/0/DCIM/Camera/lv_0_20240927230042.mp4,63944251,mp4,1727474506000,CAMERA
lv_0_20240927225020.mp4,/storage/emulated/0/DCIM/Camera/lv_0_20240927225020.mp4,84718936,mp4,1727473857000,CAMERA
lv_0_20240925201048.mp4,/storage/emulated/0/DCIM/Camera/lv_0_20240925201048.mp4,154784356,mp4,1727291481000,CAMERA
20240924_172257.heic,/storage/emulated/0/DCIM/Camera/20240924_172257.heic,1287055,heic,1727194978000,CAMERA
20240924_172255.heic,/storage/emulated/0/DCIM/Camera/20240924_172255.heic,1275398,heic,1727194976000,CAMERA
20240924_172252.heic,/storage/emulated/0/DCIM/Camera/20240924_172252.heic,1223723,heic,1727194975000,CAMERA
20240924_172150.heic,/storage/emulated/0/DCIM/Camera/20240924_172150.heic,1152673,heic,1727194911000,CAMERA
20240924_172149.heic,/storage/emulated/0/DCIM/Camera/20240924_172149.heic,1157077,heic,1727194910000,CAMERA
20240924_172145.heic,/storage/emulated/0/DCIM/Camera/20240924_172145.heic,1160346,heic,1727194907000,CAMERA
20240924_172143.heic,/storage/emulated/0/DCIM/Camera/20240924_172143.heic,1150860,heic,1727194906000,CAMERA
20240924_170053.heic,/storage/emulated/0/DCIM/Camera/20240924_170053.heic,2116215,heic,1727193653000,CAMERA
20240924_170051.heic,/storage/emulated/0/DCIM/Camera/20240924_170051.heic,2113756,heic,1727193651000,CAMERA
20240924_170050.heic,/storage/emulated/0/DCIM/Camera/20240924_170050.heic,2119285,heic,1727193650000,CAMERA
20240923_170332.heic,/storage/emulated/0/DCIM/Camera/20240923_170332.heic,3056542,heic,1727107412000,CAMERA
20240923_170329.heic,/storage/emulated/0/DCIM/Camera/20240923_170329.heic,1376291,heic,1727107409000,CAMERA
20240923_150410.heic,/storage/emulated/0/DCIM/Camera/20240923_150410.heic,465528,heic,1727100252000,CAMERA
20240922_230857.heic,/storage/emulated/0/DCIM/Camera/20240922_230857.heic,1217302,heic,1727042939000,CAMERA
20240922_230855.heic,/storage/emulated/0/DCIM/Camera/20240922_230855.heic,1311759,heic,1727042938000,CAMERA
20240922_205416.heic,/storage/emulated/0/DCIM/Camera/20240922_205416.heic,297280,heic,1727034858000,CAMERA
20240922_205406.heic,/storage/emulated/0/DCIM/Camera/20240922_205406.heic,630776,heic,1727034849000,CAMERA
20240922_204900.heic,/storage/emulated/0/DCIM/Camera/20240922_204900.heic,849365,heic,1727034542000,CAMERA
20240922_111307.mp4,/storage/emulated/0/DCIM/Camera/20240922_111307.mp4,64859234,mp4,1727000039000,CAMERA
20240921_221841.heic,/storage/emulated/0/DCIM/Camera/20240921_221841.heic,1445779,heic,1726953524000,CAMERA
20240921_210911.heic,/storage/emulated/0/DCIM/Camera/20240921_210911.heic,1896704,heic,1726949352000,CAMERA
20240921_210733.heic,/storage/emulated/0/DCIM/Camera/20240921_210733.heic,1981887,heic,1726949253000,CAMERA
20240921_210723.heic,/storage/emulated/0/DCIM/Camera/20240921_210723.heic,2362676,heic,1726949243000,CAMERA
20240921_210638.heic,/storage/emulated/0/DCIM/Camera/20240921_210638.heic,1780095,heic,1726949198000,CAMERA
20240921_210525.heic,/storage/emulated/0/DCIM/Camera/20240921_210525.heic,2428984,heic,1726949125000,CAMERA
20240921_210416.heic,/storage/emulated/0/DCIM/Camera/20240921_210416.heic,2266422,heic,1726949056000,CAMERA
20240921_210401.heic,/storage/emulated/0/DCIM/Camera/20240921_210401.heic,2477579,heic,1726949041000,CAMERA
20240921_210351.heic,/storage/emulated/0/DCIM/Camera/20240921_210351.heic,2488581,heic,1726949031000,CAMERA
20240921_210322.heic,/storage/emulated/0/DCIM/Camera/20240921_210322.heic,2800450,heic,1726949002000,CAMERA
20240921_210230.heic,/storage/emulated/0/DCIM/Camera/20240921_210230.heic,1839996,heic,1726948950000,CAMERA
lv_7400456066984594744_20240920215616.mp4,/storage/emulated/0/DCIM/Camera/lv_7400456066984594744_20240920215616.mp4,15414170,mp4,1726865784000,CAMERA
20240920_191005.heic,/storage/emulated/0/DCIM/Camera/20240920_191005.heic,1022909,heic,1726855807000,CAMERA
20240920_190948.heic,/storage/emulated/0/DCIM/Camera/20240920_190948.heic,1069734,heic,1726855791000,CAMERA
20240920_190947.heic,/storage/emulated/0/DCIM/Camera/20240920_190947.heic,1055283,heic,1726855789000,CAMERA
20240920_190917.heic,/storage/emulated/0/DCIM/Camera/20240920_190917.heic,1384235,heic,1726855760000,CAMERA
20240920_112933.mp4,/storage/emulated/0/DCIM/Camera/20240920_112933.mp4,12954229,mp4,1726828184000,CAMERA
20240919_115532.heic,/storage/emulated/0/DCIM/Camera/20240919_115532.heic,1130186,heic,1726743332000,CAMERA
20240919_115530.heic,/storage/emulated/0/DCIM/Camera/20240919_115530.heic,1151613,heic,1726743330000,CAMERA
20240919_115524.heic,/storage/emulated/0/DCIM/Camera/20240919_115524.heic,28430,heic,1726743324000,CAMERA
lv_0_20240917215225.mp4,/storage/emulated/0/DCIM/Camera/lv_0_20240917215225.mp4,61550585,mp4,1726606367000,CAMERA
20240916_182816.mp4,/storage/emulated/0/DCIM/Camera/20240916_182816.mp4,23954581,mp4,1726507716000,CAMERA
20240916_182807.mp4,/storage/emulated/0/DCIM/Camera/20240916_182807.mp4,6793407,mp4,1726507694000,CAMERA
20240916_182755.mp4,/storage/emulated/0/DCIM/Camera/20240916_182755.mp4,9576646,mp4,1726507684000,CAMERA
20240916_182748.mp4,/storage/emulated/0/DCIM/Camera/20240916_182748.mp4,5984543,mp4,1726507674000,CAMERA
20240916_182720.mp4,/storage/emulated/0/DCIM/Camera/20240916_182720.mp4,11803378,mp4,1726507651000,CAMERA
20240916_120959.jpg,/storage/emulated/0/DCIM/Camera/20240916_120959.jpg,3024923,jpg,1726484999000,CAMERA
20240916_120935.heic,/storage/emulated/0/DCIM/Camera/20240916_120935.heic,2414661,heic,1726484976000,CAMERA
20240916_115302.mp4,/storage/emulated/0/DCIM/Camera/20240916_115302.mp4,1059678694,mp4,1726484821000,CAMERA
20240916_115254.mp4,/storage/emulated/0/DCIM/Camera/20240916_115254.mp4,2794132,mp4,1726483978000,CAMERA
20240915_200154.mp4,/storage/emulated/0/DCIM/Camera/20240915_200154.mp4,99272331,mp4,1726426992000,CAMERA
20240915_200140.heic,/storage/emulated/0/DCIM/Camera/20240915_200140.heic,724610,heic,1726426903000,CAMERA
20240915_141458.mp4,/storage/emulated/0/DCIM/Camera/20240915_141458.mp4,199865536,mp4,1726406259000,CAMERA
20240915_135956.mp4,/storage/emulated/0/DCIM/Camera/20240915_135956.mp4,31078643,mp4,1726405221000,CAMERA
lv_0_20240914224029.mp4,/storage/emulated/0/DCIM/Camera/lv_0_20240914224029.mp4,247808299,mp4,1726350172000,CAMERA
20240914_213621.heic,/storage/emulated/0/DCIM/Camera/20240914_213621.heic,913695,heic,1726346183000,CAMERA
20240914_213457.heic,/storage/emulated/0/DCIM/Camera/20240914_213457.heic,414054,heic,1726346099000,CAMERA
20240914_181031.mp4,/storage/emulated/0/DCIM/Camera/20240914_181031.mp4,9851640,mp4,1726333840000,CAMERA
20240914_180959.mp4,/storage/emulated/0/DCIM/Camera/20240914_180959.mp4,27631113,mp4,1726333822000,CAMERA
20240914_180953.mp4,/storage/emulated/0/DCIM/Camera/20240914_180953.mp4,4907359,mp4,1726333798000,CAMERA
20240914_180939.mp4,/storage/emulated/0/DCIM/Camera/20240914_180939.mp4,10010814,mp4,1726333788000,CAMERA
20240914_180809.mp4,/storage/emulated/0/DCIM/Camera/20240914_180809.mp4,50029146,mp4,1726333729000,CAMERA
20240914_180658.mp4,/storage/emulated/0/DCIM/Camera/20240914_180658.mp4,7166350,mp4,1726333624000,CAMERA
lv_0_20240914001902.mp4,/storage/emulated/0/DCIM/Camera/lv_0_20240914001902.mp4,61405115,mp4,1726269576000,CAMERA
20240913_194147.mp4,/storage/emulated/0/DCIM/Camera/20240913_194147.mp4,15794352,mp4,1726252921000,CAMERA
20240913_194116.mp4,/storage/emulated/0/DCIM/Camera/20240913_194116.mp4,16648105,mp4,1726252890000,CAMERA
20240913_194110.mp4,/storage/emulated/0/DCIM/Camera/20240913_194110.mp4,5056105,mp4,1726252875000,CAMERA
20240913_194044.mp4,/storage/emulated/0/DCIM/Camera/20240913_194044.mp4,24094390,mp4,1726252864000,CAMERA
20240913_194020.mp4,/storage/emulated/0/DCIM/Camera/20240913_194020.mp4,14599722,mp4,1726252832000,CAMERA
20240913_193959.mp4,/storage/emulated/0/DCIM/Camera/20240913_193959.mp4,7097044,mp4,1726252805000,CAMERA
20240913_193937.mp4,/storage/emulated/0/DCIM/Camera/20240913_193937.mp4,19054417,mp4,1726252793000,CAMERA
20240913_193913.mp4,/storage/emulated/0/DCIM/Camera/20240913_193913.mp4,13836425,mp4,1726252765000,CAMERA
20240913_193852.mp4,/storage/emulated/0/DCIM/Camera/20240913_193852.mp4,16313214,mp4,1726252746000,CAMERA
20240913_193812.mp4,/storage/emulated/0/DCIM/Camera/20240913_193812.mp4,3553965,mp4,1726252696000,CAMERA
20240913_193803.mp4,/storage/emulated/0/DCIM/Camera/20240913_193803.mp4,5316840,mp4,1726252688000,CAMERA
20240913_193754.mp4,/storage/emulated/0/DCIM/Camera/20240913_193754.mp4,3346980,mp4,1726252678000,CAMERA
20240913_192436.mp4,/storage/emulated/0/DCIM/Camera/20240913_192436.mp4,36223146,mp4,1726251905000,CAMERA
20240913_192431.mp4,/storage/emulated/0/DCIM/Camera/20240913_192431.mp4,2382287,mp4,1726251874000,CAMERA
20240913_192400.mp4,/storage/emulated/0/DCIM/Camera/20240913_192400.mp4,34167481,mp4,1726251868000,CAMERA
20240913_192351.mp4,/storage/emulated/0/DCIM/Camera/20240913_192351.mp4,2105576,mp4,1726251834000,CAMERA
20240913_192337.mp4,/storage/emulated/0/DCIM/Camera/20240913_192337.mp4,13178452,mp4,1726251828000,CAMERA
20240913_192228.mp4,/storage/emulated/0/DCIM/Camera/20240913_192228.mp4,51146231,mp4,1726251789000,CAMERA
20240913_192219.mp4,/storage/emulated/0/DCIM/Camera/20240913_192219.mp4,4341241,mp4,1726251744000,CAMERA
lv_0_20240913120159.mp4,/storage/emulated/0/DCIM/Camera/lv_0_20240913120159.mp4,24300102,mp4,1726225335000,CAMERA
20240913_114354.mp4,/storage/emulated/0/DCIM/Camera/20240913_114354.mp4,30332012,mp4,1726224259000,CAMERA
20240913_114327.mp4,/storage/emulated/0/DCIM/Camera/20240913_114327.mp4,27001614,mp4,1726224230000,CAMERA
20240913_114241.mp4,/storage/emulated/0/DCIM/Camera/20240913_114241.mp4,13710128,mp4,1726224173000,CAMERA
20240913_114145.mp4,/storage/emulated/0/DCIM/Camera/20240913_114145.mp4,32589370,mp4,1726224131000,CAMERA
20240913_114126.mp4,/storage/emulated/0/DCIM/Camera/20240913_114126.mp4,13126180,mp4,1726224097000,CAMERA
20240913_114118.mp4,/storage/emulated/0/DCIM/Camera/20240913_114118.mp4,2263883,mp4,1726224081000,CAMERA
20240913_114051.mp4,/storage/emulated/0/DCIM/Camera/20240913_114051.mp4,13293926,mp4,1726224063000,CAMERA
20240913_113919.mp4,/storage/emulated/0/DCIM/Camera/20240913_113919.mp4,24464695,mp4,1726223979000,CAMERA
20240913_113849.mp4,/storage/emulated/0/DCIM/Camera/20240913_113849.mp4,27136969,mp4,1726223952000,CAMERA
20240913_113840.mp4,/storage/emulated/0/DCIM/Camera/20240913_113840.mp4,2458783,mp4,1726223923000,CAMERA
20240913_104848.heic,/storage/emulated/0/DCIM/Camera/20240913_104848.heic,982736,heic,1726220929000,CAMERA
20240913_095709.mp4,/storage/emulated/0/DCIM/Camera/20240913_095709.mp4,61083748,mp4,1726217878000,CAMERA
20240913_090726.heic,/storage/emulated/0/DCIM/Camera/20240913_090726.heic,1162572,heic,1726214846000,CAMERA
20240913_090724.heic,/storage/emulated/0/DCIM/Camera/20240913_090724.heic,1052413,heic,1726214844000,CAMERA
20240912_214417.heic,/storage/emulated/0/DCIM/Camera/20240912_214417.heic,469269,heic,1726173860000,CAMERA
20240912_211809.heic,/storage/emulated/0/DCIM/Camera/20240912_211809.heic,2065641,heic,1726172292000,CAMERA
20240912_152729.mp4,/storage/emulated/0/DCIM/Camera/20240912_152729.mp4,27989085,mp4,1726151272000,CAMERA
20240912_152632.heic,/storage/emulated/0/DCIM/Camera/20240912_152632.heic,1481499,heic,1726151195000,CAMERA
20240912_152421.heic,/storage/emulated/0/DCIM/Camera/20240912_152421.heic,425119,heic,1726151063000,CAMERA
20240912_152344.heic,/storage/emulated/0/DCIM/Camera/20240912_152344.heic,832030,heic,1726151026000,CAMERA
20240911_210254.heic,/storage/emulated/0/DCIM/Camera/20240911_210254.heic,1307270,heic,1726084976000,CAMERA
20240911_210224.heic,/storage/emulated/0/DCIM/Camera/20240911_210224.heic,1471281,heic,1726084944000,CAMERA
20240911_210210.heic,/storage/emulated/0/DCIM/Camera/20240911_210210.heic,1841338,heic,1726084930000,CAMERA
lv_0_20240911123317_001.mp4,/storage/emulated/0/DCIM/Camera/lv_0_20240911123317_001.mp4,22520472,mp4,1726054500000,CAMERA
20240911_121500.mp4,/storage/emulated/0/DCIM/Camera/20240911_121500.mp4,54643394,mp4,1726053344000,CAMERA
20240911_121352.mp4,/storage/emulated/0/DCIM/Camera/20240911_121352.mp4,4176361,mp4,1726053236000,CAMERA
20240911_121257.mp4,/storage/emulated/0/DCIM/Camera/20240911_121257.mp4,64817262,mp4,1726053229000,CAMERA
20240911_120422.mp4,/storage/emulated/0/DCIM/Camera/20240911_120422.mp4,26496937,mp4,1726052683000,CAMERA
20240911_091529.mp4,/storage/emulated/0/DCIM/Camera/20240911_091529.mp4,65578506,mp4,1726042538000,CAMERA
20240910_212901.heic,/storage/emulated/0/DCIM/Camera/20240910_212901.heic,1903209,heic,1726000147000,CAMERA
20240910_171528.jpg,/storage/emulated/0/DCIM/Camera/20240910_171528.jpg,4650239,jpg,1725984928000,CAMERA
20240910_171502.jpg,/storage/emulated/0/DCIM/Camera/20240910_171502.jpg,4951965,jpg,1725984902000,CAMERA
20240910_164719.jpg,/storage/emulated/0/DCIM/Camera/20240910_164719.jpg,1245264,jpg,1725983240000,CAMERA
20240910_100957.jpg,/storage/emulated/0/DCIM/Camera/20240910_100957.jpg,4574996,jpg,1725959397000,CAMERA
lv_0_20240910044531.mp4,/storage/emulated/0/DCIM/Camera/lv_0_20240910044531.mp4,45029730,mp4,1725939951000,CAMERA
lv_0_20240910000119.mp4,/storage/emulated/0/DCIM/Camera/lv_0_20240910000119.mp4,13103905,mp4,1725922889000,CAMERA
20240909_160834.mp4,/storage/emulated/0/DCIM/Camera/20240909_160834.mp4,4341626,mp4,1725894518000,CAMERA
20240909_093201.mp4,/storage/emulated/0/DCIM/Camera/20240909_093201.mp4,8293493,mp4,1725870728000,CAMERA
20240909_093152.jpg,/storage/emulated/0/DCIM/Camera/20240909_093152.jpg,6207856,jpg,1725870713000,CAMERA
20240909_084317.jpg,/storage/emulated/0/DCIM/Camera/20240909_084317.jpg,5151704,jpg,1725867797000,CAMERA
20240909_084314.jpg,/storage/emulated/0/DCIM/Camera/20240909_084314.jpg,5439623,jpg,1725867794000,CAMERA
20240909_083750.jpg,/storage/emulated/0/DCIM/Camera/20240909_083750.jpg,4552138,jpg,1725867470000,CAMERA
20240909_083740.jpg,/storage/emulated/0/DCIM/Camera/20240909_083740.jpg,4711557,jpg,1725867460000,CAMERA
20240830_220811.jpg,/storage/emulated/0/DCIM/Camera/20240830_220811.jpg,1685872,jpg,1725052094000,CAMERA
20240830_220732.jpg,/storage/emulated/0/DCIM/Camera/20240830_220732.jpg,3450046,jpg,1725052053000,CAMERA
20240830_220724.jpg,/storage/emulated/0/DCIM/Camera/20240830_220724.jpg,2384140,jpg,1725052045000,CAMERA
20240830_220721.jpg,/storage/emulated/0/DCIM/Camera/20240830_220721.jpg,2362984,jpg,1725052042000,CAMERA
20240830_220719.jpg,/storage/emulated/0/DCIM/Camera/20240830_220719.jpg,2361955,jpg,1725052041000,CAMERA
